#include "lvgl.h"

const uint8_t icon_weather_map[] = {
    0x00, 0x00, 0x00, 0x00, 0x00, 0x00, 0x00, 0x00, 0x00, 0x00, 0x00, 0x00, 0x00, 0x00, 0x00, 0x00,
    0x00, 0x00, 0x00, 0x00, 0x00, 0x00, 0x00, 0x00, 0x00, 0x00, 0x00, 0x00, 0x00, 0x00, 0x00, 0x00,
    0x10, 0x2e, 0x4c, 0x80, 0x17, 0x45, 0x71, 0xbf, 0x1f, 0x5c, 0x97, 0xff, 0x1f, 0x5c, 0x97, 0xff,
    0x1f, 0x5c, 0x97, 0xff, 0x1f, 0x5c, 0x97, 0xff, 0x1f, 0x5c, 0x97, 0xff, 0x1f, 0x5c, 0x97, 0xff,
    0x1f, 0x5c, 0x97, 0xff, 0x1f, 0x5c, 0x97, 0xff, 0x1f, 0x5c, 0x97, 0xff, 0x1f, 0x5c, 0x97, 0xff,
    0x1f, 0x5c, 0x97, 0xff, 0x1f, 0x5c, 0x97, 0xff, 0x1f, 0x5c, 0x97, 0xff, 0x1f, 0x5c, 0x97, 0xff,
    0x1f, 0x5c, 0x97, 0xff, 0x1f, 0x5c, 0x97, 0xff, 0x1f, 0x5c, 0x97, 0xff, 0x1f, 0x5c, 0x97, 0xff,
    0x1f, 0x5c, 0x97, 0xff, 0x1f, 0x5c, 0x97, 0xff, 0x1f, 0x5c, 0x97, 0xff, 0x1f, 0x5c, 0x97, 0xff,
    0x1f, 0x5c, 0x97, 0xff, 0x1f, 0x5c, 0x97, 0xff, 0x1f, 0x5c, 0x97, 0xff, 0x1f, 0x5c, 0x97, 0xff,
    0x1f, 0x5c, 0x97, 0xff, 0x1f, 0x5c, 0x97, 0xff, 0x1f, 0x5c, 0x97, 0xff, 0x1f, 0x5c, 0x97, 0xff,
    0x1f, 0x5c, 0x97, 0xff, 0x1f, 0x5c, 0x97, 0xff, 0x1f, 0x5c, 0x97, 0xff, 0x1f, 0x5c, 0x97, 0xff,
    0x1f, 0x5c, 0x97, 0xff, 0x1f, 0x5c, 0x97, 0xff, 0x1f, 0x5c, 0x97, 0xff, 0x1f, 0x5c, 0x97, 0xff,
    0x1f, 0x5c, 0x97, 0xff, 0x1f, 0x5c, 0x97, 0xff, 0x1f, 0x5c, 0x97, 0xff, 0x1f, 0x5c, 0x97, 0xff,
    0x1f, 0x5c, 0x97, 0xff, 0x1f, 0x5c, 0x97, 0xff, 0x17, 0x45, 0x71, 0xbf, 0x10, 0x2e, 0x4c, 0x80,
    0x00, 0x00, 0x00, 0x00, 0x00, 0x00, 0x00, 0x00, 0x00, 0x00, 0x00, 0x00, 0x00, 0x00, 0x00, 0x00,
    0x00, 0x00, 0x00, 0x00, 0x00, 0x00, 0x00, 0x00, 0x00, 0x00, 0x00, 0x00, 0x00, 0x00, 0x00, 0x00,
    0x00, 0x00, 0x00, 0x00, 0x00, 0x00, 0x00, 0x00, 0x00, 0x00, 0x00, 0x00, 0x00, 0x00, 0x00, 0x00,
    0x00, 0x00, 0x00, 0x00, 0x00, 0x00, 0x00, 0x00, 0x17, 0x45, 0x71, 0xbf, 0x1f, 0x5c, 0x97, 0xff,
    0x1f, 0x5c, 0x97, 0xff, 0x1f, 0x5c, 0x97, 0xff, 0x1f, 0x5c, 0x97, 0xff, 0x1f, 0x5c, 0x97, 0xff,
    0x1f, 0x5c, 0x97, 0xff, 0x1f, 0x5c, 0x97, 0xff, 0x1f, 0x5c, 0x97, 0xff, 0x1f, 0x5c, 0x97, 0xff,
    0x1f, 0x5c, 0x97, 0xff, 0x1f, 0x5c, 0x97, 0xff, 0x1f, 0x5c, 0x97, 0xff, 0x1f, 0x5c, 0x97, 0xff,
    0x1f, 0x5c, 0x97, 0xff, 0x1f, 0x5c, 0x97, 0xff, 0x1f, 0x5c, 0x97, 0xff, 0x1f, 0x5c, 0x97, 0xff,
    0x1f, 0x5c, 0x97, 0xff, 0x1f, 0x5c, 0x97, 0xff, 0x1f, 0x5c, 0x97, 0xff, 0x1f, 0x5c, 0x97, 0xff,
    0x1f, 0x5c, 0x97, 0xff, 0x1f, 0x5c, 0x97, 0xff, 0x1f, 0x5c, 0x97, 0xff, 0x1f, 0x5c, 0x97, 0xff,
    0x1f, 0x5c, 0x97, 0xff, 0x1f, 0x5c, 0x97, 0xff, 0x1f, 0x5c, 0x97, 0xff, 0x1f, 0x5c, 0x97, 0xff,
    0x1f, 0x5c, 0x97, 0xff, 0x1f, 0x5c, 0x97, 0xff, 0x1f, 0x5c, 0x97, 0xff, 0x1f, 0x5c, 0x97, 0xff,
    0x1f, 0x5c, 0x97, 0xff, 0x1f, 0x5c, 0x97, 0xff, 0x1f, 0x5c, 0x97, 0xff, 0x1f, 0x5c, 0x97, 0xff,
    0x1f, 0x5c, 0x97, 0xff, 0x1f, 0x5c, 0x97, 0xff, 0x1f, 0x5c, 0x97, 0xff, 0x1f, 0x5c, 0x97, 0xff,
    0x1f, 0x5c, 0x97, 0xff, 0x1f, 0x5c, 0x97, 0xff, 0x1f, 0x5c, 0x97, 0xff, 0x1f, 0x5c, 0x97, 0xff,
    0x1f, 0x5c, 0x97, 0xff, 0x1f, 0x5c, 0x97, 0xff, 0x1f, 0x5c, 0x97, 0xff, 0x1f, 0x5c, 0x97, 0xff,
    0x1f, 0x5c, 0x97, 0xff, 0x17, 0x45, 0x71, 0xbf, 0x00, 0x00, 0x00, 0x00, 0x00, 0x00, 0x00, 0x00,
    0x00, 0x00, 0x00, 0x00, 0x00, 0x00, 0x00, 0x00, 0x00, 0x00, 0x00, 0x00, 0x00, 0x00, 0x00, 0x00,
    0x00, 0x00, 0x00, 0x00, 0x00, 0x00, 0x00, 0x00, 0x00, 0x00, 0x00, 0x00, 0x00, 0x00, 0x00, 0x00,
    0x08, 0x17, 0x26, 0x40, 0x1f, 0x5c, 0x97, 0xff, 0x1f, 0x5c, 0x97, 0xff, 0x1f, 0x5c, 0x97, 0xff,
    0x1f, 0x5c, 0x97, 0xff, 0x1f, 0x5c, 0x97, 0xff, 0x1f, 0x5c, 0x97, 0xff, 0x1f, 0x5c, 0x97, 0xff,
    0x1f, 0x5c, 0x97, 0xff, 0x1f, 0x5c, 0x97, 0xff, 0x1f, 0x5c, 0x97, 0xff, 0x1f, 0x5c, 0x97, 0xff,
    0x1f, 0x5c, 0x97, 0xff, 0x1f, 0x5c, 0x97, 0xff, 0x1f, 0x5c, 0x97, 0xff, 0x1f, 0x5c, 0x97, 0xff,
    0x1f, 0x5c, 0x97, 0xff, 0x1f, 0x5c, 0x97, 0xff, 0x1f, 0x5c, 0x97, 0xff, 0x1f, 0x5c, 0x97, 0xff,
    0x1f, 0x5c, 0x97, 0xff, 0x1f, 0x5c, 0x97, 0xff, 0x1f, 0x5c, 0x97, 0xff, 0x1f, 0x5c, 0x97, 0xff,
    0x1f, 0x5c, 0x97, 0xff, 0x1f, 0x5c, 0x97, 0xff, 0x1f, 0x5c, 0x97, 0xff, 0x1f, 0x5c, 0x97, 0xff,
    0x1f, 0x5c, 0x97, 0xff, 0x1f, 0x5c, 0x97, 0xff, 0x1f, 0x5c, 0x97, 0xff, 0x1f, 0x5c, 0x97, 0xff,
    0x1f, 0x5c, 0x97, 0xff, 0x1f, 0x5c, 0x97, 0xff, 0x1f, 0x5c, 0x97, 0xff, 0x1f, 0x5c, 0x97, 0xff,
    0x1f, 0x5c, 0x97, 0xff, 0x1f, 0x5c, 0x97, 0xff, 0x1f, 0x5c, 0x97, 0xff, 0x1f, 0x5c, 0x97, 0xff,
    0x1f, 0x5c, 0x97, 0xff, 0x1f, 0x5c, 0x97, 0xff, 0x1f, 0x5c, 0x97, 0xff, 0x1f, 0x5c, 0x97, 0xff,
    0x1f, 0x5c, 0x97, 0xff, 0x1f, 0x5c, 0x97, 0xff, 0x1f, 0x5c, 0x97, 0xff, 0x1f, 0x5c, 0x97, 0xff,
    0x1f, 0x5c, 0x97, 0xff, 0x1f, 0x5c, 0x97, 0xff, 0x1f, 0x5c, 0x97, 0xff, 0x1f, 0x5c, 0x97, 0xff,
    0x1f, 0x5c, 0x97, 0xff, 0x1f, 0x5c, 0x97, 0xff, 0x1f, 0x5c, 0x97, 0xff, 0x08, 0x17, 0x26, 0x40,
    0x00, 0x00, 0x00, 0x00, 0x00, 0x00, 0x00, 0x00, 0x00, 0x00, 0x00, 0x00, 0x00, 0x00, 0x00, 0x00,
    0x00, 0x00, 0x00, 0x00, 0x00, 0x00, 0x00, 0x00, 0x00, 0x00, 0x00, 0x00, 0x08, 0x17, 0x26, 0x40,
    0x1f, 0x5c, 0x97, 0xff, 0x1f, 0x5c, 0x97, 0xff, 0x1f, 0x5c, 0x97, 0xff, 0x1f, 0x5c, 0x97, 0xff,
    0x1f, 0x5c, 0x97, 0xff, 0x1f, 0x5c, 0x97, 0xff, 0x1f, 0x5c, 0x97, 0xff, 0x1f, 0x5c, 0x97, 0xff,
    0x1f, 0x5c, 0x97, 0xff, 0x1f, 0x5c, 0x97, 0xff, 0x1f, 0x5c, 0x97, 0xff, 0x1f, 0x5c, 0x97, 0xff,
    0x1f, 0x5c, 0x97, 0xff, 0x1f, 0x5c, 0x97, 0xff, 0x1f, 0x5c, 0x97, 0xff, 0x1f, 0x5c, 0x97, 0xff,
    0x1f, 0x5c, 0x97, 0xff, 0x1f, 0x5c, 0x97, 0xff, 0x1f, 0x5c, 0x97, 0xff, 0x1f, 0x5c, 0x97, 0xff,
    0x1f, 0x5c, 0x97, 0xff, 0x1f, 0x5c, 0x97, 0xff, 0x1f, 0x5c, 0x97, 0xff, 0x1f, 0x5c, 0x97, 0xff,
    0x1f, 0x5c, 0x97, 0xff, 0x1f, 0x5c, 0x97, 0xff, 0x1f, 0x5c, 0x97, 0xff, 0x1f, 0x5c, 0x97, 0xff,
    0x1f, 0x5c, 0x97, 0xff, 0x1f, 0x5c, 0x97, 0xff, 0x1f, 0x5c, 0x97, 0xff, 0x1f, 0x5c, 0x97, 0xff,
    0x1f, 0x5c, 0x97, 0xff, 0x1f, 0x5c, 0x97, 0xff, 0x1f, 0x5c, 0x97, 0xff, 0x1f, 0x5c, 0x97, 0xff,
    0x1f, 0x5c, 0x97, 0xff, 0x1f, 0x5c, 0x97, 0xff, 0x1f, 0x5c, 0x97, 0xff, 0x1f, 0x5c, 0x97, 0xff,
    0x1f, 0x5c, 0x97, 0xff, 0x1f, 0x5c, 0x97, 0xff, 0x1f, 0x5c, 0x97, 0xff, 0x1f, 0x5c, 0x97, 0xff,
    0x1f, 0x5c, 0x97, 0xff, 0x1f, 0x5c, 0x97, 0xff, 0x1f, 0x5c, 0x97, 0xff, 0x1f, 0x5c, 0x97, 0xff,
    0x1f, 0x5c, 0x97, 0xff, 0x1f, 0x5c, 0x97, 0xff, 0x1f, 0x5c, 0x97, 0xff, 0x1f, 0x5c, 0x97, 0xff,
    0x1f, 0x5c, 0x97, 0xff, 0x1f, 0x5c, 0x97, 0xff, 0x1f, 0x5c, 0x97, 0xff, 0x1f, 0x5c, 0x97, 0xff,
    0x08, 0x17, 0x26, 0x40, 0x00, 0x00, 0x00, 0x00, 0x00, 0x00, 0x00, 0x00, 0x00, 0x00, 0x00, 0x00,
    0x00, 0x00, 0x00, 0x00, 0x00, 0x00, 0x00, 0x00, 0x08, 0x17, 0x26, 0x40, 0x1f, 0x5c, 0x97, 0xff,
    0x1f, 0x5c, 0x97, 0xff, 0x1f, 0x5c, 0x97, 0xff, 0x1f, 0x5c, 0x97, 0xff, 0x1f, 0x5c, 0x97, 0xff,
    0x1f, 0x5c, 0x97, 0xff, 0x1f, 0x5c, 0x97, 0xff, 0x1f, 0x5c, 0x97, 0xff, 0x1f, 0x5c, 0x97, 0xff,
    0x1f, 0x5c, 0x97, 0xff, 0x1f, 0x5c, 0x97, 0xff, 0x1f, 0x5c, 0x97, 0xff, 0x1f, 0x5c, 0x97, 0xff,
    0x1f, 0x5c, 0x97, 0xff, 0x1f, 0x5c, 0x97, 0xff, 0x1f, 0x5c, 0x97, 0xff, 0x1f, 0x5c, 0x97, 0xff,
    0x1f, 0x5c, 0x97, 0xff, 0x1f, 0x5c, 0x97, 0xff, 0x1f, 0x5c, 0x97, 0xff, 0x1f, 0x5c, 0x97, 0xff,
    0x1f, 0x5c, 0x97, 0xff, 0x1f, 0x5c, 0x97, 0xff, 0x1f, 0x5c, 0x97, 0xff, 0x1f, 0x5c, 0x97, 0xff,
    0x1f, 0x5c, 0x97, 0xff, 0x1f, 0x5c, 0x97, 0xff, 0x1f, 0x5c, 0x97, 0xff, 0x1f, 0x5c, 0x97, 0xff,
    0x1f, 0x5c, 0x97, 0xff, 0x1f, 0x5c, 0x97, 0xff, 0x1f, 0x5c, 0x97, 0xff, 0x1f, 0x5c, 0x97, 0xff,
    0x1f, 0x5c, 0x97, 0xff, 0x1f, 0x5c, 0x97, 0xff, 0x1f, 0x5c, 0x97, 0xff, 0x1f, 0x5c, 0x97, 0xff,
    0x1f, 0x5c, 0x97, 0xff, 0x1f, 0x5c, 0x97, 0xff, 0x1f, 0x5c, 0x97, 0xff, 0x1f, 0x5c, 0x97, 0xff,
    0x1f, 0x5c, 0x97, 0xff, 0x1f, 0x5c, 0x97, 0xff, 0x1f, 0x5c, 0x97, 0xff, 0x1f, 0x5c, 0x97, 0xff,
    0x1f, 0x5c, 0x97, 0xff, 0x1f, 0x5c, 0x97, 0xff, 0x1f, 0x5c, 0x97, 0xff, 0x1f, 0x5c, 0x97, 0xff,
    0x1f, 0x5c, 0x97, 0xff, 0x1f, 0x5c, 0x97, 0xff, 0x1f, 0x5c, 0x97, 0xff, 0x1f, 0x5c, 0x97, 0xff,
    0x1f, 0x5c, 0x97, 0xff, 0x1f, 0x5c, 0x97, 0xff, 0x1f, 0x5c, 0x97, 0xff, 0x1f, 0x5c, 0x97, 0xff,
    0x1f, 0x5c, 0x97, 0xff, 0x08, 0x17, 0x26, 0x40, 0x00, 0x00, 0x00, 0x00, 0x00, 0x00, 0x00, 0x00,
    0x00, 0x00, 0x00, 0x00, 0x00, 0x00, 0x00, 0x00, 0x1f, 0x5c, 0x97, 0xff, 0x1f, 0x5c, 0x97, 0xff,
    0x1f, 0x5c, 0x97, 0xff, 0x1f, 0x5c, 0x97, 0xff, 0x1f, 0x5c, 0x97, 0xff, 0x1f, 0x5c, 0x97, 0xff,
    0x1f, 0x5c, 0x97, 0xff, 0x1f, 0x5c, 0x97, 0xff, 0x1f, 0x5c, 0x97, 0xff, 0x1f, 0x5c, 0x97, 0xff,
    0x1f, 0x5c, 0x97, 0xff, 0x1f, 0x5c, 0x97, 0xff, 0x1f, 0x5c, 0x97, 0xff, 0x1f, 0x5c, 0x97, 0xff,
    0x1f, 0x5c, 0x97, 0xff, 0x1f, 0x5c, 0x97, 0xff, 0x1f, 0x5c, 0x97, 0xff, 0x1f, 0x5c, 0x97, 0xff,
    0x1f, 0x5c, 0x97, 0xff, 0x1f, 0x5c, 0x97, 0xff, 0x1f, 0x5c, 0x97, 0xff, 0x1f, 0x5c, 0x97, 0xff,
    0x1f, 0x5c, 0x97, 0xff, 0x1f, 0x5c, 0x97, 0xff, 0x1f, 0x5c, 0x97, 0xff, 0x1f, 0x5c, 0x97, 0xff,
    0x1f, 0x5c, 0x97, 0xff, 0x1f, 0x5c, 0x97, 0xff, 0x1f, 0x5c, 0x97, 0xff, 0x1f, 0x5c, 0x97, 0xff,
    0x1f, 0x5c, 0x97, 0xff, 0x1f, 0x5c, 0x97, 0xff, 0x1f, 0x5c, 0x97, 0xff, 0x1f, 0x5c, 0x97, 0xff,
    0x1f, 0x5c, 0x97, 0xff, 0x1f, 0x5c, 0x97, 0xff, 0x1f, 0x5c, 0x97, 0xff, 0x1f, 0x5c, 0x97, 0xff,
    0x1f, 0x5c, 0x97, 0xff, 0x1f, 0x5c, 0x97, 0xff, 0x1f, 0x5c, 0x97, 0xff, 0x1f, 0x5c, 0x97, 0xff,
    0x1f, 0x5c, 0x97, 0xff, 0x1f, 0x5c, 0x97, 0xff, 0x1f, 0x5c, 0x97, 0xff, 0x1f, 0x5c, 0x97, 0xff,
    0x1f, 0x5c, 0x97, 0xff, 0x1f, 0x5c, 0x97, 0xff, 0x1f, 0x5c, 0x97, 0xff, 0x1f, 0x5c, 0x97, 0xff,
    0x1f, 0x5c, 0x97, 0xff, 0x1f, 0x5c, 0x97, 0xff, 0x1f, 0x5c, 0x97, 0xff, 0x1f, 0x5c, 0x97, 0xff,
    0x1f, 0x5c, 0x97, 0xff, 0x1f, 0x5c, 0x97, 0xff, 0x1f, 0x5c, 0x97, 0xff, 0x1f, 0x5c, 0x97, 0xff,
    0x1f, 0x5c, 0x97, 0xff, 0x1f, 0x5c, 0x97, 0xff, 0x00, 0x00, 0x00, 0x00, 0x00, 0x00, 0x00, 0x00,
    0x00, 0x00, 0x00, 0x00, 0x17, 0x45, 0x71, 0xbf, 0x1f, 0x5c, 0x97, 0xff, 0x1f, 0x5c, 0x97, 0xff,
    0x1f, 0x5c, 0x97, 0xff, 0x1f, 0x5c, 0x97, 0xff, 0x1f, 0x5c, 0x97, 0xff, 0x1f, 0x5c, 0x97, 0xff,
    0x1f, 0x5c, 0x97, 0xff, 0x1f, 0x5c, 0x97, 0xff, 0x1f, 0x5c, 0x97, 0xff, 0x1f, 0x5c, 0x97, 0xff,
    0x1f, 0x5c, 0x97, 0xff, 0x1f, 0x5c, 0x97, 0xff, 0x1f, 0x5c, 0x97, 0xff, 0x1f, 0x5c, 0x97, 0xff,
    0x1f, 0x5c, 0x97, 0xff, 0x1f, 0x5c, 0x97, 0xff, 0x1f, 0x5c, 0x97, 0xff, 0x1f, 0x5c, 0x97, 0xff,
    0x1f, 0x5c, 0x97, 0xff, 0x1f, 0x5c, 0x97, 0xff, 0x1f, 0x5c, 0x97, 0xff, 0x1f, 0x5c, 0x97, 0xff,
    0x1f, 0x5c, 0x97, 0xff, 0x1f, 0x5c, 0x97, 0xff, 0x1f, 0x5c, 0x97, 0xff, 0x1f, 0x5c, 0x97, 0xff,
    0x1f, 0x5c, 0x97, 0xff, 0x1f, 0x5c, 0x97, 0xff, 0x1f, 0x5c, 0x97, 0xff, 0x1f, 0x5c, 0x97, 0xff,
    0x1f, 0x5c, 0x97, 0xff, 0x1f, 0x5c, 0x97, 0xff, 0x1f, 0x5c, 0x97, 0xff, 0x1f, 0x5c, 0x97, 0xff,
    0x1f, 0x5c, 0x97, 0xff, 0x1f, 0x5c, 0x97, 0xff, 0x1f, 0x5c, 0x97, 0xff, 0x1f, 0x5c, 0x97, 0xff,
    0x1f, 0x5c, 0x97, 0xff, 0x1f, 0x5c, 0x97, 0xff, 0x1f, 0x5c, 0x97, 0xff, 0x1f, 0x5c, 0x97, 0xff,
    0x1f, 0x5c, 0x97, 0xff, 0x1f, 0x5c, 0x97, 0xff, 0x1f, 0x5c, 0x97, 0xff, 0x1f, 0x5c, 0x97, 0xff,
    0x1f, 0x5c, 0x97, 0xff, 0x1f, 0x5c, 0x97, 0xff, 0x1f, 0x5c, 0x97, 0xff, 0x1f, 0x5c, 0x97, 0xff,
    0x1f, 0x5c, 0x97, 0xff, 0x1f, 0x5c, 0x97, 0xff, 0x1f, 0x5c, 0x97, 0xff, 0x1f, 0x5c, 0x97, 0xff,
    0x1f, 0x5c, 0x97, 0xff, 0x1f, 0x5c, 0x97, 0xff, 0x1f, 0x5c, 0x97, 0xff, 0x1f, 0x5c, 0x97, 0xff,
    0x1f, 0x5c, 0x97, 0xff, 0x1f, 0x5c, 0x97, 0xff, 0x17, 0x45, 0x71, 0xbf, 0x00, 0x00, 0x00, 0x00,
    0x00, 0x00, 0x00, 0x00, 0x1f, 0x5c, 0x97, 0xff, 0x1f, 0x5c, 0x97, 0xff, 0x1f, 0x5c, 0x97, 0xff,
    0x1f, 0x5c, 0x97, 0xff, 0x1f, 0x5c, 0x97, 0xff, 0x1f, 0x5c, 0x97, 0xff, 0x1f, 0x5c, 0x97, 0xff,
    0x1f, 0x5c, 0x97, 0xff, 0x1f, 0x5c, 0x97, 0xff, 0x1f, 0x5c, 0x97, 0xff, 0x1f, 0x5c, 0x97, 0xff,
    0x1f, 0x5c, 0x97, 0xff, 0x1f, 0x5c, 0x97, 0xff, 0x1f, 0x5c, 0x97, 0xff, 0x1f, 0x5c, 0x97, 0xff,
    0x1f, 0x5c, 0x97, 0xff, 0x1f, 0x5c, 0x97, 0xff, 0x1f, 0x5c, 0x97, 0xff, 0x1f, 0x5c, 0x97, 0xff,
    0x1f, 0x5c, 0x97, 0xff, 0x1f, 0x5c, 0x97, 0xff, 0x1f, 0x5c, 0x97, 0xff, 0x1f, 0x5c, 0x97, 0xff,
    0x1f, 0x5c, 0x97, 0xff, 0x1f, 0x5c, 0x97, 0xff, 0x1f, 0x5c, 0x97, 0xff, 0x1f, 0x5c, 0x97, 0xff,
    0x1f, 0x5c, 0x97, 0xff, 0x1f, 0x5c, 0x97, 0xff, 0x1f, 0x5c, 0x97, 0xff, 0x1f, 0x5c, 0x97, 0xff,
    0x1f, 0x5c, 0x97, 0xff, 0x1f, 0x5c, 0x97, 0xff, 0x1f, 0x5c, 0x97, 0xff, 0x1f, 0x5c, 0x97, 0xff,
    0x1f, 0x5c, 0x97, 0xff, 0x1f, 0x5c, 0x97, 0xff, 0x1f, 0x5c, 0x97, 0xff, 0x1f, 0x5c, 0x97, 0xff,
    0x1f, 0x5c, 0x97, 0xff, 0x1f, 0x5c, 0x97, 0xff, 0x1f, 0x5c, 0x97, 0xff, 0x1f, 0x5c, 0x97, 0xff,
    0x1f, 0x5c, 0x97, 0xff, 0x1f, 0x5c, 0x97, 0xff, 0x1f, 0x5c, 0x97, 0xff, 0x1f, 0x5c, 0x97, 0xff,
    0x1f, 0x5c, 0x97, 0xff, 0x1f, 0x5c, 0x97, 0xff, 0x1f, 0x5c, 0x97, 0xff, 0x1f, 0x5c, 0x97, 0xff,
    0x1f, 0x5c, 0x97, 0xff, 0x1f, 0x5c, 0x97, 0xff, 0x1f, 0x5c, 0x97, 0xff, 0x1f, 0x5c, 0x97, 0xff,
    0x1f, 0x5c, 0x97, 0xff, 0x1f, 0x5c, 0x97, 0xff, 0x1f, 0x5c, 0x97, 0xff, 0x1f, 0x5c, 0x97, 0xff,
    0x1f, 0x5c, 0x97, 0xff, 0x1f, 0x5c, 0x97, 0xff, 0x1f, 0x5c, 0x97, 0xff, 0x00, 0x00, 0x00, 0x00,
    0x10, 0x2e, 0x4c, 0x80, 0x1f, 0x5c, 0x97, 0xff, 0x1f, 0x5c, 0x97, 0xff, 0x1f, 0x5c, 0x97, 0xff,
    0x1f, 0x5c, 0x97, 0xff, 0x1f, 0x5c, 0x97, 0xff, 0x1f, 0x5c, 0x97, 0xff, 0x1f, 0x5c, 0x97, 0xff,
    0x1f, 0x5c, 0x97, 0xff, 0x1f, 0x5c, 0x97, 0xff, 0x1f, 0x5c, 0x97, 0xff, 0x1f, 0x5c, 0x97, 0xff,
    0x1f, 0x5c, 0x97, 0xff, 0x1f, 0x5c, 0x97, 0xff, 0x1f, 0x5c, 0x97, 0xff, 0x1f, 0x5c, 0x97, 0xff,
    0x1f, 0x5c, 0x97, 0xff, 0x1f, 0x5c, 0x97, 0xff, 0x1f, 0x5c, 0x97, 0xff, 0x1f, 0x5c, 0x97, 0xff,
    0x1f, 0x5c, 0x97, 0xff, 0x1f, 0x5c, 0x97, 0xff, 0x1f, 0x5c, 0x97, 0xff, 0x1f, 0x5c, 0x97, 0xff,
    0x1f, 0x5c, 0x97, 0xff, 0x1f, 0x5c, 0x97, 0xff, 0x1f, 0x5c, 0x97, 0xff, 0x1f, 0x5c, 0x97, 0xff,
    0x1f, 0x5c, 0x97, 0xff, 0x1f, 0x5c, 0x97, 0xff, 0x1f, 0x5c, 0x97, 0xff, 0x1f, 0x5c, 0x97, 0xff,
    0x1f, 0x5c, 0x97, 0xff, 0x1f, 0x5c, 0x97, 0xff, 0x1f, 0x5c, 0x97, 0xff, 0x1f, 0x5c, 0x97, 0xff,
    0x1f, 0x5c, 0x97, 0xff, 0x1f, 0x5c, 0x97, 0xff, 0x1f, 0x5c, 0x97, 0xff, 0x1f, 0x5c, 0x97, 0xff,
    0x1f, 0x5c, 0x97, 0xff, 0x1f, 0x5c, 0x97, 0xff, 0x1f, 0x5c, 0x97, 0xff, 0x1f, 0x5c, 0x97, 0xff,
    0x1f, 0x5c, 0x97, 0xff, 0x1f, 0x5c, 0x97, 0xff, 0x1f, 0x5c, 0x97, 0xff, 0x1f, 0x5c, 0x97, 0xff,
    0x1f, 0x5c, 0x97, 0xff, 0x1f, 0x5c, 0x97, 0xff, 0x1f, 0x5c, 0x97, 0xff, 0x1f, 0x5c, 0x97, 0xff,
    0x1f, 0x5c, 0x97, 0xff, 0x1f, 0x5c, 0x97, 0xff, 0x1f, 0x5c, 0x97, 0xff, 0x1f, 0x5c, 0x97, 0xff,
    0x1f, 0x5c, 0x97, 0xff, 0x1f, 0x5c, 0x97, 0xff, 0x1f, 0x5c, 0x97, 0xff, 0x1f, 0x5c, 0x97, 0xff,
    0x1f, 0x5c, 0x97, 0xff, 0x1f, 0x5c, 0x97, 0xff, 0x1f, 0x5c, 0x97, 0xff, 0x10, 0x2e, 0x4c, 0x80,
    0x17, 0x45, 0x71, 0xbf, 0x1f, 0x5c, 0x97, 0xff, 0x1f, 0x5c, 0x97, 0xff, 0x1f, 0x5c, 0x97, 0xff,
    0x1f, 0x5c, 0x97, 0xff, 0x1f, 0x5c, 0x97, 0xff, 0x1f, 0x5c, 0x97, 0xff, 0x1f, 0x5c, 0x97, 0xff,
    0x1f, 0x5c, 0x97, 0xff, 0x1f, 0x5c, 0x97, 0xff, 0x1f, 0x5c, 0x97, 0xff, 0x1f, 0x5c, 0x97, 0xff,
    0x1f, 0x5c, 0x97, 0xff, 0x1f, 0x5c, 0x97, 0xff, 0x1f, 0x5c, 0x97, 0xff, 0x1f, 0x5c, 0x97, 0xff,
    0x1f, 0x5c, 0x97, 0xff, 0x1f, 0x5c, 0x97, 0xff, 0x1f, 0x5c, 0x97, 0xff, 0x1f, 0x5c, 0x97, 0xff,
    0x1f, 0x5c, 0x97, 0xff, 0x1f, 0x5c, 0x97, 0xff, 0x1f, 0x5c, 0x97, 0xff, 0x1f, 0x5c, 0x97, 0xff,
    0x1f, 0x5c, 0x97, 0xff, 0x1f, 0x5c, 0x97, 0xff, 0x1f, 0x5c, 0x97, 0xff, 0x1f, 0x5c, 0x97, 0xff,
    0x1f, 0x5c, 0x97, 0xff, 0x1f, 0x5c, 0x97, 0xff, 0x1f, 0x5c, 0x97, 0xff, 0x1f, 0x5c, 0x97, 0xff,
    0x1f, 0x5c, 0x97, 0xff, 0x1f, 0x5c, 0x97, 0xff, 0x1f, 0x5c, 0x97, 0xff, 0x1f, 0x5c, 0x97, 0xff,
    0x1f, 0x5c, 0x97, 0xff, 0x1f, 0x5c, 0x97, 0xff, 0x1f, 0x5c, 0x97, 0xff, 0x1f, 0x5c, 0x97, 0xff,
    0x1f, 0x5c, 0x97, 0xff, 0x1f, 0x5c, 0x97, 0xff, 0x1f, 0x5c, 0x97, 0xff, 0x1f, 0x5c, 0x97, 0xff,
    0x1f, 0x5c, 0x97, 0xff, 0x1f, 0x5c, 0x97, 0xff, 0x1f, 0x5c, 0x97, 0xff, 0x1f, 0x5c, 0x97, 0xff,
    0x1f, 0x5c, 0x97, 0xff, 0x1f, 0x5c, 0x97, 0xff, 0x1f, 0x5c, 0x97, 0xff, 0x1f, 0x5c, 0x97, 0xff,
    0x1f, 0x5c, 0x97, 0xff, 0x1f, 0x5c, 0x97, 0xff, 0x1f, 0x5c, 0x97, 0xff, 0x1f, 0x5c, 0x97, 0xff,
    0x1f, 0x5c, 0x97, 0xff, 0x1f, 0x5c, 0x97, 0xff, 0x1f, 0x5c, 0x97, 0xff, 0x1f, 0x5c, 0x97, 0xff,
    0x1f, 0x5c, 0x97, 0xff, 0x1f, 0x5c, 0x97, 0xff, 0x1f, 0x5c, 0x97, 0xff, 0x17, 0x45, 0x71, 0xbf,
    0x1f, 0x5c, 0x97, 0xff, 0x1f, 0x5c, 0x97, 0xff, 0x1f, 0x5c, 0x97, 0xff, 0x1f, 0x5c, 0x97, 0xff,
    0x1f, 0x5c, 0x97, 0xff, 0x1f, 0x5c, 0x97, 0xff, 0x1f, 0x5c, 0x97, 0xff, 0x1f, 0x5c, 0x97, 0xff,
    0x1f, 0x5c, 0x97, 0xff, 0x1f, 0x5c, 0x97, 0xff, 0x1f, 0x5c, 0x97, 0xff, 0x1f, 0x5c, 0x97, 0xff,
    0x1f, 0x5c, 0x97, 0xff, 0x1f, 0x5c, 0x97, 0xff, 0x1f, 0x5c, 0x97, 0xff, 0x1f, 0x5c, 0x97, 0xff,
    0x1f, 0x5c, 0x97, 0xff, 0x1f, 0x5c, 0x97, 0xff, 0x1f, 0x5c, 0x97, 0xff, 0x1f, 0x5c, 0x97, 0xff,
    0x1f, 0x5c, 0x97, 0xff, 0x1f, 0x5c, 0x97, 0xff, 0x1f, 0x5c, 0x97, 0xff, 0x1f, 0x5c, 0x97, 0xff,
    0x1f, 0x5c, 0x97, 0xff, 0x1f, 0x5c, 0x97, 0xff, 0x1f, 0x5c, 0x97, 0xff, 0x1f, 0x5c, 0x97, 0xff,
    0x1f, 0x5c, 0x97, 0xff, 0x1f, 0x5c, 0x97, 0xff, 0x1f, 0x5c, 0x97, 0xff, 0x1f, 0x5c, 0x97, 0xff,
    0x1f, 0x5c, 0x97, 0xff, 0x1f, 0x5c, 0x97, 0xff, 0x1f, 0x5c, 0x97, 0xff, 0x1f, 0x5c, 0x97, 0xff,
    0x1f, 0x5c, 0x97, 0xff, 0x1f, 0x5c, 0x97, 0xff, 0x1f, 0x5c, 0x97, 0xff, 0x1f, 0x5c, 0x97, 0xff,
    0x1f, 0x5c, 0x97, 0xff, 0x1f, 0x5c, 0x97, 0xff, 0x1f, 0x5c, 0x97, 0xff, 0x1f, 0x5c, 0x97, 0xff,
    0x1f, 0x5c, 0x97, 0xff, 0x1f, 0x5c, 0x97, 0xff, 0x1f, 0x5c, 0x97, 0xff, 0x1f, 0x5c, 0x97, 0xff,
    0x1f, 0x5c, 0x97, 0xff, 0x1f, 0x5c, 0x97, 0xff, 0x1f, 0x5c, 0x97, 0xff, 0x1f, 0x5c, 0x97, 0xff,
    0x1f, 0x5c, 0x97, 0xff, 0x1f, 0x5c, 0x97, 0xff, 0x1f, 0x5c, 0x97, 0xff, 0x1f, 0x5c, 0x97, 0xff,
    0x1f, 0x5c, 0x97, 0xff, 0x1f, 0x5c, 0x97, 0xff, 0x1f, 0x5c, 0x97, 0xff, 0x1f, 0x5c, 0x97, 0xff,
    0x1f, 0x5c, 0x97, 0xff, 0x1f, 0x5c, 0x97, 0xff, 0x1f, 0x5c, 0x97, 0xff, 0x1f, 0x5c, 0x97, 0xff,
    0x1f, 0x5c, 0x97, 0xff, 0x1f, 0x5c, 0x97, 0xff, 0x1f, 0x5c, 0x97, 0xff, 0x1f, 0x5c, 0x97, 0xff,
    0x1f, 0x5c, 0x97, 0xff, 0x1f, 0x5c, 0x97, 0xff, 0x1f, 0x5c, 0x97, 0xff, 0x1f, 0x5c, 0x97, 0xff,
    0x1f, 0x5c, 0x97, 0xff, 0x1f, 0x5c, 0x97, 0xff, 0x1f, 0x5c, 0x97, 0xff, 0x1f, 0x5c, 0x97, 0xff,
    0x1f, 0x5c, 0x97, 0xff, 0x1f, 0x5c, 0x97, 0xff, 0x1f, 0x5c, 0x97, 0xff, 0x1f, 0x5c, 0x97, 0xff,
    0x1f, 0x5c, 0x97, 0xff, 0x1f, 0x5c, 0x97, 0xff, 0x1f, 0x5c, 0x97, 0xff, 0x1f, 0x5c, 0x97, 0xff,
    0x1f, 0x5c, 0x97, 0xff, 0x1f, 0x5c, 0x97, 0xff, 0x1f, 0x5c, 0x97, 0xff, 0x1f, 0x5c, 0x97, 0xff,
    0x1f, 0x5c, 0x97, 0xff, 0x1f, 0x5c, 0x97, 0xff, 0x1f, 0x5c, 0x97, 0xff, 0x1f, 0x5c, 0x97, 0xff,
    0x1f, 0x5c, 0x97, 0xff, 0x1f, 0x5c, 0x97, 0xff, 0x1f, 0x5c, 0x97, 0xff, 0x1f, 0x5c, 0x97, 0xff,
    0x1f, 0x5c, 0x97, 0xff, 0x1f, 0x5c, 0x97, 0xff, 0x1f, 0x5c, 0x97, 0xff, 0x1f, 0x5c, 0x97, 0xff,
    0x1f, 0x5c, 0x97, 0xff, 0x8f, 0x93, 0x71, 0xff, 0xc7, 0xae, 0x5e, 0xff, 0xff, 0xca, 0x4b, 0xff,
    0xff, 0xca, 0x4b, 0xff, 0xff, 0xca, 0x4b, 0xff, 0xff, 0xca, 0x4b, 0xff, 0xc7, 0xae, 0x5e, 0xff,
    0x8f, 0x93, 0x71, 0xff, 0x1f, 0x5c, 0x97, 0xff, 0x1f, 0x5c, 0x97, 0xff, 0x1f, 0x5c, 0x97, 0xff,
    0x1f, 0x5c, 0x97, 0xff, 0x1f, 0x5c, 0x97, 0xff, 0x1f, 0x5c, 0x97, 0xff, 0x1f, 0x5c, 0x97, 0xff,
    0x1f, 0x5c, 0x97, 0xff, 0x1f, 0x5c, 0x97, 0xff, 0x1f, 0x5c, 0x97, 0xff, 0x1f, 0x5c, 0x97, 0xff,
    0x1f, 0x5c, 0x97, 0xff, 0x1f, 0x5c, 0x97, 0xff, 0x1f, 0x5c, 0x97, 0xff, 0x1f, 0x5c, 0x97, 0xff,
    0x1f, 0x5c, 0x97, 0xff, 0x1f, 0x5c, 0x97, 0xff, 0x1f, 0x5c, 0x97, 0xff, 0x1f, 0x5c, 0x97, 0xff,
    0x1f, 0x5c, 0x97, 0xff, 0x1f, 0x5c, 0x97, 0xff, 0x1f, 0x5c, 0x97, 0xff, 0x1f, 0x5c, 0x97, 0xff,
    0x1f, 0x5c, 0x97, 0xff, 0x1f, 0x5c, 0x97, 0xff, 0x1f, 0x5c, 0x97, 0xff, 0x1f, 0x5c, 0x97, 0xff,
    0x1f, 0x5c, 0x97, 0xff, 0x1f, 0x5c, 0x97, 0xff, 0x1f, 0x5c, 0x97, 0xff, 0x1f, 0x5c, 0x97, 0xff,
    0x1f, 0x5c, 0x97, 0xff, 0x1f, 0x5c, 0x97, 0xff, 0x1f, 0x5c, 0x97, 0xff, 0x1f, 0x5c, 0x97, 0xff,
    0x1f, 0x5c, 0x97, 0xff, 0x1f, 0x5c, 0x97, 0xff, 0x1f, 0x5c, 0x97, 0xff, 0x1f, 0x5c, 0x97, 0xff,
    0x1f, 0x5c, 0x97, 0xff, 0x1f, 0x5c, 0x97, 0xff, 0x1f, 0x5c, 0x97, 0xff, 0x1f, 0x5c, 0x97, 0xff,
    0x1f, 0x5c, 0x97, 0xff, 0x1f, 0x5c, 0x97, 0xff, 0x1f, 0x5c, 0x97, 0xff, 0x1f, 0x5c, 0x97, 0xff,
    0x1f, 0x5c, 0x97, 0xff, 0x1f, 0x5c, 0x97, 0xff, 0x1f, 0x5c, 0x97, 0xff, 0x1f, 0x5c, 0x97, 0xff,
    0x1f, 0x5c, 0x97, 0xff, 0x1f, 0x5c, 0x97, 0xff, 0x1f, 0x5c, 0x97, 0xff, 0xc7, 0xae, 0x5e, 0xff,
    0xff, 0xca, 0x4b, 0xff, 0xff, 0xca, 0x4b, 0xff, 0xff, 0xca, 0x4b, 0xff, 0xff, 0xca, 0x4b, 0xff,
    0xff, 0xca, 0x4b, 0xff, 0xff, 0xca, 0x4b, 0xff, 0xff, 0xca, 0x4b, 0xff, 0xff, 0xca, 0x4b, 0xff,
    0xff, 0xca, 0x4b, 0xff, 0xff, 0xca, 0x4b, 0xff, 0xc7, 0xae, 0x5e, 0xff, 0x1f, 0x5c, 0x97, 0xff,
    0x1f, 0x5c, 0x97, 0xff, 0x1f, 0x5c, 0x97, 0xff, 0x1f, 0x5c, 0x97, 0xff, 0x1f, 0x5c, 0x97, 0xff,
    0x1f, 0x5c, 0x97, 0xff, 0x1f, 0x5c, 0x97, 0xff, 0x1f, 0x5c, 0x97, 0xff, 0x1f, 0x5c, 0x97, 0xff,
    0x1f, 0x5c, 0x97, 0xff, 0x1f, 0x5c, 0x97, 0xff, 0x1f, 0x5c, 0x97, 0xff, 0x1f, 0x5c, 0x97, 0xff,
    0x1f, 0x5c, 0x97, 0xff, 0x1f, 0x5c, 0x97, 0xff, 0x1f, 0x5c, 0x97, 0xff, 0x1f, 0x5c, 0x97, 0xff,
    0x1f, 0x5c, 0x97, 0xff, 0x1f, 0x5c, 0x97, 0xff, 0x1f, 0x5c, 0x97, 0xff, 0x1f, 0x5c, 0x97, 0xff,
    0x1f, 0x5c, 0x97, 0xff, 0x1f, 0x5c, 0x97, 0xff, 0x1f, 0x5c, 0x97, 0xff, 0x1f, 0x5c, 0x97, 0xff,
    0x1f, 0x5c, 0x97, 0xff, 0x1f, 0x5c, 0x97, 0xff, 0x1f, 0x5c, 0x97, 0xff, 0x1f, 0x5c, 0x97, 0xff,
    0x1f, 0x5c, 0x97, 0xff, 0x1f, 0x5c, 0x97, 0xff, 0x1f, 0x5c, 0x97, 0xff, 0x1f, 0x5c, 0x97, 0xff,
    0x1f, 0x5c, 0x97, 0xff, 0x1f, 0x5c, 0x97, 0xff, 0x1f, 0x5c, 0x97, 0xff, 0x1f, 0x5c, 0x97, 0xff,
    0x1f, 0x5c, 0x97, 0xff, 0x1f, 0x5c, 0x97, 0xff, 0x1f, 0x5c, 0x97, 0xff, 0x1f, 0x5c, 0x97, 0xff,
    0x1f, 0x5c, 0x97, 0xff, 0x1f, 0x5c, 0x97, 0xff, 0x1f, 0x5c, 0x97, 0xff, 0x1f, 0x5c, 0x97, 0xff,
    0x1f, 0x5c, 0x97, 0xff, 0x1f, 0x5c, 0x97, 0xff, 0x1f, 0x5c, 0x97, 0xff, 0x1f, 0x5c, 0x97, 0xff,
    0x1f, 0x5c, 0x97, 0xff, 0x57, 0x78, 0x84, 0xff, 0xff, 0xca, 0x4b, 0xff, 0xff, 0xca, 0x4b, 0xff,
    0xff, 0xca, 0x4b, 0xff, 0xff, 0xca, 0x4b, 0xff, 0xff, 0xca, 0x4b, 0xff, 0xff, 0xca, 0x4b, 0xff,
    0xff, 0xca, 0x4b, 0xff, 0xff, 0xca, 0x4b, 0xff, 0xff, 0xca, 0x4b, 0xff, 0xff, 0xca, 0x4b, 0xff,
    0xff, 0xca, 0x4b, 0xff, 0xff, 0xca, 0x4b, 0xff, 0xff, 0xca, 0x4b, 0xff, 0xff, 0xca, 0x4b, 0xff,
    0x57, 0x78, 0x84, 0xff, 0x1f, 0x5c, 0x97, 0xff, 0x1f, 0x5c, 0x97, 0xff, 0x1f, 0x5c, 0x97, 0xff,
    0x1f, 0x5c, 0x97, 0xff, 0x1f, 0x5c, 0x97, 0xff, 0x1f, 0x5c, 0x97, 0xff, 0x1f, 0x5c, 0x97, 0xff,
    0x1f, 0x5c, 0x97, 0xff, 0x1f, 0x5c, 0x97, 0xff, 0x1f, 0x5c, 0x97, 0xff, 0x1f, 0x5c, 0x97, 0xff,
    0x1f, 0x5c, 0x97, 0xff, 0x1f, 0x5c, 0x97, 0xff, 0x1f, 0x5c, 0x97, 0xff, 0x1f, 0x5c, 0x97, 0xff,
    0x1f, 0x5c, 0x97, 0xff, 0x1f, 0x5c, 0x97, 0xff, 0x1f, 0x5c, 0x97, 0xff, 0x1f, 0x5c, 0x97, 0xff,
    0x1f, 0x5c, 0x97, 0xff, 0x1f, 0x5c, 0x97, 0xff, 0x1f, 0x5c, 0x97, 0xff, 0x1f, 0x5c, 0x97, 0xff,
    0x1f, 0x5c, 0x97, 0xff, 0x1f, 0x5c, 0x97, 0xff, 0x1f, 0x5c, 0x97, 0xff, 0x1f, 0x5c, 0x97, 0xff,
    0x1f, 0x5c, 0x97, 0xff, 0x1f, 0x5c, 0x97, 0xff, 0x1f, 0x5c, 0x97, 0xff, 0x1f, 0x5c, 0x97, 0xff,
    0x1f, 0x5c, 0x97, 0xff, 0x1f, 0x5c, 0x97, 0xff, 0x1f, 0x5c, 0x97, 0xff, 0x1f, 0x5c, 0x97, 0xff,
    0x1f, 0x5c, 0x97, 0xff, 0x1f, 0x5c, 0x97, 0xff, 0x1f, 0x5c, 0x97, 0xff, 0x1f, 0x5c, 0x97, 0xff,
    0x1f, 0x5c, 0x97, 0xff, 0x1f, 0x5c, 0x97, 0xff, 0x1f, 0x5c, 0x97, 0xff, 0x1f, 0x5c, 0x97, 0xff,
    0x1f, 0x5c, 0x97, 0xff, 0x1f, 0x5c, 0x97, 0xff, 0x1f, 0x5c, 0x97, 0xff, 0x1f, 0x5c, 0x97, 0xff,
    0x57, 0x78, 0x84, 0xff, 0xff, 0xca, 0x4b, 0xff, 0xff, 0xca, 0x4b, 0xff, 0xff, 0xca, 0x4b, 0xff,
    0xff, 0xca, 0x4b, 0xff, 0xff, 0xca, 0x4b, 0xff, 0xff, 0xca, 0x4b, 0xff, 0xff, 0xca, 0x4b, 0xff,
    0xff, 0xca, 0x4b, 0xff, 0xff, 0xca, 0x4b, 0xff, 0xff, 0xca, 0x4b, 0xff, 0xff, 0xca, 0x4b, 0xff,
    0xff, 0xca, 0x4b, 0xff, 0xff, 0xca, 0x4b, 0xff, 0xff, 0xca, 0x4b, 0xff, 0xff, 0xca, 0x4b, 0xff,
    0xff, 0xca, 0x4b, 0xff, 0x57, 0x78, 0x84, 0xff, 0x1f, 0x5c, 0x97, 0xff, 0x1f, 0x5c, 0x97, 0xff,
    0x1f, 0x5c, 0x97, 0xff, 0x1f, 0x5c, 0x97, 0xff, 0x1f, 0x5c, 0x97, 0xff, 0x1f, 0x5c, 0x97, 0xff,
    0x1f, 0x5c, 0x97, 0xff, 0x1f, 0x5c, 0x97, 0xff, 0x1f, 0x5c, 0x97, 0xff, 0x1f, 0x5c, 0x97, 0xff,
    0x1f, 0x5c, 0x97, 0xff, 0x1f, 0x5c, 0x97, 0xff, 0x1f, 0x5c, 0x97, 0xff, 0x1f, 0x5c, 0x97, 0xff,
    0x1f, 0x5c, 0x97, 0xff, 0x1f, 0x5c, 0x97, 0xff, 0x1f, 0x5c, 0x97, 0xff, 0x1f, 0x5c, 0x97, 0xff,
    0x1f, 0x5c, 0x97, 0xff, 0x1f, 0x5c, 0x97, 0xff, 0x1f, 0x5c, 0x97, 0xff, 0x1f, 0x5c, 0x97, 0xff,
    0x1f, 0x5c, 0x97, 0xff, 0x1f, 0x5c, 0x97, 0xff, 0x1f, 0x5c, 0x97, 0xff, 0x1f, 0x5c, 0x97, 0xff,
    0x1f, 0x5c, 0x97, 0xff, 0x1f, 0x5c, 0x97, 0xff, 0x1f, 0x5c, 0x97, 0xff, 0x1f, 0x5c, 0x97, 0xff,
    0x1f, 0x5c, 0x97, 0xff, 0x1f, 0x5c, 0x97, 0xff, 0x1f, 0x5c, 0x97, 0xff, 0x1f, 0x5c, 0x97, 0xff,
    0x1f, 0x5c, 0x97, 0xff, 0x1f, 0x5c, 0x97, 0xff, 0x1f, 0x5c, 0x97, 0xff, 0x1f, 0x5c, 0x97, 0xff,
    0x1f, 0x5c, 0x97, 0xff, 0x1f, 0x5c, 0x97, 0xff, 0x1f, 0x5c, 0x97, 0xff, 0x1f, 0x5c, 0x97, 0xff,
    0x1f, 0x5c, 0x97, 0xff, 0x1f, 0x5c, 0x97, 0xff, 0x1f, 0x5c, 0x97, 0xff, 0x57, 0x78, 0x84, 0xff,
    0xff, 0xca, 0x4b, 0xff, 0xff, 0xca, 0x4b, 0xff, 0xff, 0xca, 0x4b, 0xff, 0xff, 0xca, 0x4b, 0xff,
    0xff, 0xca, 0x4b, 0xff, 0xff, 0xca, 0x4b, 0xff, 0xff, 0xca, 0x4b, 0xff, 0xff, 0xca, 0x4b, 0xff,
    0xff, 0xca, 0x4b, 0xff, 0xff, 0xca, 0x4b, 0xff, 0xff, 0xca, 0x4b, 0xff, 0xff, 0xca, 0x4b, 0xff,
    0xff, 0xca, 0x4b, 0xff, 0xff, 0xca, 0x4b, 0xff, 0xff, 0xca, 0x4b, 0xff, 0xff, 0xca, 0x4b, 0xff,
    0xff, 0xca, 0x4b, 0xff, 0xff, 0xca, 0x4b, 0xff, 0x57, 0x78, 0x84, 0xff, 0x1f, 0x5c, 0x97, 0xff,
    0x1f, 0x5c, 0x97, 0xff, 0x1f, 0x5c, 0x97, 0xff, 0x1f, 0x5c, 0x97, 0xff, 0x1f, 0x5c, 0x97, 0xff,
    0x1f, 0x5c, 0x97, 0xff, 0x1f, 0x5c, 0x97, 0xff, 0x1f, 0x5c, 0x97, 0xff, 0x1f, 0x5c, 0x97, 0xff,
    0x1f, 0x5c, 0x97, 0xff, 0x1f, 0x5c, 0x97, 0xff, 0x1f, 0x5c, 0x97, 0xff, 0x1f, 0x5c, 0x97, 0xff,
    0x1f, 0x5c, 0x97, 0xff, 0x1f, 0x5c, 0x97, 0xff, 0x1f, 0x5c, 0x97, 0xff, 0x1f, 0x5c, 0x97, 0xff,
    0x1f, 0x5c, 0x97, 0xff, 0x1f, 0x5c, 0x97, 0xff, 0x1f, 0x5c, 0x97, 0xff, 0x1f, 0x5c, 0x97, 0xff,
    0x1f, 0x5c, 0x97, 0xff, 0x1f, 0x5c, 0x97, 0xff, 0x1f, 0x5c, 0x97, 0xff, 0x1f, 0x5c, 0x97, 0xff,
    0x1f, 0x5c, 0x97, 0xff, 0x1f, 0x5c, 0x97, 0xff, 0x1f, 0x5c, 0x97, 0xff, 0x1f, 0x5c, 0x97, 0xff,
    0x1f, 0x5c, 0x97, 0xff, 0x1f, 0x5c, 0x97, 0xff, 0x1f, 0x5c, 0x97, 0xff, 0x1f, 0x5c, 0x97, 0xff,
    0x1f, 0x5c, 0x97, 0xff, 0x1f, 0x5c, 0x97, 0xff, 0x1f, 0x5c, 0x97, 0xff, 0x1f, 0x5c, 0x97, 0xff,
    0x1f, 0x5c, 0x97, 0xff, 0x1f, 0x5c, 0x97, 0xff, 0x1f, 0x5c, 0x97, 0xff, 0x1f, 0x5c, 0x97, 0xff,
    0x1f, 0x5c, 0x97, 0xff, 0x1f, 0x5c, 0x97, 0xff, 0x1f, 0x5c, 0x97, 0xff, 0xff, 0xca, 0x4b, 0xff,
    0xff, 0xca, 0x4b, 0xff, 0xff, 0xca, 0x4b, 0xff, 0xff, 0xca, 0x4b, 0xff, 0xff, 0xca, 0x4b, 0xff,
    0xff, 0xca, 0x4b, 0xff, 0xff, 0xca, 0x4b, 0xff, 0xff, 0xca, 0x4b, 0xff, 0xff, 0xca, 0x4b, 0xff,
    0xff, 0xca, 0x4b, 0xff, 0xff, 0xca, 0x4b, 0xff, 0xff, 0xca, 0x4b, 0xff, 0xff, 0xca, 0x4b, 0xff,
    0xff, 0xca, 0x4b, 0xff, 0xff, 0xca, 0x4b, 0xff, 0xff, 0xca, 0x4b, 0xff, 0xff, 0xca, 0x4b, 0xff,
    0xff, 0xca, 0x4b, 0xff, 0xff, 0xca, 0x4b, 0xff, 0xff, 0xca, 0x4b, 0xff, 0x1f, 0x5c, 0x97, 0xff,
    0x1f, 0x5c, 0x97, 0xff, 0x1f, 0x5c, 0x97, 0xff, 0x1f, 0x5c, 0x97, 0xff, 0x1f, 0x5c, 0x97, 0xff,
    0x1f, 0x5c, 0x97, 0xff, 0x1f, 0x5c, 0x97, 0xff, 0x1f, 0x5c, 0x97, 0xff, 0x1f, 0x5c, 0x97, 0xff,
    0x1f, 0x5c, 0x97, 0xff, 0x1f, 0x5c, 0x97, 0xff, 0x1f, 0x5c, 0x97, 0xff, 0x1f, 0x5c, 0x97, 0xff,
    0x1f, 0x5c, 0x97, 0xff, 0x1f, 0x5c, 0x97, 0xff, 0x1f, 0x5c, 0x97, 0xff, 0x1f, 0x5c, 0x97, 0xff,
    0x1f, 0x5c, 0x97, 0xff, 0x1f, 0x5c, 0x97, 0xff, 0x1f, 0x5c, 0x97, 0xff, 0x1f, 0x5c, 0x97, 0xff,
    0x1f, 0x5c, 0x97, 0xff, 0x1f, 0x5c, 0x97, 0xff, 0x1f, 0x5c, 0x97, 0xff, 0x1f, 0x5c, 0x97, 0xff,
    0x1f, 0x5c, 0x97, 0xff, 0x1f, 0x5c, 0x97, 0xff, 0x1f, 0x5c, 0x97, 0xff, 0x1f, 0x5c, 0x97, 0xff,
    0x1f, 0x5c, 0x97, 0xff, 0x1f, 0x5c, 0x97, 0xff, 0x1f, 0x5c, 0x97, 0xff, 0x1f, 0x5c, 0x97, 0xff,
    0x1f, 0x5c, 0x97, 0xff, 0x1f, 0x5c, 0x97, 0xff, 0x1f, 0x5c, 0x97, 0xff, 0x1f, 0x5c, 0x97, 0xff,
    0x1f, 0x5c, 0x97, 0xff, 0x1f, 0x5c, 0x97, 0xff, 0x1f, 0x5c, 0x97, 0xff, 0x1f, 0x5c, 0x97, 0xff,
    0x1f, 0x5c, 0x97, 0xff, 0x1f, 0x5c, 0x97, 0xff, 0xc7, 0xae, 0x5e, 0xff, 0xff, 0xca, 0x4b, 0xff,
    0xff, 0xca, 0x4b, 0xff, 0xff, 0xca, 0x4b, 0xff, 0xff, 0xca, 0x4b, 0xff, 0xff, 0xca, 0x4b, 0xff,
    0xff, 0xca, 0x4b, 0xff, 0xff, 0xca, 0x4b, 0xff, 0xff, 0xca, 0x4b, 0xff, 0xff, 0xca, 0x4b, 0xff,
    0xff, 0xca, 0x4b, 0xff, 0xff, 0xca, 0x4b, 0xff, 0xff, 0xca, 0x4b, 0xff, 0xff, 0xca, 0x4b, 0xff,
    0xff, 0xca, 0x4b, 0xff, 0xff, 0xca, 0x4b, 0xff, 0xff, 0xca, 0x4b, 0xff, 0xff, 0xca, 0x4b, 0xff,
    0xff, 0xca, 0x4b, 0xff, 0xff, 0xca, 0x4b, 0xff, 0xff, 0xca, 0x4b, 0xff, 0xc7, 0xae, 0x5e, 0xff,
    0x1f, 0x5c, 0x97, 0xff, 0x1f, 0x5c, 0x97, 0xff, 0x1f, 0x5c, 0x97, 0xff, 0x1f, 0x5c, 0x97, 0xff,
    0x1f, 0x5c, 0x97, 0xff, 0x1f, 0x5c, 0x97, 0xff, 0x1f, 0x5c, 0x97, 0xff, 0x1f, 0x5c, 0x97, 0xff,
    0x1f, 0x5c, 0x97, 0xff, 0x1f, 0x5c, 0x97, 0xff, 0x1f, 0x5c, 0x97, 0xff, 0x1f, 0x5c, 0x97, 0xff,
    0x1f, 0x5c, 0x97, 0xff, 0x1f, 0x5c, 0x97, 0xff, 0x1f, 0x5c, 0x97, 0xff, 0x1f, 0x5c, 0x97, 0xff,
    0x1f, 0x5c, 0x97, 0xff, 0x1f, 0x5c, 0x97, 0xff, 0x1f, 0x5c, 0x97, 0xff, 0x1f, 0x5c, 0x97, 0xff,
    0x1f, 0x5c, 0x97, 0xff, 0x1f, 0x5c, 0x97, 0xff, 0x1f, 0x5c, 0x97, 0xff, 0x1f, 0x5c, 0x97, 0xff,
    0x1f, 0x5c, 0x97, 0xff, 0x1f, 0x5c, 0x97, 0xff, 0x1f, 0x5c, 0x97, 0xff, 0x1f, 0x5c, 0x97, 0xff,
    0x1f, 0x5c, 0x97, 0xff, 0x1f, 0x5c, 0x97, 0xff, 0x1f, 0x5c, 0x97, 0xff, 0x1f, 0x5c, 0x97, 0xff,
    0x1f, 0x5c, 0x97, 0xff, 0x1f, 0x5c, 0x97, 0xff, 0x1f, 0x5c, 0x97, 0xff, 0x1f, 0x5c, 0x97, 0xff,
    0x1f, 0x5c, 0x97, 0xff, 0x1f, 0x5c, 0x97, 0xff, 0x1f, 0x5c, 0x97, 0xff, 0x1f, 0x5c, 0x97, 0xff,
    0x1f, 0x5c, 0x97, 0xff, 0x1f, 0x5c, 0x97, 0xff, 0xff, 0xca, 0x4b, 0xff, 0xff, 0xca, 0x4b, 0xff,
    0xff, 0xca, 0x4b, 0xff, 0xff, 0xca, 0x4b, 0xff, 0xff, 0xca, 0x4b, 0xff, 0xff, 0xca, 0x4b, 0xff,
    0xff, 0xca, 0x4b, 0xff, 0xff, 0xca, 0x4b, 0xff, 0xff, 0xca, 0x4b, 0xff, 0xff, 0xca, 0x4b, 0xff,
    0xff, 0xca, 0x4b, 0xff, 0xff, 0xca, 0x4b, 0xff, 0xff, 0xca, 0x4b, 0xff, 0xff, 0xca, 0x4b, 0xff,
    0xff, 0xca, 0x4b, 0xff, 0xff, 0xca, 0x4b, 0xff, 0xff, 0xca, 0x4b, 0xff, 0xff, 0xca, 0x4b, 0xff,
    0xff, 0xca, 0x4b, 0xff, 0xff, 0xca, 0x4b, 0xff, 0xff, 0xca, 0x4b, 0xff, 0xff, 0xca, 0x4b, 0xff,
    0x1f, 0x5c, 0x97, 0xff, 0x1f, 0x5c, 0x97, 0xff, 0x1f, 0x5c, 0x97, 0xff, 0x1f, 0x5c, 0x97, 0xff,
    0x1f, 0x5c, 0x97, 0xff, 0x1f, 0x5c, 0x97, 0xff, 0x1f, 0x5c, 0x97, 0xff, 0x1f, 0x5c, 0x97, 0xff,
    0x1f, 0x5c, 0x97, 0xff, 0x1f, 0x5c, 0x97, 0xff, 0x1f, 0x5c, 0x97, 0xff, 0x1f, 0x5c, 0x97, 0xff,
    0x1f, 0x5c, 0x97, 0xff, 0x1f, 0x5c, 0x97, 0xff, 0x1f, 0x5c, 0x97, 0xff, 0x1f, 0x5c, 0x97, 0xff,
    0x1f, 0x5c, 0x97, 0xff, 0x1f, 0x5c, 0x97, 0xff, 0x1f, 0x5c, 0x97, 0xff, 0x1f, 0x5c, 0x97, 0xff,
    0x1f, 0x5c, 0x97, 0xff, 0x1f, 0x5c, 0x97, 0xff, 0x1f, 0x5c, 0x97, 0xff, 0x1f, 0x5c, 0x97, 0xff,
    0x1f, 0x5c, 0x97, 0xff, 0x1f, 0x5c, 0x97, 0xff, 0x1f, 0x5c, 0x97, 0xff, 0x1f, 0x5c, 0x97, 0xff,
    0x1f, 0x5c, 0x97, 0xff, 0x1f, 0x5c, 0x97, 0xff, 0x1f, 0x5c, 0x97, 0xff, 0x1f, 0x5c, 0x97, 0xff,
    0x1f, 0x5c, 0x97, 0xff, 0x1f, 0x5c, 0x97, 0xff, 0x1f, 0x5c, 0x97, 0xff, 0x1f, 0x5c, 0x97, 0xff,
    0x1f, 0x5c, 0x97, 0xff, 0x1f, 0x5c, 0x97, 0xff, 0x1f, 0x5c, 0x97, 0xff, 0x1f, 0x5c, 0x97, 0xff,
    0x1f, 0x5c, 0x97, 0xff, 0x8f, 0x93, 0x71, 0xff, 0xff, 0xca, 0x4b, 0xff, 0xff, 0xca, 0x4b, 0xff,
    0xff, 0xca, 0x4b, 0xff, 0xff, 0xca, 0x4b, 0xff, 0xff, 0xca, 0x4b, 0xff, 0xff, 0xca, 0x4b, 0xff,
    0xff, 0xca, 0x4b, 0xff, 0xff, 0xca, 0x4b, 0xff, 0xff, 0xca, 0x4b, 0xff, 0xff, 0xca, 0x4b, 0xff,
    0xff, 0xca, 0x4b, 0xff, 0xff, 0xca, 0x4b, 0xff, 0xff, 0xca, 0x4b, 0xff, 0xff, 0xca, 0x4b, 0xff,
    0xff, 0xca, 0x4b, 0xff, 0xff, 0xca, 0x4b, 0xff, 0xff, 0xca, 0x4b, 0xff, 0xff, 0xca, 0x4b, 0xff,
    0xff, 0xca, 0x4b, 0xff, 0xff, 0xca, 0x4b, 0xff, 0xff, 0xca, 0x4b, 0xff, 0xff, 0xca, 0x4b, 0xff,
    0x8f, 0x93, 0x71, 0xff, 0x1f, 0x5c, 0x97, 0xff, 0x1f, 0x5c, 0x97, 0xff, 0x1f, 0x5c, 0x97, 0xff,
    0x1f, 0x5c, 0x97, 0xff, 0x1f, 0x5c, 0x97, 0xff, 0x1f, 0x5c, 0x97, 0xff, 0x1f, 0x5c, 0x97, 0xff,
    0x1f, 0x5c, 0x97, 0xff, 0x1f, 0x5c, 0x97, 0xff, 0x1f, 0x5c, 0x97, 0xff, 0x1f, 0x5c, 0x97, 0xff,
    0x1f, 0x5c, 0x97, 0xff, 0x1f, 0x5c, 0x97, 0xff, 0x1f, 0x5c, 0x97, 0xff, 0x1f, 0x5c, 0x97, 0xff,
    0x1f, 0x5c, 0x97, 0xff, 0x1f, 0x5c, 0x97, 0xff, 0x1f, 0x5c, 0x97, 0xff, 0x1f, 0x5c, 0x97, 0xff,
    0x1f, 0x5c, 0x97, 0xff, 0x1f, 0x5c, 0x97, 0xff, 0x1f, 0x5c, 0x97, 0xff, 0x1f, 0x5c, 0x97, 0xff,
    0x1f, 0x5c, 0x97, 0xff, 0x1f, 0x5c, 0x97, 0xff, 0x1f, 0x5c, 0x97, 0xff, 0x1f, 0x5c, 0x97, 0xff,
    0x1f, 0x5c, 0x97, 0xff, 0x1f, 0x5c, 0x97, 0xff, 0x1f, 0x5c, 0x97, 0xff, 0x1f, 0x5c, 0x97, 0xff,
    0x1f, 0x5c, 0x97, 0xff, 0x1f, 0x5c, 0x97, 0xff, 0x1f, 0x5c, 0x97, 0xff, 0x1f, 0x5c, 0x97, 0xff,
    0x1f, 0x5c, 0x97, 0xff, 0x1f, 0x5c, 0x97, 0xff, 0x1f, 0x5c, 0x97, 0xff, 0x1f, 0x5c, 0x97, 0xff,
    0x1f, 0x5c, 0x97, 0xff, 0xc7, 0xae, 0x5e, 0xff, 0xff, 0xca, 0x4b, 0xff, 0xff, 0xca, 0x4b, 0xff,
    0xff, 0xca, 0x4b, 0xff, 0xff, 0xca, 0x4b, 0xff, 0xff, 0xca, 0x4b, 0xff, 0xff, 0xca, 0x4b, 0xff,
    0xff, 0xca, 0x4b, 0xff, 0xff, 0xca, 0x4b, 0xff, 0xff, 0xca, 0x4b, 0xff, 0xff, 0xca, 0x4b, 0xff,
    0xff, 0xca, 0x4b, 0xff, 0xff, 0xca, 0x4b, 0xff, 0xff, 0xca, 0x4b, 0xff, 0xff, 0xca, 0x4b, 0xff,
    0xff, 0xca, 0x4b, 0xff, 0xff, 0xca, 0x4b, 0xff, 0xff, 0xca, 0x4b, 0xff, 0xff, 0xca, 0x4b, 0xff,
    0xff, 0xca, 0x4b, 0xff, 0xff, 0xca, 0x4b, 0xff, 0xff, 0xca, 0x4b, 0xff, 0xff, 0xca, 0x4b, 0xff,
    0xc7, 0xae, 0x5e, 0xff, 0x1f, 0x5c, 0x97, 0xff, 0x1f, 0x5c, 0x97, 0xff, 0x1f, 0x5c, 0x97, 0xff,
    0x1f, 0x5c, 0x97, 0xff, 0x1f, 0x5c, 0x97, 0xff, 0x1f, 0x5c, 0x97, 0xff, 0x1f, 0x5c, 0x97, 0xff,
    0x1f, 0x5c, 0x97, 0xff, 0x1f, 0x5c, 0x97, 0xff, 0x1f, 0x5c, 0x97, 0xff, 0x1f, 0x5c, 0x97, 0xff,
    0x1f, 0x5c, 0x97, 0xff, 0x1f, 0x5c, 0x97, 0xff, 0x1f, 0x5c, 0x97, 0xff, 0x1f, 0x5c, 0x97, 0xff,
    0x1f, 0x5c, 0x97, 0xff, 0x1f, 0x5c, 0x97, 0xff, 0x1f, 0x5c, 0x97, 0xff, 0x1f, 0x5c, 0x97, 0xff,
    0x1f, 0x5c, 0x97, 0xff, 0x1f, 0x5c, 0x97, 0xff, 0x1f, 0x5c, 0x97, 0xff, 0x1f, 0x5c, 0x97, 0xff,
    0x1f, 0x5c, 0x97, 0xff, 0x1f, 0x5c, 0x97, 0xff, 0x1f, 0x5c, 0x97, 0xff, 0x1f, 0x5c, 0x97, 0xff,
    0x1f, 0x5c, 0x97, 0xff, 0x1f, 0x5c, 0x97, 0xff, 0x1f, 0x5c, 0x97, 0xff, 0x1f, 0x5c, 0x97, 0xff,
    0x1f, 0x5c, 0x97, 0xff, 0x1f, 0x5c, 0x97, 0xff, 0x1f, 0x5c, 0x97, 0xff, 0x1f, 0x5c, 0x97, 0xff,
    0x1f, 0x5c, 0x97, 0xff, 0x1f, 0x5c, 0x97, 0xff, 0x1f, 0x5c, 0x97, 0xff, 0x1f, 0x5c, 0x97, 0xff,
    0x1f, 0x5c, 0x97, 0xff, 0xff, 0xca, 0x4b, 0xff, 0xff, 0xca, 0x4b, 0xff, 0xff, 0xca, 0x4b, 0xff,
    0xff, 0xca, 0x4b, 0xff, 0xff, 0xca, 0x4b, 0xff, 0xff, 0xca, 0x4b, 0xff, 0xff, 0xca, 0x4b, 0xff,
    0xff, 0xca, 0x4b, 0xff, 0xff, 0xca, 0x4b, 0xff, 0xff, 0xca, 0x4b, 0xff, 0xff, 0xca, 0x4b, 0xff,
    0xff, 0xca, 0x4b, 0xff, 0xff, 0xca, 0x4b, 0xff, 0xff, 0xca, 0x4b, 0xff, 0xff, 0xca, 0x4b, 0xff,
    0xff, 0xca, 0x4b, 0xff, 0xff, 0xca, 0x4b, 0xff, 0xff, 0xca, 0x4b, 0xff, 0xff, 0xca, 0x4b, 0xff,
    0xff, 0xca, 0x4b, 0xff, 0xff, 0xca, 0x4b, 0xff, 0xff, 0xca, 0x4b, 0xff, 0xff, 0xca, 0x4b, 0xff,
    0xff, 0xca, 0x4b, 0xff, 0x1f, 0x5c, 0x97, 0xff, 0x1f, 0x5c, 0x97, 0xff, 0x1f, 0x5c, 0x97, 0xff,
    0x1f, 0x5c, 0x97, 0xff, 0x1f, 0x5c, 0x97, 0xff, 0x1f, 0x5c, 0x97, 0xff, 0x1f, 0x5c, 0x97, 0xff,
    0x1f, 0x5c, 0x97, 0xff, 0x1f, 0x5c, 0x97, 0xff, 0x1f, 0x5c, 0x97, 0xff, 0x1f, 0x5c, 0x97, 0xff,
    0x1f, 0x5c, 0x97, 0xff, 0x1f, 0x5c, 0x97, 0xff, 0x1f, 0x5c, 0x97, 0xff, 0x1f, 0x5c, 0x97, 0xff,
    0x1f, 0x5c, 0x97, 0xff, 0x1f, 0x5c, 0x97, 0xff, 0x1f, 0x5c, 0x97, 0xff, 0x1f, 0x5c, 0x97, 0xff,
    0x1f, 0x5c, 0x97, 0xff, 0x1f, 0x5c, 0x97, 0xff, 0x1f, 0x5c, 0x97, 0xff, 0x1f, 0x5c, 0x97, 0xff,
    0x1f, 0x5c, 0x97, 0xff, 0x1f, 0x5c, 0x97, 0xff, 0x1f, 0x5c, 0x97, 0xff, 0x1f, 0x5c, 0x97, 0xff,
    0x1f, 0x5c, 0x97, 0xff, 0x1f, 0x5c, 0x97, 0xff, 0x1f, 0x5c, 0x97, 0xff, 0x1f, 0x5c, 0x97, 0xff,
    0x1f, 0x5c, 0x97, 0xff, 0x1f, 0x5c, 0x97, 0xff, 0x1f, 0x5c, 0x97, 0xff, 0x1f, 0x5c, 0x97, 0xff,
    0x1f, 0x5c, 0x97, 0xff, 0x1f, 0x5c, 0x97, 0xff, 0x1f, 0x5c, 0x97, 0xff, 0x1f, 0x5c, 0x97, 0xff,
    0x1f, 0x5c, 0x97, 0xff, 0xff, 0xca, 0x4b, 0xff, 0xff, 0xca, 0x4b, 0xff, 0xff, 0xca, 0x4b, 0xff,
    0xff, 0xca, 0x4b, 0xff, 0xff, 0xca, 0x4b, 0xff, 0xff, 0xca, 0x4b, 0xff, 0xff, 0xca, 0x4b, 0xff,
    0xff, 0xca, 0x4b, 0xff, 0xff, 0xca, 0x4b, 0xff, 0xff, 0xca, 0x4b, 0xff, 0xff, 0xca, 0x4b, 0xff,
    0xff, 0xca, 0x4b, 0xff, 0xff, 0xca, 0x4b, 0xff, 0xff, 0xca, 0x4b, 0xff, 0xff, 0xca, 0x4b, 0xff,
    0xff, 0xca, 0x4b, 0xff, 0xff, 0xca, 0x4b, 0xff, 0xff, 0xca, 0x4b, 0xff, 0xff, 0xca, 0x4b, 0xff,
    0xff, 0xca, 0x4b, 0xff, 0xff, 0xca, 0x4b, 0xff, 0xff, 0xca, 0x4b, 0xff, 0xff, 0xca, 0x4b, 0xff,
    0xff, 0xca, 0x4b, 0xff, 0x1f, 0x5c, 0x97, 0xff, 0x1f, 0x5c, 0x97, 0xff, 0x1f, 0x5c, 0x97, 0xff,
    0x1f, 0x5c, 0x97, 0xff, 0x1f, 0x5c, 0x97, 0xff, 0x1f, 0x5c, 0x97, 0xff, 0x1f, 0x5c, 0x97, 0xff,
    0x1f, 0x5c, 0x97, 0xff, 0x1f, 0x5c, 0x97, 0xff, 0x1f, 0x5c, 0x97, 0xff, 0x1f, 0x5c, 0x97, 0xff,
    0x1f, 0x5c, 0x97, 0xff, 0x1f, 0x5c, 0x97, 0xff, 0x1f, 0x5c, 0x97, 0xff, 0x1f, 0x5c, 0x97, 0xff,
    0x1f, 0x5c, 0x97, 0xff, 0x1f, 0x5c, 0x97, 0xff, 0x1f, 0x5c, 0x97, 0xff, 0x1f, 0x5c, 0x97, 0xff,
    0x1f, 0x5c, 0x97, 0xff, 0x1f, 0x5c, 0x97, 0xff, 0x1f, 0x5c, 0x97, 0xff, 0x1f, 0x5c, 0x97, 0xff,
    0x1f, 0x5c, 0x97, 0xff, 0x1f, 0x5c, 0x97, 0xff, 0x1f, 0x5c, 0x97, 0xff, 0x1f, 0x5c, 0x97, 0xff,
    0x1f, 0x5c, 0x97, 0xff, 0x1f, 0x5c, 0x97, 0xff, 0x1f, 0x5c, 0x97, 0xff, 0x1f, 0x5c, 0x97, 0xff,
    0x1f, 0x5c, 0x97, 0xff, 0x1f, 0x5c, 0x97, 0xff, 0x1f, 0x5c, 0x97, 0xff, 0x1f, 0x5c, 0x97, 0xff,
    0x1f, 0x5c, 0x97, 0xff, 0x1f, 0x5c, 0x97, 0xff, 0x1f, 0x5c, 0x97, 0xff, 0x1f, 0x5c, 0x97, 0xff,
    0x1f, 0x5c, 0x97, 0xff, 0xff, 0xca, 0x4b, 0xff, 0xff, 0xca, 0x4b, 0xff, 0xff, 0xca, 0x4b, 0xff,
    0xff, 0xca, 0x4b, 0xff, 0xff, 0xca, 0x4b, 0xff, 0xff, 0xca, 0x4b, 0xff, 0xff, 0xca, 0x4b, 0xff,
    0xff, 0xca, 0x4b, 0xff, 0xff, 0xca, 0x4b, 0xff, 0xff, 0xca, 0x4b, 0xff, 0xff, 0xca, 0x4b, 0xff,
    0xff, 0xca, 0x4b, 0xff, 0xff, 0xca, 0x4b, 0xff, 0xff, 0xca, 0x4b, 0xff, 0xff, 0xca, 0x4b, 0xff,
    0xff, 0xca, 0x4b, 0xff, 0xff, 0xca, 0x4b, 0xff, 0xff, 0xca, 0x4b, 0xff, 0xff, 0xca, 0x4b, 0xff,
    0xff, 0xca, 0x4b, 0xff, 0xff, 0xca, 0x4b, 0xff, 0xff, 0xca, 0x4b, 0xff, 0xff, 0xca, 0x4b, 0xff,
    0xff, 0xca, 0x4b, 0xff, 0x1f, 0x5c, 0x97, 0xff, 0x1f, 0x5c, 0x97, 0xff, 0x1f, 0x5c, 0x97, 0xff,
    0x1f, 0x5c, 0x97, 0xff, 0x1f, 0x5c, 0x97, 0xff, 0x1f, 0x5c, 0x97, 0xff, 0x1f, 0x5c, 0x97, 0xff,
    0x1f, 0x5c, 0x97, 0xff, 0x1f, 0x5c, 0x97, 0xff, 0x1f, 0x5c, 0x97, 0xff, 0x1f, 0x5c, 0x97, 0xff,
    0x1f, 0x5c, 0x97, 0xff, 0x1f, 0x5c, 0x97, 0xff, 0x1f, 0x5c, 0x97, 0xff, 0x1f, 0x5c, 0x97, 0xff,
    0x1f, 0x5c, 0x97, 0xff, 0x1f, 0x5c, 0x97, 0xff, 0x1f, 0x5c, 0x97, 0xff, 0x1f, 0x5c, 0x97, 0xff,
    0x1f, 0x5c, 0x97, 0xff, 0x1f, 0x5c, 0x97, 0xff, 0x1f, 0x5c, 0x97, 0xff, 0x1f, 0x5c, 0x97, 0xff,
    0x1f, 0x5c, 0x97, 0xff, 0x1f, 0x5c, 0x97, 0xff, 0x1f, 0x5c, 0x97, 0xff, 0x1f, 0x5c, 0x97, 0xff,
    0x1f, 0x5c, 0x97, 0xff, 0x1f, 0x5c, 0x97, 0xff, 0x1f, 0x5c, 0x97, 0xff, 0x1f, 0x5c, 0x97, 0xff,
    0x1f, 0x5c, 0x97, 0xff, 0x1f, 0x5c, 0x97, 0xff, 0x1f, 0x5c, 0x97, 0xff, 0x1f, 0x5c, 0x97, 0xff,
    0x1f, 0x5c, 0x97, 0xff, 0x1f, 0x5c, 0x97, 0xff, 0x1f, 0x5c, 0x97, 0xff, 0x1f, 0x5c, 0x97, 0xff,
    0x1f, 0x5c, 0x97, 0xff, 0xff, 0xca, 0x4b, 0xff, 0xff, 0xca, 0x4b, 0xff, 0xff, 0xca, 0x4b, 0xff,
    0xff, 0xca, 0x4b, 0xff, 0xf4, 0xe0, 0xa5, 0xff, 0xf4, 0xe0, 0xa5, 0xff, 0xea, 0xf7, 0xff, 0xff,
    0xea, 0xf7, 0xff, 0xff, 0xea, 0xf7, 0xff, 0xff, 0xea, 0xf7, 0xff, 0xff, 0xea, 0xf7, 0xff, 0xff,
    0xea, 0xf7, 0xff, 0xff, 0xf4, 0xe0, 0xa5, 0xff, 0xf4, 0xe0, 0xa5, 0xff, 0xff, 0xca, 0x4b, 0xff,
    0xff, 0xca, 0x4b, 0xff, 0xff, 0xca, 0x4b, 0xff, 0xff, 0xca, 0x4b, 0xff, 0xff, 0xca, 0x4b, 0xff,
    0xff, 0xca, 0x4b, 0xff, 0xff, 0xca, 0x4b, 0xff, 0xff, 0xca, 0x4b, 0xff, 0xff, 0xca, 0x4b, 0xff,
    0xff, 0xca, 0x4b, 0xff, 0x1f, 0x5c, 0x97, 0xff, 0x1f, 0x5c, 0x97, 0xff, 0x1f, 0x5c, 0x97, 0xff,
    0x1f, 0x5c, 0x97, 0xff, 0x1f, 0x5c, 0x97, 0xff, 0x1f, 0x5c, 0x97, 0xff, 0x1f, 0x5c, 0x97, 0xff,
    0x1f, 0x5c, 0x97, 0xff, 0x1f, 0x5c, 0x97, 0xff, 0x1f, 0x5c, 0x97, 0xff, 0x1f, 0x5c, 0x97, 0xff,
    0x1f, 0x5c, 0x97, 0xff, 0x1f, 0x5c, 0x97, 0xff, 0x1f, 0x5c, 0x97, 0xff, 0x1f, 0x5c, 0x97, 0xff,
    0x1f, 0x5c, 0x97, 0xff, 0x1f, 0x5c, 0x97, 0xff, 0x1f, 0x5c, 0x97, 0xff, 0x1f, 0x5c, 0x97, 0xff,
    0x1f, 0x5c, 0x97, 0xff, 0x1f, 0x5c, 0x97, 0xff, 0x1f, 0x5c, 0x97, 0xff, 0x1f, 0x5c, 0x97, 0xff,
    0x1f, 0x5c, 0x97, 0xff, 0x1f, 0x5c, 0x97, 0xff, 0x1f, 0x5c, 0x97, 0xff, 0x1f, 0x5c, 0x97, 0xff,
    0x1f, 0x5c, 0x97, 0xff, 0x1f, 0x5c, 0x97, 0xff, 0x1f, 0x5c, 0x97, 0xff, 0x1f, 0x5c, 0x97, 0xff,
    0x1f, 0x5c, 0x97, 0xff, 0x1f, 0x5c, 0x97, 0xff, 0x1f, 0x5c, 0x97, 0xff, 0x1f, 0x5c, 0x97, 0xff,
    0x1f, 0x5c, 0x97, 0xff, 0x1f, 0x5c, 0x97, 0xff, 0x1f, 0x5c, 0x97, 0xff, 0x1f, 0x5c, 0x97, 0xff,
    0x1f, 0x5c, 0x97, 0xff, 0xc7, 0xae, 0x5e, 0xff, 0xfa, 0xd5, 0x78, 0xff, 0xf4, 0xe0, 0xa5, 0xff,
    0xea, 0xf7, 0xff, 0xff, 0xea, 0xf7, 0xff, 0xff, 0xea, 0xf7, 0xff, 0xff, 0xea, 0xf7, 0xff, 0xff,
    0xea, 0xf7, 0xff, 0xff, 0xea, 0xf7, 0xff, 0xff, 0xea, 0xf7, 0xff, 0xff, 0xea, 0xf7, 0xff, 0xff,
    0xea, 0xf7, 0xff, 0xff, 0xea, 0xf7, 0xff, 0xff, 0xea, 0xf7, 0xff, 0xff, 0xea, 0xf7, 0xff, 0xff,
    0xf4, 0xe0, 0xa5, 0xff, 0xfa, 0xd5, 0x78, 0xff, 0xff, 0xca, 0x4b, 0xff, 0xff, 0xca, 0x4b, 0xff,
    0xff, 0xca, 0x4b, 0xff, 0xff, 0xca, 0x4b, 0xff, 0xff, 0xca, 0x4b, 0xff, 0xff, 0xca, 0x4b, 0xff,
    0xc7, 0xae, 0x5e, 0xff, 0x1f, 0x5c, 0x97, 0xff, 0x1f, 0x5c, 0x97, 0xff, 0x1f, 0x5c, 0x97, 0xff,
    0x1f, 0x5c, 0x97, 0xff, 0x1f, 0x5c, 0x97, 0xff, 0x1f, 0x5c, 0x97, 0xff, 0x1f, 0x5c, 0x97, 0xff,
    0x1f, 0x5c, 0x97, 0xff, 0x1f, 0x5c, 0x97, 0xff, 0x1f, 0x5c, 0x97, 0xff, 0x1f, 0x5c, 0x97, 0xff,
    0x1f, 0x5c, 0x97, 0xff, 0x1f, 0x5c, 0x97, 0xff, 0x1f, 0x5c, 0x97, 0xff, 0x1f, 0x5c, 0x97, 0xff,
    0x1f, 0x5c, 0x97, 0xff, 0x1f, 0x5c, 0x97, 0xff, 0x1f, 0x5c, 0x97, 0xff, 0x1f, 0x5c, 0x97, 0xff,
    0x1f, 0x5c, 0x97, 0xff, 0x1f, 0x5c, 0x97, 0xff, 0x1f, 0x5c, 0x97, 0xff, 0x1f, 0x5c, 0x97, 0xff,
    0x1f, 0x5c, 0x97, 0xff, 0x1f, 0x5c, 0x97, 0xff, 0x1f, 0x5c, 0x97, 0xff, 0x1f, 0x5c, 0x97, 0xff,
    0x1f, 0x5c, 0x97, 0xff, 0x1f, 0x5c, 0x97, 0xff, 0x1f, 0x5c, 0x97, 0xff, 0x1f, 0x5c, 0x97, 0xff,
    0x1f, 0x5c, 0x97, 0xff, 0x1f, 0x5c, 0x97, 0xff, 0x1f, 0x5c, 0x97, 0xff, 0x1f, 0x5c, 0x97, 0xff,
    0x1f, 0x5c, 0x97, 0xff, 0x1f, 0x5c, 0x97, 0xff, 0x1f, 0x5c, 0x97, 0xff, 0x1f, 0x5c, 0x97, 0xff,
    0x1f, 0x5c, 0x97, 0xff, 0xbc, 0xc5, 0xb8, 0xff, 0xea, 0xf7, 0xff, 0xff, 0xea, 0xf7, 0xff, 0xff,
    0xea, 0xf7, 0xff, 0xff, 0xea, 0xf7, 0xff, 0xff, 0xea, 0xf7, 0xff, 0xff, 0xea, 0xf7, 0xff, 0xff,
    0xea, 0xf7, 0xff, 0xff, 0xea, 0xf7, 0xff, 0xff, 0xea, 0xf7, 0xff, 0xff, 0xea, 0xf7, 0xff, 0xff,
    0xea, 0xf7, 0xff, 0xff, 0xea, 0xf7, 0xff, 0xff, 0xea, 0xf7, 0xff, 0xff, 0xea, 0xf7, 0xff, 0xff,
    0xea, 0xf7, 0xff, 0xff, 0xea, 0xf7, 0xff, 0xff, 0xf4, 0xe0, 0xa5, 0xff, 0xff, 0xca, 0x4b, 0xff,
    0xff, 0xca, 0x4b, 0xff, 0xff, 0xca, 0x4b, 0xff, 0xff, 0xca, 0x4b, 0xff, 0xff, 0xca, 0x4b, 0xff,
    0x8f, 0x93, 0x71, 0xff, 0x1f, 0x5c, 0x97, 0xff, 0x1f, 0x5c, 0x97, 0xff, 0x1f, 0x5c, 0x97, 0xff,
    0x1f, 0x5c, 0x97, 0xff, 0x1f, 0x5c, 0x97, 0xff, 0x1f, 0x5c, 0x97, 0xff, 0x1f, 0x5c, 0x97, 0xff,
    0x1f, 0x5c, 0x97, 0xff, 0x1f, 0x5c, 0x97, 0xff, 0x1f, 0x5c, 0x97, 0xff, 0x1f, 0x5c, 0x97, 0xff,
    0x1f, 0x5c, 0x97, 0xff, 0x1f, 0x5c, 0x97, 0xff, 0x1f, 0x5c, 0x97, 0xff, 0x1f, 0x5c, 0x97, 0xff,
    0x1f, 0x5c, 0x97, 0xff, 0x1f, 0x5c, 0x97, 0xff, 0x1f, 0x5c, 0x97, 0xff, 0x1f, 0x5c, 0x97, 0xff,
    0x1f, 0x5c, 0x97, 0xff, 0x1f, 0x5c, 0x97, 0xff, 0x1f, 0x5c, 0x97, 0xff, 0x1f, 0x5c, 0x97, 0xff,
    0x1f, 0x5c, 0x97, 0xff, 0x1f, 0x5c, 0x97, 0xff, 0x1f, 0x5c, 0x97, 0xff, 0x1f, 0x5c, 0x97, 0xff,
    0x1f, 0x5c, 0x97, 0xff, 0x1f, 0x5c, 0x97, 0xff, 0x1f, 0x5c, 0x97, 0xff, 0x1f, 0x5c, 0x97, 0xff,
    0x1f, 0x5c, 0x97, 0xff, 0x1f, 0x5c, 0x97, 0xff, 0x1f, 0x5c, 0x97, 0xff, 0x1f, 0x5c, 0x97, 0xff,
    0x1f, 0x5c, 0x97, 0xff, 0x1f, 0x5c, 0x97, 0xff, 0x1f, 0x5c, 0x97, 0xff, 0x1f, 0x5c, 0x97, 0xff,
    0xb7, 0xd0, 0xe5, 0xff, 0xea, 0xf7, 0xff, 0xff, 0xea, 0xf7, 0xff, 0xff, 0xea, 0xf7, 0xff, 0xff,
    0xea, 0xf7, 0xff, 0xff, 0xea, 0xf7, 0xff, 0xff, 0xea, 0xf7, 0xff, 0xff, 0xea, 0xf7, 0xff, 0xff,
    0xea, 0xf7, 0xff, 0xff, 0xea, 0xf7, 0xff, 0xff, 0xea, 0xf7, 0xff, 0xff, 0xea, 0xf7, 0xff, 0xff,
    0xea, 0xf7, 0xff, 0xff, 0xea, 0xf7, 0xff, 0xff, 0xea, 0xf7, 0xff, 0xff, 0xea, 0xf7, 0xff, 0xff,
    0xea, 0xf7, 0xff, 0xff, 0xea, 0xf7, 0xff, 0xff, 0xea, 0xf7, 0xff, 0xff, 0xef, 0xec, 0xd2, 0xff,
    0xff, 0xca, 0x4b, 0xff, 0xff, 0xca, 0x4b, 0xff, 0xff, 0xca, 0x4b, 0xff, 0xff, 0xca, 0x4b, 0xff,
    0x1f, 0x5c, 0x97, 0xff, 0x1f, 0x5c, 0x97, 0xff, 0x1f, 0x5c, 0x97, 0xff, 0x1f, 0x5c, 0x97, 0xff,
    0x1f, 0x5c, 0x97, 0xff, 0x1f, 0x5c, 0x97, 0xff, 0x1f, 0x5c, 0x97, 0xff, 0x1f, 0x5c, 0x97, 0xff,
    0x1f, 0x5c, 0x97, 0xff, 0x1f, 0x5c, 0x97, 0xff, 0x1f, 0x5c, 0x97, 0xff, 0x1f, 0x5c, 0x97, 0xff,
    0x1f, 0x5c, 0x97, 0xff, 0x1f, 0x5c, 0x97, 0xff, 0x1f, 0x5c, 0x97, 0xff, 0x1f, 0x5c, 0x97, 0xff,
    0x1f, 0x5c, 0x97, 0xff, 0x1f, 0x5c, 0x97, 0xff, 0x1f, 0x5c, 0x97, 0xff, 0x1f, 0x5c, 0x97, 0xff,
    0x1f, 0x5c, 0x97, 0xff, 0x1f, 0x5c, 0x97, 0xff, 0x1f, 0x5c, 0x97, 0xff, 0x1f, 0x5c, 0x97, 0xff,
    0x1f, 0x5c, 0x97, 0xff, 0x1f, 0x5c, 0x97, 0xff, 0x1f, 0x5c, 0x97, 0xff, 0x1f, 0x5c, 0x97, 0xff,
    0x1f, 0x5c, 0x97, 0xff, 0x1f, 0x5c, 0x97, 0xff, 0x1f, 0x5c, 0x97, 0xff, 0x1f, 0x5c, 0x97, 0xff,
    0x1f, 0x5c, 0x97, 0xff, 0x1f, 0x5c, 0x97, 0xff, 0x1f, 0x5c, 0x97, 0xff, 0x1f, 0x5c, 0x97, 0xff,
    0x1f, 0x5c, 0x97, 0xff, 0x1f, 0x5c, 0x97, 0xff, 0x1f, 0x5c, 0x97, 0xff, 0xb7, 0xd0, 0xe5, 0xff,
    0xea, 0xf7, 0xff, 0xff, 0xea, 0xf7, 0xff, 0xff, 0xea, 0xf7, 0xff, 0xff, 0xea, 0xf7, 0xff, 0xff,
    0xea, 0xf7, 0xff, 0xff, 0xea, 0xf7, 0xff, 0xff, 0xea, 0xf7, 0xff, 0xff, 0xea, 0xf7, 0xff, 0xff,
    0xea, 0xf7, 0xff, 0xff, 0xea, 0xf7, 0xff, 0xff, 0xea, 0xf7, 0xff, 0xff, 0xea, 0xf7, 0xff, 0xff,
    0xea, 0xf7, 0xff, 0xff, 0xea, 0xf7, 0xff, 0xff, 0xea, 0xf7, 0xff, 0xff, 0xea, 0xf7, 0xff, 0xff,
    0xea, 0xf7, 0xff, 0xff, 0xea, 0xf7, 0xff, 0xff, 0xea, 0xf7, 0xff, 0xff, 0xea, 0xf7, 0xff, 0xff,
    0xef, 0xec, 0xd2, 0xff, 0xff, 0xca, 0x4b, 0xff, 0xff, 0xca, 0x4b, 0xff, 0xc7, 0xae, 0x5e, 0xff,
    0x1f, 0x5c, 0x97, 0xff, 0x1f, 0x5c, 0x97, 0xff, 0x1f, 0x5c, 0x97, 0xff, 0x1f, 0x5c, 0x97, 0xff,
    0x1f, 0x5c, 0x97, 0xff, 0x1f, 0x5c, 0x97, 0xff, 0x1f, 0x5c, 0x97, 0xff, 0x1f, 0x5c, 0x97, 0xff,
    0x1f, 0x5c, 0x97, 0xff, 0x1f, 0x5c, 0x97, 0xff, 0x1f, 0x5c, 0x97, 0xff, 0x1f, 0x5c, 0x97, 0xff,
    0x1f, 0x5c, 0x97, 0xff, 0x1f, 0x5c, 0x97, 0xff, 0x1f, 0x5c, 0x97, 0xff, 0x1f, 0x5c, 0x97, 0xff,
    0x1f, 0x5c, 0x97, 0xff, 0x1f, 0x5c, 0x97, 0xff, 0x1f, 0x5c, 0x97, 0xff, 0x1f, 0x5c, 0x97, 0xff,
    0x1f, 0x5c, 0x97, 0xff, 0x1f, 0x5c, 0x97, 0xff, 0x1f, 0x5c, 0x97, 0xff, 0x1f, 0x5c, 0x97, 0xff,
    0x1f, 0x5c, 0x97, 0xff, 0x1f, 0x5c, 0x97, 0xff, 0x1f, 0x5c, 0x97, 0xff, 0x1f, 0x5c, 0x97, 0xff,
    0x1f, 0x5c, 0x97, 0xff, 0x1f, 0x5c, 0x97, 0xff, 0x1f, 0x5c, 0x97, 0xff, 0x1f, 0x5c, 0x97, 0xff,
    0x1f, 0x5c, 0x97, 0xff, 0x52, 0x83, 0xb1, 0xff, 0x84, 0xaa, 0xcb, 0xff, 0x84, 0xaa, 0xcb, 0xff,
    0xea, 0xf7, 0xff, 0xff, 0xea, 0xf7, 0xff, 0xff, 0xea, 0xf7, 0xff, 0xff, 0xea, 0xf7, 0xff, 0xff,
    0xea, 0xf7, 0xff, 0xff, 0xea, 0xf7, 0xff, 0xff, 0xea, 0xf7, 0xff, 0xff, 0xea, 0xf7, 0xff, 0xff,
    0xea, 0xf7, 0xff, 0xff, 0xea, 0xf7, 0xff, 0xff, 0xea, 0xf7, 0xff, 0xff, 0xea, 0xf7, 0xff, 0xff,
    0xea, 0xf7, 0xff, 0xff, 0xea, 0xf7, 0xff, 0xff, 0xea, 0xf7, 0xff, 0xff, 0xea, 0xf7, 0xff, 0xff,
    0xea, 0xf7, 0xff, 0xff, 0xea, 0xf7, 0xff, 0xff, 0xea, 0xf7, 0xff, 0xff, 0xea, 0xf7, 0xff, 0xff,
    0xea, 0xf7, 0xff, 0xff, 0xea, 0xf7, 0xff, 0xff, 0xea, 0xf7, 0xff, 0xff, 0xea, 0xf7, 0xff, 0xff,
    0xea, 0xf7, 0xff, 0xff, 0xef, 0xec, 0xd2, 0xff, 0xff, 0xca, 0x4b, 0xff, 0x1f, 0x5c, 0x97, 0xff,
    0x1f, 0x5c, 0x97, 0xff, 0x1f, 0x5c, 0x97, 0xff, 0x1f, 0x5c, 0x97, 0xff, 0x1f, 0x5c, 0x97, 0xff,
    0x1f, 0x5c, 0x97, 0xff, 0x1f, 0x5c, 0x97, 0xff, 0x1f, 0x5c, 0x97, 0xff, 0x1f, 0x5c, 0x97, 0xff,
    0x1f, 0x5c, 0x97, 0xff, 0x1f, 0x5c, 0x97, 0xff, 0x1f, 0x5c, 0x97, 0xff, 0x1f, 0x5c, 0x97, 0xff,
    0x1f, 0x5c, 0x97, 0xff, 0x1f, 0x5c, 0x97, 0xff, 0x1f, 0x5c, 0x97, 0xff, 0x1f, 0x5c, 0x97, 0xff,
    0x1f, 0x5c, 0x97, 0xff, 0x1f, 0x5c, 0x97, 0xff, 0x1f, 0x5c, 0x97, 0xff, 0x1f, 0x5c, 0x97, 0xff,
    0x1f, 0x5c, 0x97, 0xff, 0x1f, 0x5c, 0x97, 0xff, 0x1f, 0x5c, 0x97, 0xff, 0x1f, 0x5c, 0x97, 0xff,
    0x1f, 0x5c, 0x97, 0xff, 0x1f, 0x5c, 0x97, 0xff, 0x1f, 0x5c, 0x97, 0xff, 0x1f, 0x5c, 0x97, 0xff,
    0x1f, 0x5c, 0x97, 0xff, 0x1f, 0x5c, 0x97, 0xff, 0x52, 0x83, 0xb1, 0xff, 0x84, 0xaa, 0xcb, 0xff,
    0xea, 0xf7, 0xff, 0xff, 0xea, 0xf7, 0xff, 0xff, 0xea, 0xf7, 0xff, 0xff, 0xea, 0xf7, 0xff, 0xff,
    0xea, 0xf7, 0xff, 0xff, 0xea, 0xf7, 0xff, 0xff, 0xea, 0xf7, 0xff, 0xff, 0xea, 0xf7, 0xff, 0xff,
    0xea, 0xf7, 0xff, 0xff, 0xea, 0xf7, 0xff, 0xff, 0xea, 0xf7, 0xff, 0xff, 0xea, 0xf7, 0xff, 0xff,
    0xea, 0xf7, 0xff, 0xff, 0xea, 0xf7, 0xff, 0xff, 0xea, 0xf7, 0xff, 0xff, 0xea, 0xf7, 0xff, 0xff,
    0xea, 0xf7, 0xff, 0xff, 0xea, 0xf7, 0xff, 0xff, 0xea, 0xf7, 0xff, 0xff, 0xea, 0xf7, 0xff, 0xff,
    0xea, 0xf7, 0xff, 0xff, 0xea, 0xf7, 0xff, 0xff, 0xea, 0xf7, 0xff, 0xff, 0xea, 0xf7, 0xff, 0xff,
    0xea, 0xf7, 0xff, 0xff, 0xea, 0xf7, 0xff, 0xff, 0xea, 0xf7, 0xff, 0xff, 0xea, 0xf7, 0xff, 0xff,
    0xea, 0xf7, 0xff, 0xff, 0xea, 0xf7, 0xff, 0xff, 0x84, 0xaa, 0xcb, 0xff, 0x1f, 0x5c, 0x97, 0xff,
    0x1f, 0x5c, 0x97, 0xff, 0x1f, 0x5c, 0x97, 0xff, 0x1f, 0x5c, 0x97, 0xff, 0x1f, 0x5c, 0x97, 0xff,
    0x1f, 0x5c, 0x97, 0xff, 0x1f, 0x5c, 0x97, 0xff, 0x1f, 0x5c, 0x97, 0xff, 0x1f, 0x5c, 0x97, 0xff,
    0x1f, 0x5c, 0x97, 0xff, 0x1f, 0x5c, 0x97, 0xff, 0x1f, 0x5c, 0x97, 0xff, 0x1f, 0x5c, 0x97, 0xff,
    0x1f, 0x5c, 0x97, 0xff, 0x1f, 0x5c, 0x97, 0xff, 0x1f, 0x5c, 0x97, 0xff, 0x1f, 0x5c, 0x97, 0xff,
    0x1f, 0x5c, 0x97, 0xff, 0x1f, 0x5c, 0x97, 0xff, 0x1f, 0x5c, 0x97, 0xff, 0x1f, 0x5c, 0x97, 0xff,
    0x1f, 0x5c, 0x97, 0xff, 0x1f, 0x5c, 0x97, 0xff, 0x1f, 0x5c, 0x97, 0xff, 0x1f, 0x5c, 0x97, 0xff,
    0x1f, 0x5c, 0x97, 0xff, 0x1f, 0x5c, 0x97, 0xff, 0x1f, 0x5c, 0x97, 0xff, 0x1f, 0x5c, 0x97, 0xff,
    0x52, 0x83, 0xb1, 0xff, 0xb7, 0xd0, 0xe5, 0xff, 0xea, 0xf7, 0xff, 0xff, 0xea, 0xf7, 0xff, 0xff,
    0xea, 0xf7, 0xff, 0xff, 0xea, 0xf7, 0xff, 0xff, 0xea, 0xf7, 0xff, 0xff, 0xea, 0xf7, 0xff, 0xff,
    0xea, 0xf7, 0xff, 0xff, 0xea, 0xf7, 0xff, 0xff, 0xea, 0xf7, 0xff, 0xff, 0xea, 0xf7, 0xff, 0xff,
    0xea, 0xf7, 0xff, 0xff, 0xea, 0xf7, 0xff, 0xff, 0xea, 0xf7, 0xff, 0xff, 0xea, 0xf7, 0xff, 0xff,
    0xea, 0xf7, 0xff, 0xff, 0xea, 0xf7, 0xff, 0xff, 0xea, 0xf7, 0xff, 0xff, 0xea, 0xf7, 0xff, 0xff,
    0xea, 0xf7, 0xff, 0xff, 0xea, 0xf7, 0xff, 0xff, 0xea, 0xf7, 0xff, 0xff, 0xea, 0xf7, 0xff, 0xff,
    0xea, 0xf7, 0xff, 0xff, 0xea, 0xf7, 0xff, 0xff, 0xea, 0xf7, 0xff, 0xff, 0xea, 0xf7, 0xff, 0xff,
    0xea, 0xf7, 0xff, 0xff, 0xea, 0xf7, 0xff, 0xff, 0xea, 0xf7, 0xff, 0xff, 0xea, 0xf7, 0xff, 0xff,
    0xea, 0xf7, 0xff, 0xff, 0xea, 0xf7, 0xff, 0xff, 0xea, 0xf7, 0xff, 0xff, 0x1f, 0x5c, 0x97, 0xff,
    0x1f, 0x5c, 0x97, 0xff, 0x1f, 0x5c, 0x97, 0xff, 0x1f, 0x5c, 0x97, 0xff, 0x1f, 0x5c, 0x97, 0xff,
    0x1f, 0x5c, 0x97, 0xff, 0x1f, 0x5c, 0x97, 0xff, 0x1f, 0x5c, 0x97, 0xff, 0x1f, 0x5c, 0x97, 0xff,
    0x1f, 0x5c, 0x97, 0xff, 0x1f, 0x5c, 0x97, 0xff, 0x1f, 0x5c, 0x97, 0xff, 0x1f, 0x5c, 0x97, 0xff,
    0x1f, 0x5c, 0x97, 0xff, 0x1f, 0x5c, 0x97, 0xff, 0x1f, 0x5c, 0x97, 0xff, 0x1f, 0x5c, 0x97, 0xff,
    0x1f, 0x5c, 0x97, 0xff, 0x1f, 0x5c, 0x97, 0xff, 0x1f, 0x5c, 0x97, 0xff, 0x1f, 0x5c, 0x97, 0xff,
    0x1f, 0x5c, 0x97, 0xff, 0x1f, 0x5c, 0x97, 0xff, 0x1f, 0x5c, 0x97, 0xff, 0x1f, 0x5c, 0x97, 0xff,
    0x1f, 0x5c, 0x97, 0xff, 0x1f, 0x5c, 0x97, 0xff, 0x52, 0x83, 0xb1, 0xff, 0xb7, 0xd0, 0xe5, 0xff,
    0xea, 0xf7, 0xff, 0xff, 0xea, 0xf7, 0xff, 0xff, 0xea, 0xf7, 0xff, 0xff, 0xea, 0xf7, 0xff, 0xff,
    0xea, 0xf7, 0xff, 0xff, 0xea, 0xf7, 0xff, 0xff, 0xea, 0xf7, 0xff, 0xff, 0xea, 0xf7, 0xff, 0xff,
    0xea, 0xf7, 0xff, 0xff, 0xea, 0xf7, 0xff, 0xff, 0xea, 0xf7, 0xff, 0xff, 0xea, 0xf7, 0xff, 0xff,
    0xea, 0xf7, 0xff, 0xff, 0xea, 0xf7, 0xff, 0xff, 0xea, 0xf7, 0xff, 0xff, 0xea, 0xf7, 0xff, 0xff,
    0xea, 0xf7, 0xff, 0xff, 0xea, 0xf7, 0xff, 0xff, 0xea, 0xf7, 0xff, 0xff, 0xea, 0xf7, 0xff, 0xff,
    0xea, 0xf7, 0xff, 0xff, 0xea, 0xf7, 0xff, 0xff, 0xea, 0xf7, 0xff, 0xff, 0xea, 0xf7, 0xff, 0xff,
    0xea, 0xf7, 0xff, 0xff, 0xea, 0xf7, 0xff, 0xff, 0xea, 0xf7, 0xff, 0xff, 0xea, 0xf7, 0xff, 0xff,
    0xea, 0xf7, 0xff, 0xff, 0xea, 0xf7, 0xff, 0xff, 0xea, 0xf7, 0xff, 0xff, 0xea, 0xf7, 0xff, 0xff,
    0xea, 0xf7, 0xff, 0xff, 0xea, 0xf7, 0xff, 0xff, 0xea, 0xf7, 0xff, 0xff, 0x84, 0xaa, 0xcb, 0xff,
    0x1f, 0x5c, 0x97, 0xff, 0x1f, 0x5c, 0x97, 0xff, 0x1f, 0x5c, 0x97, 0xff, 0x1f, 0x5c, 0x97, 0xff,
    0x1f, 0x5c, 0x97, 0xff, 0x1f, 0x5c, 0x97, 0xff, 0x1f, 0x5c, 0x97, 0xff, 0x1f, 0x5c, 0x97, 0xff,
    0x1f, 0x5c, 0x97, 0xff, 0x1f, 0x5c, 0x97, 0xff, 0x1f, 0x5c, 0x97, 0xff, 0x1f, 0x5c, 0x97, 0xff,
    0x1f, 0x5c, 0x97, 0xff, 0x1f, 0x5c, 0x97, 0xff, 0x1f, 0x5c, 0x97, 0xff, 0x1f, 0x5c, 0x97, 0xff,
    0x1f, 0x5c, 0x97, 0xff, 0x1f, 0x5c, 0x97, 0xff, 0x1f, 0x5c, 0x97, 0xff, 0x1f, 0x5c, 0x97, 0xff,
    0x1f, 0x5c, 0x97, 0xff, 0x1f, 0x5c, 0x97, 0xff, 0x1f, 0x5c, 0x97, 0xff, 0x1f, 0x5c, 0x97, 0xff,
    0x1f, 0x5c, 0x97, 0xff, 0x52, 0x83, 0xb1, 0xff, 0xea, 0xf7, 0xff, 0xff, 0xea, 0xf7, 0xff, 0xff,
    0xea, 0xf7, 0xff, 0xff, 0xea, 0xf7, 0xff, 0xff, 0xea, 0xf7, 0xff, 0xff, 0xea, 0xf7, 0xff, 0xff,
    0xea, 0xf7, 0xff, 0xff, 0xea, 0xf7, 0xff, 0xff, 0xea, 0xf7, 0xff, 0xff, 0xea, 0xf7, 0xff, 0xff,
    0xea, 0xf7, 0xff, 0xff, 0xea, 0xf7, 0xff, 0xff, 0xea, 0xf7, 0xff, 0xff, 0xea, 0xf7, 0xff, 0xff,
    0xea, 0xf7, 0xff, 0xff, 0xea, 0xf7, 0xff, 0xff, 0xea, 0xf7, 0xff, 0xff, 0xea, 0xf7, 0xff, 0xff,
    0xea, 0xf7, 0xff, 0xff, 0xea, 0xf7, 0xff, 0xff, 0xea, 0xf7, 0xff, 0xff, 0xea, 0xf7, 0xff, 0xff,
    0xea, 0xf7, 0xff, 0xff, 0xea, 0xf7, 0xff, 0xff, 0xea, 0xf7, 0xff, 0xff, 0xea, 0xf7, 0xff, 0xff,
    0xea, 0xf7, 0xff, 0xff, 0xea, 0xf7, 0xff, 0xff, 0xea, 0xf7, 0xff, 0xff, 0xea, 0xf7, 0xff, 0xff,
    0xea, 0xf7, 0xff, 0xff, 0xea, 0xf7, 0xff, 0xff, 0xea, 0xf7, 0xff, 0xff, 0xea, 0xf7, 0xff, 0xff,
    0xea, 0xf7, 0xff, 0xff, 0xea, 0xf7, 0xff, 0xff, 0xea, 0xf7, 0xff, 0xff, 0xb7, 0xd0, 0xe5, 0xff,
    0x1f, 0x5c, 0x97, 0xff, 0x1f, 0x5c, 0x97, 0xff, 0x1f, 0x5c, 0x97, 0xff, 0x1f, 0x5c, 0x97, 0xff,
    0x1f, 0x5c, 0x97, 0xff, 0x1f, 0x5c, 0x97, 0xff, 0x1f, 0x5c, 0x97, 0xff, 0x1f, 0x5c, 0x97, 0xff,
    0x1f, 0x5c, 0x97, 0xff, 0x1f, 0x5c, 0x97, 0xff, 0x1f, 0x5c, 0x97, 0xff, 0x1f, 0x5c, 0x97, 0xff,
    0x1f, 0x5c, 0x97, 0xff, 0x1f, 0x5c, 0x97, 0xff, 0x1f, 0x5c, 0x97, 0xff, 0x1f, 0x5c, 0x97, 0xff,
    0x1f, 0x5c, 0x97, 0xff, 0x1f, 0x5c, 0x97, 0xff, 0x1f, 0x5c, 0x97, 0xff, 0x1f, 0x5c, 0x97, 0xff,
    0x1f, 0x5c, 0x97, 0xff, 0x1f, 0x5c, 0x97, 0xff, 0x1f, 0x5c, 0x97, 0xff, 0x1f, 0x5c, 0x97, 0xff,
    0x52, 0x83, 0xb1, 0xff, 0xea, 0xf7, 0xff, 0xff, 0xea, 0xf7, 0xff, 0xff, 0xea, 0xf7, 0xff, 0xff,
    0xea, 0xf7, 0xff, 0xff, 0xea, 0xf7, 0xff, 0xff, 0xea, 0xf7, 0xff, 0xff, 0xea, 0xf7, 0xff, 0xff,
    0xea, 0xf7, 0xff, 0xff, 0xea, 0xf7, 0xff, 0xff, 0xea, 0xf7, 0xff, 0xff, 0xea, 0xf7, 0xff, 0xff,
    0xea, 0xf7, 0xff, 0xff, 0xea, 0xf7, 0xff, 0xff, 0xea, 0xf7, 0xff, 0xff, 0xea, 0xf7, 0xff, 0xff,
    0xea, 0xf7, 0xff, 0xff, 0xea, 0xf7, 0xff, 0xff, 0xea, 0xf7, 0xff, 0xff, 0xea, 0xf7, 0xff, 0xff,
    0xea, 0xf7, 0xff, 0xff, 0xea, 0xf7, 0xff, 0xff, 0xea, 0xf7, 0xff, 0xff, 0xea, 0xf7, 0xff, 0xff,
    0xea, 0xf7, 0xff, 0xff, 0xea, 0xf7, 0xff, 0xff, 0xea, 0xf7, 0xff, 0xff, 0xea, 0xf7, 0xff, 0xff,
    0xea, 0xf7, 0xff, 0xff, 0xea, 0xf7, 0xff, 0xff, 0xea, 0xf7, 0xff, 0xff, 0xea, 0xf7, 0xff, 0xff,
    0xea, 0xf7, 0xff, 0xff, 0xea, 0xf7, 0xff, 0xff, 0xea, 0xf7, 0xff, 0xff, 0xea, 0xf7, 0xff, 0xff,
    0xea, 0xf7, 0xff, 0xff, 0xea, 0xf7, 0xff, 0xff, 0xea, 0xf7, 0xff, 0xff, 0xea, 0xf7, 0xff, 0xff,
    0x1f, 0x5c, 0x97, 0xff, 0x1f, 0x5c, 0x97, 0xff, 0x1f, 0x5c, 0x97, 0xff, 0x1f, 0x5c, 0x97, 0xff,
    0x1f, 0x5c, 0x97, 0xff, 0x1f, 0x5c, 0x97, 0xff, 0x1f, 0x5c, 0x97, 0xff, 0x1f, 0x5c, 0x97, 0xff,
    0x1f, 0x5c, 0x97, 0xff, 0x1f, 0x5c, 0x97, 0xff, 0x1f, 0x5c, 0x97, 0xff, 0x1f, 0x5c, 0x97, 0xff,
    0x1f, 0x5c, 0x97, 0xff, 0x1f, 0x5c, 0x97, 0xff, 0x1f, 0x5c, 0x97, 0xff, 0x1f, 0x5c, 0x97, 0xff,
    0x1f, 0x5c, 0x97, 0xff, 0x1f, 0x5c, 0x97, 0xff, 0x1f, 0x5c, 0x97, 0xff, 0x1f, 0x5c, 0x97, 0xff,
    0x1f, 0x5c, 0x97, 0xff, 0x1f, 0x5c, 0x97, 0xff, 0x1f, 0x5c, 0x97, 0xff, 0x1f, 0x5c, 0x97, 0xff,
    0xea, 0xf7, 0xff, 0xff, 0xea, 0xf7, 0xff, 0xff, 0xea, 0xf7, 0xff, 0xff, 0xea, 0xf7, 0xff, 0xff,
    0xea, 0xf7, 0xff, 0xff, 0xea, 0xf7, 0xff, 0xff, 0xea, 0xf7, 0xff, 0xff, 0xea, 0xf7, 0xff, 0xff,
    0xea, 0xf7, 0xff, 0xff, 0xea, 0xf7, 0xff, 0xff, 0xea, 0xf7, 0xff, 0xff, 0xea, 0xf7, 0xff, 0xff,
    0xea, 0xf7, 0xff, 0xff, 0xea, 0xf7, 0xff, 0xff, 0xea, 0xf7, 0xff, 0xff, 0xea, 0xf7, 0xff, 0xff,
    0xea, 0xf7, 0xff, 0xff, 0xea, 0xf7, 0xff, 0xff, 0xea, 0xf7, 0xff, 0xff, 0xea, 0xf7, 0xff, 0xff,
    0xea, 0xf7, 0xff, 0xff, 0xea, 0xf7, 0xff, 0xff, 0xea, 0xf7, 0xff, 0xff, 0xea, 0xf7, 0xff, 0xff,
    0xea, 0xf7, 0xff, 0xff, 0xea, 0xf7, 0xff, 0xff, 0xea, 0xf7, 0xff, 0xff, 0xea, 0xf7, 0xff, 0xff,
    0xea, 0xf7, 0xff, 0xff, 0xea, 0xf7, 0xff, 0xff, 0xea, 0xf7, 0xff, 0xff, 0xea, 0xf7, 0xff, 0xff,
    0xea, 0xf7, 0xff, 0xff, 0xea, 0xf7, 0xff, 0xff, 0xea, 0xf7, 0xff, 0xff, 0xea, 0xf7, 0xff, 0xff,
    0xea, 0xf7, 0xff, 0xff, 0xea, 0xf7, 0xff, 0xff, 0xea, 0xf7, 0xff, 0xff, 0xea, 0xf7, 0xff, 0xff,
    0x1f, 0x5c, 0x97, 0xff, 0x1f, 0x5c, 0x97, 0xff, 0x1f, 0x5c, 0x97, 0xff, 0x1f, 0x5c, 0x97, 0xff,
    0x1f, 0x5c, 0x97, 0xff, 0x1f, 0x5c, 0x97, 0xff, 0x1f, 0x5c, 0x97, 0xff, 0x1f, 0x5c, 0x97, 0xff,
    0x1f, 0x5c, 0x97, 0xff, 0x1f, 0x5c, 0x97, 0xff, 0x1f, 0x5c, 0x97, 0xff, 0x1f, 0x5c, 0x97, 0xff,
    0x1f, 0x5c, 0x97, 0xff, 0x1f, 0x5c, 0x97, 0xff, 0x1f, 0x5c, 0x97, 0xff, 0x1f, 0x5c, 0x97, 0xff,
    0x1f, 0x5c, 0x97, 0xff, 0x1f, 0x5c, 0x97, 0xff, 0x1f, 0x5c, 0x97, 0xff, 0x1f, 0x5c, 0x97, 0xff,
    0x1f, 0x5c, 0x97, 0xff, 0x1f, 0x5c, 0x97, 0xff, 0x1f, 0x5c, 0x97, 0xff, 0x84, 0xaa, 0xcb, 0xff,
    0xea, 0xf7, 0xff, 0xff, 0xea, 0xf7, 0xff, 0xff, 0xea, 0xf7, 0xff, 0xff, 0xea, 0xf7, 0xff, 0xff,
    0xea, 0xf7, 0xff, 0xff, 0xea, 0xf7, 0xff, 0xff, 0xea, 0xf7, 0xff, 0xff, 0xea, 0xf7, 0xff, 0xff,
    0xea, 0xf7, 0xff, 0xff, 0xea, 0xf7, 0xff, 0xff, 0xea, 0xf7, 0xff, 0xff, 0xea, 0xf7, 0xff, 0xff,
    0xea, 0xf7, 0xff, 0xff, 0xea, 0xf7, 0xff, 0xff, 0xea, 0xf7, 0xff, 0xff, 0xea, 0xf7, 0xff, 0xff,
    0xea, 0xf7, 0xff, 0xff, 0xea, 0xf7, 0xff, 0xff, 0xea, 0xf7, 0xff, 0xff, 0xea, 0xf7, 0xff, 0xff,
    0xea, 0xf7, 0xff, 0xff, 0xea, 0xf7, 0xff, 0xff, 0xea, 0xf7, 0xff, 0xff, 0xea, 0xf7, 0xff, 0xff,
    0xea, 0xf7, 0xff, 0xff, 0xea, 0xf7, 0xff, 0xff, 0xea, 0xf7, 0xff, 0xff, 0xea, 0xf7, 0xff, 0xff,
    0xea, 0xf7, 0xff, 0xff, 0xea, 0xf7, 0xff, 0xff, 0xea, 0xf7, 0xff, 0xff, 0xea, 0xf7, 0xff, 0xff,
    0xea, 0xf7, 0xff, 0xff, 0xea, 0xf7, 0xff, 0xff, 0xea, 0xf7, 0xff, 0xff, 0xea, 0xf7, 0xff, 0xff,
    0xea, 0xf7, 0xff, 0xff, 0xea, 0xf7, 0xff, 0xff, 0xea, 0xf7, 0xff, 0xff, 0xea, 0xf7, 0xff, 0xff,
    0x1f, 0x5c, 0x97, 0xff, 0x1f, 0x5c, 0x97, 0xff, 0x1f, 0x5c, 0x97, 0xff, 0x1f, 0x5c, 0x97, 0xff,
    0x1f, 0x5c, 0x97, 0xff, 0x1f, 0x5c, 0x97, 0xff, 0x1f, 0x5c, 0x97, 0xff, 0x1f, 0x5c, 0x97, 0xff,
    0x1f, 0x5c, 0x97, 0xff, 0x1f, 0x5c, 0x97, 0xff, 0x1f, 0x5c, 0x97, 0xff, 0x1f, 0x5c, 0x97, 0xff,
    0x1f, 0x5c, 0x97, 0xff, 0x1f, 0x5c, 0x97, 0xff, 0x1f, 0x5c, 0x97, 0xff, 0x1f, 0x5c, 0x97, 0xff,
    0x1f, 0x5c, 0x97, 0xff, 0x1f, 0x5c, 0x97, 0xff, 0x1f, 0x5c, 0x97, 0xff, 0x1f, 0x5c, 0x97, 0xff,
    0x1f, 0x5c, 0x97, 0xff, 0x1f, 0x5c, 0x97, 0xff, 0x1f, 0x5c, 0x97, 0xff, 0xb7, 0xd0, 0xe5, 0xff,
    0xea, 0xf7, 0xff, 0xff, 0xea, 0xf7, 0xff, 0xff, 0xea, 0xf7, 0xff, 0xff, 0xea, 0xf7, 0xff, 0xff,
    0xea, 0xf7, 0xff, 0xff, 0xea, 0xf7, 0xff, 0xff, 0xea, 0xf7, 0xff, 0xff, 0xea, 0xf7, 0xff, 0xff,
    0xea, 0xf7, 0xff, 0xff, 0xea, 0xf7, 0xff, 0xff, 0xea, 0xf7, 0xff, 0xff, 0xea, 0xf7, 0xff, 0xff,
    0xea, 0xf7, 0xff, 0xff, 0xea, 0xf7, 0xff, 0xff, 0xea, 0xf7, 0xff, 0xff, 0xea, 0xf7, 0xff, 0xff,
    0xea, 0xf7, 0xff, 0xff, 0xea, 0xf7, 0xff, 0xff, 0xea, 0xf7, 0xff, 0xff, 0xea, 0xf7, 0xff, 0xff,
    0xea, 0xf7, 0xff, 0xff, 0xea, 0xf7, 0xff, 0xff, 0xea, 0xf7, 0xff, 0xff, 0xea, 0xf7, 0xff, 0xff,
    0xea, 0xf7, 0xff, 0xff, 0xea, 0xf7, 0xff, 0xff, 0xea, 0xf7, 0xff, 0xff, 0xea, 0xf7, 0xff, 0xff,
    0xea, 0xf7, 0xff, 0xff, 0xea, 0xf7, 0xff, 0xff, 0xea, 0xf7, 0xff, 0xff, 0xea, 0xf7, 0xff, 0xff,
    0xea, 0xf7, 0xff, 0xff, 0xea, 0xf7, 0xff, 0xff, 0xea, 0xf7, 0xff, 0xff, 0xea, 0xf7, 0xff, 0xff,
    0xea, 0xf7, 0xff, 0xff, 0xea, 0xf7, 0xff, 0xff, 0xea, 0xf7, 0xff, 0xff, 0xea, 0xf7, 0xff, 0xff,
    0x1f, 0x5c, 0x97, 0xff, 0x1f, 0x5c, 0x97, 0xff, 0x1f, 0x5c, 0x97, 0xff, 0x1f, 0x5c, 0x97, 0xff,
    0x1f, 0x5c, 0x97, 0xff, 0x1f, 0x5c, 0x97, 0xff, 0x1f, 0x5c, 0x97, 0xff, 0x1f, 0x5c, 0x97, 0xff,
    0x1f, 0x5c, 0x97, 0xff, 0x1f, 0x5c, 0x97, 0xff, 0x1f, 0x5c, 0x97, 0xff, 0x1f, 0x5c, 0x97, 0xff,
    0x1f, 0x5c, 0x97, 0xff, 0x1f, 0x5c, 0x97, 0xff, 0x1f, 0x5c, 0x97, 0xff, 0x1f, 0x5c, 0x97, 0xff,
    0x1f, 0x5c, 0x97, 0xff, 0x1f, 0x5c, 0x97, 0xff, 0x1f, 0x5c, 0x97, 0xff, 0x1f, 0x5c, 0x97, 0xff,
    0x1f, 0x5c, 0x97, 0xff, 0x1f, 0x5c, 0x97, 0xff, 0xb7, 0xd0, 0xe5, 0xff, 0xea, 0xf7, 0xff, 0xff,
    0xea, 0xf7, 0xff, 0xff, 0xea, 0xf7, 0xff, 0xff, 0xea, 0xf7, 0xff, 0xff, 0xea, 0xf7, 0xff, 0xff,
    0xea, 0xf7, 0xff, 0xff, 0xea, 0xf7, 0xff, 0xff, 0xea, 0xf7, 0xff, 0xff, 0xea, 0xf7, 0xff, 0xff,
    0xea, 0xf7, 0xff, 0xff, 0xea, 0xf7, 0xff, 0xff, 0xea, 0xf7, 0xff, 0xff, 0xea, 0xf7, 0xff, 0xff,
    0xea, 0xf7, 0xff, 0xff, 0xea, 0xf7, 0xff, 0xff, 0xea, 0xf7, 0xff, 0xff, 0xea, 0xf7, 0xff, 0xff,
    0xea, 0xf7, 0xff, 0xff, 0xea, 0xf7, 0xff, 0xff, 0xea, 0xf7, 0xff, 0xff, 0xea, 0xf7, 0xff, 0xff,
    0xea, 0xf7, 0xff, 0xff, 0xea, 0xf7, 0xff, 0xff, 0xea, 0xf7, 0xff, 0xff, 0xea, 0xf7, 0xff, 0xff,
    0xea, 0xf7, 0xff, 0xff, 0xea, 0xf7, 0xff, 0xff, 0xea, 0xf7, 0xff, 0xff, 0xea, 0xf7, 0xff, 0xff,
    0xea, 0xf7, 0xff, 0xff, 0xea, 0xf7, 0xff, 0xff, 0xea, 0xf7, 0xff, 0xff, 0xea, 0xf7, 0xff, 0xff,
    0xea, 0xf7, 0xff, 0xff, 0xea, 0xf7, 0xff, 0xff, 0xea, 0xf7, 0xff, 0xff, 0xea, 0xf7, 0xff, 0xff,
    0xea, 0xf7, 0xff, 0xff, 0xea, 0xf7, 0xff, 0xff, 0xea, 0xf7, 0xff, 0xff, 0xb7, 0xd0, 0xe5, 0xff,
    0x1f, 0x5c, 0x97, 0xff, 0x1f, 0x5c, 0x97, 0xff, 0x1f, 0x5c, 0x97, 0xff, 0x1f, 0x5c, 0x97, 0xff,
    0x1f, 0x5c, 0x97, 0xff, 0x1f, 0x5c, 0x97, 0xff, 0x1f, 0x5c, 0x97, 0xff, 0x1f, 0x5c, 0x97, 0xff,
    0x1f, 0x5c, 0x97, 0xff, 0x1f, 0x5c, 0x97, 0xff, 0x1f, 0x5c, 0x97, 0xff, 0x1f, 0x5c, 0x97, 0xff,
    0x1f, 0x5c, 0x97, 0xff, 0x1f, 0x5c, 0x97, 0xff, 0x1f, 0x5c, 0x97, 0xff, 0x1f, 0x5c, 0x97, 0xff,
    0x1f, 0x5c, 0x97, 0xff, 0x1f, 0x5c, 0x97, 0xff, 0x1f, 0x5c, 0x97, 0xff, 0x1f, 0x5c, 0x97, 0xff,
    0x1f, 0x5c, 0x97, 0xff, 0x52, 0x83, 0xb1, 0xff, 0xea, 0xf7, 0xff, 0xff, 0xea, 0xf7, 0xff, 0xff,
    0xea, 0xf7, 0xff, 0xff, 0xea, 0xf7, 0xff, 0xff, 0xea, 0xf7, 0xff, 0xff, 0xea, 0xf7, 0xff, 0xff,
    0xea, 0xf7, 0xff, 0xff, 0xea, 0xf7, 0xff, 0xff, 0xea, 0xf7, 0xff, 0xff, 0xea, 0xf7, 0xff, 0xff,
    0xea, 0xf7, 0xff, 0xff, 0xea, 0xf7, 0xff, 0xff, 0xea, 0xf7, 0xff, 0xff, 0xea, 0xf7, 0xff, 0xff,
    0xea, 0xf7, 0xff, 0xff, 0xea, 0xf7, 0xff, 0xff, 0xea, 0xf7, 0xff, 0xff, 0xea, 0xf7, 0xff, 0xff,
    0xea, 0xf7, 0xff, 0xff, 0xea, 0xf7, 0xff, 0xff, 0xea, 0xf7, 0xff, 0xff, 0xea, 0xf7, 0xff, 0xff,
    0xea, 0xf7, 0xff, 0xff, 0xea, 0xf7, 0xff, 0xff, 0xea, 0xf7, 0xff, 0xff, 0xea, 0xf7, 0xff, 0xff,
    0xea, 0xf7, 0xff, 0xff, 0xea, 0xf7, 0xff, 0xff, 0xea, 0xf7, 0xff, 0xff, 0xea, 0xf7, 0xff, 0xff,
    0xea, 0xf7, 0xff, 0xff, 0xea, 0xf7, 0xff, 0xff, 0xea, 0xf7, 0xff, 0xff, 0xea, 0xf7, 0xff, 0xff,
    0xea, 0xf7, 0xff, 0xff, 0xea, 0xf7, 0xff, 0xff, 0xea, 0xf7, 0xff, 0xff, 0xea, 0xf7, 0xff, 0xff,
    0xea, 0xf7, 0xff, 0xff, 0xea, 0xf7, 0xff, 0xff, 0xea, 0xf7, 0xff, 0xff, 0x84, 0xaa, 0xcb, 0xff,
    0x1f, 0x5c, 0x97, 0xff, 0x1f, 0x5c, 0x97, 0xff, 0x1f, 0x5c, 0x97, 0xff, 0x1f, 0x5c, 0x97, 0xff,
    0x1f, 0x5c, 0x97, 0xff, 0x1f, 0x5c, 0x97, 0xff, 0x1f, 0x5c, 0x97, 0xff, 0x1f, 0x5c, 0x97, 0xff,
    0x1f, 0x5c, 0x97, 0xff, 0x1f, 0x5c, 0x97, 0xff, 0x1f, 0x5c, 0x97, 0xff, 0x1f, 0x5c, 0x97, 0xff,
    0x1f, 0x5c, 0x97, 0xff, 0x1f, 0x5c, 0x97, 0xff, 0x1f, 0x5c, 0x97, 0xff, 0x1f, 0x5c, 0x97, 0xff,
    0x1f, 0x5c, 0x97, 0xff, 0x1f, 0x5c, 0x97, 0xff, 0x1f, 0x5c, 0x97, 0xff, 0x1f, 0x5c, 0x97, 0xff,
    0x1f, 0x5c, 0x97, 0xff, 0xb7, 0xd0, 0xe5, 0xff, 0xea, 0xf7, 0xff, 0xff, 0xea, 0xf7, 0xff, 0xff,
    0xea, 0xf7, 0xff, 0xff, 0xea, 0xf7, 0xff, 0xff, 0xea, 0xf7, 0xff, 0xff, 0xea, 0xf7, 0xff, 0xff,
    0xea, 0xf7, 0xff, 0xff, 0xea, 0xf7, 0xff, 0xff, 0xea, 0xf7, 0xff, 0xff, 0xea, 0xf7, 0xff, 0xff,
    0xea, 0xf7, 0xff, 0xff, 0xea, 0xf7, 0xff, 0xff, 0xea, 0xf7, 0xff, 0xff, 0xea, 0xf7, 0xff, 0xff,
    0xea, 0xf7, 0xff, 0xff, 0xea, 0xf7, 0xff, 0xff, 0xea, 0xf7, 0xff, 0xff, 0xea, 0xf7, 0xff, 0xff,
    0xea, 0xf7, 0xff, 0xff, 0xea, 0xf7, 0xff, 0xff, 0xea, 0xf7, 0xff, 0xff, 0xea, 0xf7, 0xff, 0xff,
    0xea, 0xf7, 0xff, 0xff, 0xea, 0xf7, 0xff, 0xff, 0xea, 0xf7, 0xff, 0xff, 0xea, 0xf7, 0xff, 0xff,
    0xea, 0xf7, 0xff, 0xff, 0xea, 0xf7, 0xff, 0xff, 0xea, 0xf7, 0xff, 0xff, 0xea, 0xf7, 0xff, 0xff,
    0xea, 0xf7, 0xff, 0xff, 0xea, 0xf7, 0xff, 0xff, 0xea, 0xf7, 0xff, 0xff, 0xea, 0xf7, 0xff, 0xff,
    0xea, 0xf7, 0xff, 0xff, 0xea, 0xf7, 0xff, 0xff, 0xea, 0xf7, 0xff, 0xff, 0xea, 0xf7, 0xff, 0xff,
    0xea, 0xf7, 0xff, 0xff, 0xea, 0xf7, 0xff, 0xff, 0xea, 0xf7, 0xff, 0xff, 0x1f, 0x5c, 0x97, 0xff,
    0x1f, 0x5c, 0x97, 0xff, 0x1f, 0x5c, 0x97, 0xff, 0x1f, 0x5c, 0x97, 0xff, 0x1f, 0x5c, 0x97, 0xff,
    0x1f, 0x5c, 0x97, 0xff, 0x1f, 0x5c, 0x97, 0xff, 0x1f, 0x5c, 0x97, 0xff, 0x1f, 0x5c, 0x97, 0xff,
    0x1f, 0x5c, 0x97, 0xff, 0x1f, 0x5c, 0x97, 0xff, 0x1f, 0x5c, 0x97, 0xff, 0x1f, 0x5c, 0x97, 0xff,
    0x1f, 0x5c, 0x97, 0xff, 0x1f, 0x5c, 0x97, 0xff, 0x1f, 0x5c, 0x97, 0xff, 0x1f, 0x5c, 0x97, 0xff,
    0x1f, 0x5c, 0x97, 0xff, 0x1f, 0x5c, 0x97, 0xff, 0x1f, 0x5c, 0x97, 0xff, 0x1f, 0x5c, 0x97, 0xff,
    0x1f, 0x5c, 0x97, 0xff, 0xea, 0xf7, 0xff, 0xff, 0xea, 0xf7, 0xff, 0xff, 0xea, 0xf7, 0xff, 0xff,
    0xea, 0xf7, 0xff, 0xff, 0xea, 0xf7, 0xff, 0xff, 0xea, 0xf7, 0xff, 0xff, 0xea, 0xf7, 0xff, 0xff,
    0xea, 0xf7, 0xff, 0xff, 0xea, 0xf7, 0xff, 0xff, 0xea, 0xf7, 0xff, 0xff, 0xea, 0xf7, 0xff, 0xff,
    0xea, 0xf7, 0xff, 0xff, 0xea, 0xf7, 0xff, 0xff, 0xea, 0xf7, 0xff, 0xff, 0xea, 0xf7, 0xff, 0xff,
    0xea, 0xf7, 0xff, 0xff, 0xea, 0xf7, 0xff, 0xff, 0xea, 0xf7, 0xff, 0xff, 0xea, 0xf7, 0xff, 0xff,
    0xea, 0xf7, 0xff, 0xff, 0xea, 0xf7, 0xff, 0xff, 0xea, 0xf7, 0xff, 0xff, 0xea, 0xf7, 0xff, 0xff,
    0xea, 0xf7, 0xff, 0xff, 0xea, 0xf7, 0xff, 0xff, 0xea, 0xf7, 0xff, 0xff, 0xea, 0xf7, 0xff, 0xff,
    0xea, 0xf7, 0xff, 0xff, 0xea, 0xf7, 0xff, 0xff, 0xea, 0xf7, 0xff, 0xff, 0xea, 0xf7, 0xff, 0xff,
    0xea, 0xf7, 0xff, 0xff, 0xea, 0xf7, 0xff, 0xff, 0xea, 0xf7, 0xff, 0xff, 0xea, 0xf7, 0xff, 0xff,
    0xea, 0xf7, 0xff, 0xff, 0xea, 0xf7, 0xff, 0xff, 0xea, 0xf7, 0xff, 0xff, 0xea, 0xf7, 0xff, 0xff,
    0xea, 0xf7, 0xff, 0xff, 0xea, 0xf7, 0xff, 0xff, 0x84, 0xaa, 0xcb, 0xff, 0x1f, 0x5c, 0x97, 0xff,
    0x1f, 0x5c, 0x97, 0xff, 0x1f, 0x5c, 0x97, 0xff, 0x1f, 0x5c, 0x97, 0xff, 0x1f, 0x5c, 0x97, 0xff,
    0x1f, 0x5c, 0x97, 0xff, 0x1f, 0x5c, 0x97, 0xff, 0x1f, 0x5c, 0x97, 0xff, 0x1f, 0x5c, 0x97, 0xff,
    0x1f, 0x5c, 0x97, 0xff, 0x1f, 0x5c, 0x97, 0xff, 0x1f, 0x5c, 0x97, 0xff, 0x1f, 0x5c, 0x97, 0xff,
    0x1f, 0x5c, 0x97, 0xff, 0x1f, 0x5c, 0x97, 0xff, 0x1f, 0x5c, 0x97, 0xff, 0x1f, 0x5c, 0x97, 0xff,
    0x1f, 0x5c, 0x97, 0xff, 0x1f, 0x5c, 0x97, 0xff, 0x1f, 0x5c, 0x97, 0xff, 0x1f, 0x5c, 0x97, 0xff,
    0x1f, 0x5c, 0x97, 0xff, 0xea, 0xf7, 0xff, 0xff, 0xea, 0xf7, 0xff, 0xff, 0xea, 0xf7, 0xff, 0xff,
    0xea, 0xf7, 0xff, 0xff, 0xea, 0xf7, 0xff, 0xff, 0xea, 0xf7, 0xff, 0xff, 0xea, 0xf7, 0xff, 0xff,
    0xea, 0xf7, 0xff, 0xff, 0xea, 0xf7, 0xff, 0xff, 0xea, 0xf7, 0xff, 0xff, 0xea, 0xf7, 0xff, 0xff,
    0xea, 0xf7, 0xff, 0xff, 0xea, 0xf7, 0xff, 0xff, 0xea, 0xf7, 0xff, 0xff, 0xea, 0xf7, 0xff, 0xff,
    0xea, 0xf7, 0xff, 0xff, 0xea, 0xf7, 0xff, 0xff, 0xea, 0xf7, 0xff, 0xff, 0xea, 0xf7, 0xff, 0xff,
    0xea, 0xf7, 0xff, 0xff, 0xea, 0xf7, 0xff, 0xff, 0xea, 0xf7, 0xff, 0xff, 0xea, 0xf7, 0xff, 0xff,
    0xea, 0xf7, 0xff, 0xff, 0xea, 0xf7, 0xff, 0xff, 0xea, 0xf7, 0xff, 0xff, 0xea, 0xf7, 0xff, 0xff,
    0xea, 0xf7, 0xff, 0xff, 0xea, 0xf7, 0xff, 0xff, 0xea, 0xf7, 0xff, 0xff, 0xea, 0xf7, 0xff, 0xff,
    0xea, 0xf7, 0xff, 0xff, 0xea, 0xf7, 0xff, 0xff, 0xea, 0xf7, 0xff, 0xff, 0xea, 0xf7, 0xff, 0xff,
    0xea, 0xf7, 0xff, 0xff, 0xea, 0xf7, 0xff, 0xff, 0xea, 0xf7, 0xff, 0xff, 0xea, 0xf7, 0xff, 0xff,
    0xea, 0xf7, 0xff, 0xff, 0xb7, 0xd0, 0xe5, 0xff, 0x1f, 0x5c, 0x97, 0xff, 0x1f, 0x5c, 0x97, 0xff,
    0x1f, 0x5c, 0x97, 0xff, 0x1f, 0x5c, 0x97, 0xff, 0x1f, 0x5c, 0x97, 0xff, 0x1f, 0x5c, 0x97, 0xff,
    0x1f, 0x5c, 0x97, 0xff, 0x1f, 0x5c, 0x97, 0xff, 0x1f, 0x5c, 0x97, 0xff, 0x1f, 0x5c, 0x97, 0xff,
    0x1f, 0x5c, 0x97, 0xff, 0x1f, 0x5c, 0x97, 0xff, 0x1f, 0x5c, 0x97, 0xff, 0x1f, 0x5c, 0x97, 0xff,
    0x1f, 0x5c, 0x97, 0xff, 0x1f, 0x5c, 0x97, 0xff, 0x1f, 0x5c, 0x97, 0xff, 0x1f, 0x5c, 0x97, 0xff,
    0x1f, 0x5c, 0x97, 0xff, 0x1f, 0x5c, 0x97, 0xff, 0x1f, 0x5c, 0x97, 0xff, 0x1f, 0x5c, 0x97, 0xff,
    0x1f, 0x5c, 0x97, 0xff, 0xb7, 0xd0, 0xe5, 0xff, 0xea, 0xf7, 0xff, 0xff, 0xea, 0xf7, 0xff, 0xff,
    0xea, 0xf7, 0xff, 0xff, 0xea, 0xf7, 0xff, 0xff, 0xea, 0xf7, 0xff, 0xff, 0xea, 0xf7, 0xff, 0xff,
    0xea, 0xf7, 0xff, 0xff, 0xea, 0xf7, 0xff, 0xff, 0xea, 0xf7, 0xff, 0xff, 0xea, 0xf7, 0xff, 0xff,
    0xea, 0xf7, 0xff, 0xff, 0xea, 0xf7, 0xff, 0xff, 0xea, 0xf7, 0xff, 0xff, 0xea, 0xf7, 0xff, 0xff,
    0xea, 0xf7, 0xff, 0xff, 0xea, 0xf7, 0xff, 0xff, 0xea, 0xf7, 0xff, 0xff, 0xea, 0xf7, 0xff, 0xff,
    0xea, 0xf7, 0xff, 0xff, 0xea, 0xf7, 0xff, 0xff, 0xea, 0xf7, 0xff, 0xff, 0xea, 0xf7, 0xff, 0xff,
    0xea, 0xf7, 0xff, 0xff, 0xea, 0xf7, 0xff, 0xff, 0xea, 0xf7, 0xff, 0xff, 0xea, 0xf7, 0xff, 0xff,
    0xea, 0xf7, 0xff, 0xff, 0xea, 0xf7, 0xff, 0xff, 0xea, 0xf7, 0xff, 0xff, 0xea, 0xf7, 0xff, 0xff,
    0xea, 0xf7, 0xff, 0xff, 0xea, 0xf7, 0xff, 0xff, 0xea, 0xf7, 0xff, 0xff, 0xea, 0xf7, 0xff, 0xff,
    0xea, 0xf7, 0xff, 0xff, 0xea, 0xf7, 0xff, 0xff, 0xea, 0xf7, 0xff, 0xff, 0xea, 0xf7, 0xff, 0xff,
    0xb7, 0xd0, 0xe5, 0xff, 0x1f, 0x5c, 0x97, 0xff, 0x1f, 0x5c, 0x97, 0xff, 0x1f, 0x5c, 0x97, 0xff,
    0x1f, 0x5c, 0x97, 0xff, 0x1f, 0x5c, 0x97, 0xff, 0x1f, 0x5c, 0x97, 0xff, 0x1f, 0x5c, 0x97, 0xff,
    0x1f, 0x5c, 0x97, 0xff, 0x1f, 0x5c, 0x97, 0xff, 0x1f, 0x5c, 0x97, 0xff, 0x1f, 0x5c, 0x97, 0xff,
    0x1f, 0x5c, 0x97, 0xff, 0x1f, 0x5c, 0x97, 0xff, 0x1f, 0x5c, 0x97, 0xff, 0x1f, 0x5c, 0x97, 0xff,
    0x1f, 0x5c, 0x97, 0xff, 0x1f, 0x5c, 0x97, 0xff, 0x1f, 0x5c, 0x97, 0xff, 0x1f, 0x5c, 0x97, 0xff,
    0x1f, 0x5c, 0x97, 0xff, 0x1f, 0x5c, 0x97, 0xff, 0x1f, 0x5c, 0x97, 0xff, 0x1f, 0x5c, 0x97, 0xff,
    0x1f, 0x5c, 0x97, 0xff, 0x52, 0x83, 0xb1, 0xff, 0xea, 0xf7, 0xff, 0xff, 0xea, 0xf7, 0xff, 0xff,
    0xea, 0xf7, 0xff, 0xff, 0xea, 0xf7, 0xff, 0xff, 0xea, 0xf7, 0xff, 0xff, 0xea, 0xf7, 0xff, 0xff,
    0xea, 0xf7, 0xff, 0xff, 0xea, 0xf7, 0xff, 0xff, 0xea, 0xf7, 0xff, 0xff, 0xea, 0xf7, 0xff, 0xff,
    0xea, 0xf7, 0xff, 0xff, 0xea, 0xf7, 0xff, 0xff, 0xea, 0xf7, 0xff, 0xff, 0xea, 0xf7, 0xff, 0xff,
    0xea, 0xf7, 0xff, 0xff, 0xea, 0xf7, 0xff, 0xff, 0xea, 0xf7, 0xff, 0xff, 0xea, 0xf7, 0xff, 0xff,
    0xea, 0xf7, 0xff, 0xff, 0xea, 0xf7, 0xff, 0xff, 0xea, 0xf7, 0xff, 0xff, 0xea, 0xf7, 0xff, 0xff,
    0xea, 0xf7, 0xff, 0xff, 0xea, 0xf7, 0xff, 0xff, 0xea, 0xf7, 0xff, 0xff, 0xea, 0xf7, 0xff, 0xff,
    0xea, 0xf7, 0xff, 0xff, 0xea, 0xf7, 0xff, 0xff, 0xea, 0xf7, 0xff, 0xff, 0xea, 0xf7, 0xff, 0xff,
    0xea, 0xf7, 0xff, 0xff, 0xea, 0xf7, 0xff, 0xff, 0xea, 0xf7, 0xff, 0xff, 0xea, 0xf7, 0xff, 0xff,
    0xea, 0xf7, 0xff, 0xff, 0xea, 0xf7, 0xff, 0xff, 0xea, 0xf7, 0xff, 0xff, 0xb7, 0xd0, 0xe5, 0xff,
    0x1f, 0x5c, 0x97, 0xff, 0x1f, 0x5c, 0x97, 0xff, 0x1f, 0x5c, 0x97, 0xff, 0x1f, 0x5c, 0x97, 0xff,
    0x1f, 0x5c, 0x97, 0xff, 0x1f, 0x5c, 0x97, 0xff, 0x1f, 0x5c, 0x97, 0xff, 0x1f, 0x5c, 0x97, 0xff,
    0x1f, 0x5c, 0x97, 0xff, 0x1f, 0x5c, 0x97, 0xff, 0x1f, 0x5c, 0x97, 0xff, 0x1f, 0x5c, 0x97, 0xff,
    0x1f, 0x5c, 0x97, 0xff, 0x1f, 0x5c, 0x97, 0xff, 0x1f, 0x5c, 0x97, 0xff, 0x1f, 0x5c, 0x97, 0xff,
    0x1f, 0x5c, 0x97, 0xff, 0x1f, 0x5c, 0x97, 0xff, 0x1f, 0x5c, 0x97, 0xff, 0x1f, 0x5c, 0x97, 0xff,
    0x1f, 0x5c, 0x97, 0xff, 0x1f, 0x5c, 0x97, 0xff, 0x1f, 0x5c, 0x97, 0xff, 0x1f, 0x5c, 0x97, 0xff,
    0x1f, 0x5c, 0x97, 0xff, 0x1f, 0x5c, 0x97, 0xff, 0xb7, 0xd0, 0xe5, 0xff, 0xea, 0xf7, 0xff, 0xff,
    0xea, 0xf7, 0xff, 0xff, 0xea, 0xf7, 0xff, 0xff, 0xea, 0xf7, 0xff, 0xff, 0xea, 0xf7, 0xff, 0xff,
    0xea, 0xf7, 0xff, 0xff, 0xea, 0xf7, 0xff, 0xff, 0xea, 0xf7, 0xff, 0xff, 0xea, 0xf7, 0xff, 0xff,
    0xea, 0xf7, 0xff, 0xff, 0xea, 0xf7, 0xff, 0xff, 0xea, 0xf7, 0xff, 0xff, 0xea, 0xf7, 0xff, 0xff,
    0xea, 0xf7, 0xff, 0xff, 0xea, 0xf7, 0xff, 0xff, 0xea, 0xf7, 0xff, 0xff, 0xea, 0xf7, 0xff, 0xff,
    0xea, 0xf7, 0xff, 0xff, 0xea, 0xf7, 0xff, 0xff, 0xea, 0xf7, 0xff, 0xff, 0xea, 0xf7, 0xff, 0xff,
    0xea, 0xf7, 0xff, 0xff, 0xea, 0xf7, 0xff, 0xff, 0xea, 0xf7, 0xff, 0xff, 0xea, 0xf7, 0xff, 0xff,
    0xea, 0xf7, 0xff, 0xff, 0xea, 0xf7, 0xff, 0xff, 0xea, 0xf7, 0xff, 0xff, 0xea, 0xf7, 0xff, 0xff,
    0xea, 0xf7, 0xff, 0xff, 0xea, 0xf7, 0xff, 0xff, 0xea, 0xf7, 0xff, 0xff, 0xea, 0xf7, 0xff, 0xff,
    0xea, 0xf7, 0xff, 0xff, 0xea, 0xf7, 0xff, 0xff, 0x84, 0xaa, 0xcb, 0xff, 0x1f, 0x5c, 0x97, 0xff,
    0x1f, 0x5c, 0x97, 0xff, 0x1f, 0x5c, 0x97, 0xff, 0x1f, 0x5c, 0x97, 0xff, 0x1f, 0x5c, 0x97, 0xff,
    0x1f, 0x5c, 0x97, 0xff, 0x1f, 0x5c, 0x97, 0xff, 0x1f, 0x5c, 0x97, 0xff, 0x1f, 0x5c, 0x97, 0xff,
    0x1f, 0x5c, 0x97, 0xff, 0x1f, 0x5c, 0x97, 0xff, 0x1f, 0x5c, 0x97, 0xff, 0x1f, 0x5c, 0x97, 0xff,
    0x1f, 0x5c, 0x97, 0xff, 0x1f, 0x5c, 0x97, 0xff, 0x1f, 0x5c, 0x97, 0xff, 0x1f, 0x5c, 0x97, 0xff,
    0x1f, 0x5c, 0x97, 0xff, 0x1f, 0x5c, 0x97, 0xff, 0x1f, 0x5c, 0x97, 0xff, 0x1f, 0x5c, 0x97, 0xff,
    0x1f, 0x5c, 0x97, 0xff, 0x1f, 0x5c, 0x97, 0xff, 0x1f, 0x5c, 0x97, 0xff, 0x1f, 0x5c, 0x97, 0xff,
    0x1f, 0x5c, 0x97, 0xff, 0x1f, 0x5c, 0x97, 0xff, 0x1f, 0x5c, 0x97, 0xff, 0xb7, 0xd0, 0xe5, 0xff,
    0xea, 0xf7, 0xff, 0xff, 0xea, 0xf7, 0xff, 0xff, 0xea, 0xf7, 0xff, 0xff, 0xea, 0xf7, 0xff, 0xff,
    0xea, 0xf7, 0xff, 0xff, 0xea, 0xf7, 0xff, 0xff, 0xea, 0xf7, 0xff, 0xff, 0xea, 0xf7, 0xff, 0xff,
    0xea, 0xf7, 0xff, 0xff, 0xea, 0xf7, 0xff, 0xff, 0xea, 0xf7, 0xff, 0xff, 0xea, 0xf7, 0xff, 0xff,
    0xea, 0xf7, 0xff, 0xff, 0xea, 0xf7, 0xff, 0xff, 0xea, 0xf7, 0xff, 0xff, 0xea, 0xf7, 0xff, 0xff,
    0xea, 0xf7, 0xff, 0xff, 0xea, 0xf7, 0xff, 0xff, 0xea, 0xf7, 0xff, 0xff, 0xea, 0xf7, 0xff, 0xff,
    0xea, 0xf7, 0xff, 0xff, 0xea, 0xf7, 0xff, 0xff, 0xea, 0xf7, 0xff, 0xff, 0xea, 0xf7, 0xff, 0xff,
    0xea, 0xf7, 0xff, 0xff, 0xea, 0xf7, 0xff, 0xff, 0xea, 0xf7, 0xff, 0xff, 0xea, 0xf7, 0xff, 0xff,
    0xea, 0xf7, 0xff, 0xff, 0xea, 0xf7, 0xff, 0xff, 0xea, 0xf7, 0xff, 0xff, 0xea, 0xf7, 0xff, 0xff,
    0x84, 0xaa, 0xcb, 0xff, 0x52, 0x83, 0xb1, 0xff, 0x1f, 0x5c, 0x97, 0xff, 0x1f, 0x5c, 0x97, 0xff,
    0x1f, 0x5c, 0x97, 0xff, 0x1f, 0x5c, 0x97, 0xff, 0x1f, 0x5c, 0x97, 0xff, 0x1f, 0x5c, 0x97, 0xff,
    0x1f, 0x5c, 0x97, 0xff, 0x1f, 0x5c, 0x97, 0xff, 0x1f, 0x5c, 0x97, 0xff, 0x1f, 0x5c, 0x97, 0xff,
    0x1f, 0x5c, 0x97, 0xff, 0x1f, 0x5c, 0x97, 0xff, 0x1f, 0x5c, 0x97, 0xff, 0x1f, 0x5c, 0x97, 0xff,
    0x1f, 0x5c, 0x97, 0xff, 0x1f, 0x5c, 0x97, 0xff, 0x1f, 0x5c, 0x97, 0xff, 0x1f, 0x5c, 0x97, 0xff,
    0x1f, 0x5c, 0x97, 0xff, 0x1f, 0x5c, 0x97, 0xff, 0x1f, 0x5c, 0x97, 0xff, 0x1f, 0x5c, 0x97, 0xff,
    0x1f, 0x5c, 0x97, 0xff, 0x1f, 0x5c, 0x97, 0xff, 0x1f, 0x5c, 0x97, 0xff, 0x1f, 0x5c, 0x97, 0xff,
    0x1f, 0x5c, 0x97, 0xff, 0x1f, 0x5c, 0x97, 0xff, 0x1f, 0x5c, 0x97, 0xff, 0x1f, 0x5c, 0x97, 0xff,
    0x52, 0x83, 0xb1, 0xff, 0xb7, 0xd0, 0xe5, 0xff, 0xea, 0xf7, 0xff, 0xff, 0xea, 0xf7, 0xff, 0xff,
    0xea, 0xf7, 0xff, 0xff, 0xea, 0xf7, 0xff, 0xff, 0xea, 0xf7, 0xff, 0xff, 0xea, 0xf7, 0xff, 0xff,
    0xea, 0xf7, 0xff, 0xff, 0xea, 0xf7, 0xff, 0xff, 0xea, 0xf7, 0xff, 0xff, 0xea, 0xf7, 0xff, 0xff,
    0xea, 0xf7, 0xff, 0xff, 0xea, 0xf7, 0xff, 0xff, 0xea, 0xf7, 0xff, 0xff, 0xea, 0xf7, 0xff, 0xff,
    0xea, 0xf7, 0xff, 0xff, 0xea, 0xf7, 0xff, 0xff, 0xea, 0xf7, 0xff, 0xff, 0xea, 0xf7, 0xff, 0xff,
    0xea, 0xf7, 0xff, 0xff, 0xea, 0xf7, 0xff, 0xff, 0xea, 0xf7, 0xff, 0xff, 0xea, 0xf7, 0xff, 0xff,
    0xea, 0xf7, 0xff, 0xff, 0xea, 0xf7, 0xff, 0xff, 0xea, 0xf7, 0xff, 0xff, 0xea, 0xf7, 0xff, 0xff,
    0xea, 0xf7, 0xff, 0xff, 0x84, 0xaa, 0xcb, 0xff, 0x84, 0xaa, 0xcb, 0xff, 0x1f, 0x5c, 0x97, 0xff,
    0x1f, 0x5c, 0x97, 0xff, 0x1f, 0x5c, 0x97, 0xff, 0x1f, 0x5c, 0x97, 0xff, 0x1f, 0x5c, 0x97, 0xff,
    0x1f, 0x5c, 0x97, 0xff, 0x1f, 0x5c, 0x97, 0xff, 0x1f, 0x5c, 0x97, 0xff, 0x1f, 0x5c, 0x97, 0xff,
    0x1f, 0x5c, 0x97, 0xff, 0x1f, 0x5c, 0x97, 0xff, 0x1f, 0x5c, 0x97, 0xff, 0x1f, 0x5c, 0x97, 0xff,
    0x1f, 0x5c, 0x97, 0xff, 0x1f, 0x5c, 0x97, 0xff, 0x1f, 0x5c, 0x97, 0xff, 0x1f, 0x5c, 0x97, 0xff,
    0x1f, 0x5c, 0x97, 0xff, 0x1f, 0x5c, 0x97, 0xff, 0x1f, 0x5c, 0x97, 0xff, 0x1f, 0x5c, 0x97, 0xff,
    0x1f, 0x5c, 0x97, 0xff, 0x1f, 0x5c, 0x97, 0xff, 0x1f, 0x5c, 0x97, 0xff, 0x1f, 0x5c, 0x97, 0xff,
    0x1f, 0x5c, 0x97, 0xff, 0x1f, 0x5c, 0x97, 0xff, 0x1f, 0x5c, 0x97, 0xff, 0x1f, 0x5c, 0x97, 0xff,
    0x1f, 0x5c, 0x97, 0xff, 0x1f, 0x5c, 0x97, 0xff, 0x1f, 0x5c, 0x97, 0xff, 0x1f, 0x5c, 0x97, 0xff,
    0x1f, 0x5c, 0x97, 0xff, 0x1f, 0x5c, 0x97, 0xff, 0x52, 0x83, 0xb1, 0xff, 0x84, 0xaa, 0xcb, 0xff,
    0xb7, 0xd0, 0xe5, 0xff, 0xea, 0xf7, 0xff, 0xff, 0xea, 0xf7, 0xff, 0xff, 0xea, 0xf7, 0xff, 0xff,
    0xea, 0xf7, 0xff, 0xff, 0xb7, 0xd0, 0xe5, 0xff, 0x84, 0xaa, 0xcb, 0xff, 0x84, 0xaa, 0xcb, 0xff,
    0xea, 0xf7, 0xff, 0xff, 0xea, 0xf7, 0xff, 0xff, 0xea, 0xf7, 0xff, 0xff, 0xea, 0xf7, 0xff, 0xff,
    0xea, 0xf7, 0xff, 0xff, 0xea, 0xf7, 0xff, 0xff, 0xea, 0xf7, 0xff, 0xff, 0xea, 0xf7, 0xff, 0xff,
    0x84, 0xaa, 0xcb, 0xff, 0x84, 0xaa, 0xcb, 0xff, 0x52, 0x83, 0xb1, 0xff, 0x1f, 0x5c, 0x97, 0xff,
    0x1f, 0x5c, 0x97, 0xff, 0x1f, 0x5c, 0x97, 0xff, 0x1f, 0x5c, 0x97, 0xff, 0x1f, 0x5c, 0x97, 0xff,
    0x1f, 0x5c, 0x97, 0xff, 0x1f, 0x5c, 0x97, 0xff, 0x1f, 0x5c, 0x97, 0xff, 0x1f, 0x5c, 0x97, 0xff,
    0x1f, 0x5c, 0x97, 0xff, 0x1f, 0x5c, 0x97, 0xff, 0x1f, 0x5c, 0x97, 0xff, 0x1f, 0x5c, 0x97, 0xff,
    0x1f, 0x5c, 0x97, 0xff, 0x1f, 0x5c, 0x97, 0xff, 0x1f, 0x5c, 0x97, 0xff, 0x1f, 0x5c, 0x97, 0xff,
    0x1f, 0x5c, 0x97, 0xff, 0x1f, 0x5c, 0x97, 0xff, 0x1f, 0x5c, 0x97, 0xff, 0x1f, 0x5c, 0x97, 0xff,
    0x1f, 0x5c, 0x97, 0xff, 0x1f, 0x5c, 0x97, 0xff, 0x1f, 0x5c, 0x97, 0xff, 0x1f, 0x5c, 0x97, 0xff,
    0x1f, 0x5c, 0x97, 0xff, 0x1f, 0x5c, 0x97, 0xff, 0x1f, 0x5c, 0x97, 0xff, 0x1f, 0x5c, 0x97, 0xff,
    0x1f, 0x5c, 0x97, 0xff, 0x1f, 0x5c, 0x97, 0xff, 0x1f, 0x5c, 0x97, 0xff, 0x1f, 0x5c, 0x97, 0xff,
    0x1f, 0x5c, 0x97, 0xff, 0x1f, 0x5c, 0x97, 0xff, 0x1f, 0x5c, 0x97, 0xff, 0x1f, 0x5c, 0x97, 0xff,
    0x1f, 0x5c, 0x97, 0xff, 0x1f, 0x5c, 0x97, 0xff, 0x1f, 0x5c, 0x97, 0xff, 0x1f, 0x5c, 0x97, 0xff,
    0x1f, 0x5c, 0x97, 0xff, 0x1f, 0x5c, 0x97, 0xff, 0x1f, 0x5c, 0x97, 0xff, 0x1f, 0x5c, 0x97, 0xff,
    0x1f, 0x5c, 0x97, 0xff, 0x1f, 0x5c, 0x97, 0xff, 0x1f, 0x5c, 0x97, 0xff, 0x1f, 0x5c, 0x97, 0xff,
    0x1f, 0x5c, 0x97, 0xff, 0x1f, 0x5c, 0x97, 0xff, 0x1f, 0x5c, 0x97, 0xff, 0x1f, 0x5c, 0x97, 0xff,
    0x1f, 0x5c, 0x97, 0xff, 0x1f, 0x5c, 0x97, 0xff, 0x1f, 0x5c, 0x97, 0xff, 0x1f, 0x5c, 0x97, 0xff,
    0x1f, 0x5c, 0x97, 0xff, 0x1f, 0x5c, 0x97, 0xff, 0x1f, 0x5c, 0x97, 0xff, 0x1f, 0x5c, 0x97, 0xff,
    0x1f, 0x5c, 0x97, 0xff, 0x1f, 0x5c, 0x97, 0xff, 0x1f, 0x5c, 0x97, 0xff, 0x1f, 0x5c, 0x97, 0xff,
    0x1f, 0x5c, 0x97, 0xff, 0x1f, 0x5c, 0x97, 0xff, 0x1f, 0x5c, 0x97, 0xff, 0x1f, 0x5c, 0x97, 0xff,
    0x1f, 0x5c, 0x97, 0xff, 0x1f, 0x5c, 0x97, 0xff, 0x1f, 0x5c, 0x97, 0xff, 0x1f, 0x5c, 0x97, 0xff,
    0x1f, 0x5c, 0x97, 0xff, 0x1f, 0x5c, 0x97, 0xff, 0x1f, 0x5c, 0x97, 0xff, 0x1f, 0x5c, 0x97, 0xff,
    0x1f, 0x5c, 0x97, 0xff, 0x1f, 0x5c, 0x97, 0xff, 0x1f, 0x5c, 0x97, 0xff, 0x1f, 0x5c, 0x97, 0xff,
    0x1f, 0x5c, 0x97, 0xff, 0x1f, 0x5c, 0x97, 0xff, 0x1f, 0x5c, 0x97, 0xff, 0x1f, 0x5c, 0x97, 0xff,
    0x1f, 0x5c, 0x97, 0xff, 0x1f, 0x5c, 0x97, 0xff, 0x1f, 0x5c, 0x97, 0xff, 0x1f, 0x5c, 0x97, 0xff,
    0x1f, 0x5c, 0x97, 0xff, 0x1f, 0x5c, 0x97, 0xff, 0x1f, 0x5c, 0x97, 0xff, 0x1f, 0x5c, 0x97, 0xff,
    0x1f, 0x5c, 0x97, 0xff, 0x1f, 0x5c, 0x97, 0xff, 0x1f, 0x5c, 0x97, 0xff, 0x1f, 0x5c, 0x97, 0xff,
    0x1f, 0x5c, 0x97, 0xff, 0x1f, 0x5c, 0x97, 0xff, 0x1f, 0x5c, 0x97, 0xff, 0x1f, 0x5c, 0x97, 0xff,
    0x1f, 0x5c, 0x97, 0xff, 0x1f, 0x5c, 0x97, 0xff, 0x1f, 0x5c, 0x97, 0xff, 0x1f, 0x5c, 0x97, 0xff,
    0x1f, 0x5c, 0x97, 0xff, 0x1f, 0x5c, 0x97, 0xff, 0x1f, 0x5c, 0x97, 0xff, 0x1f, 0x5c, 0x97, 0xff,
    0x1f, 0x5c, 0x97, 0xff, 0x1f, 0x5c, 0x97, 0xff, 0x1f, 0x5c, 0x97, 0xff, 0x1f, 0x5c, 0x97, 0xff,
    0x1f, 0x5c, 0x97, 0xff, 0x1f, 0x5c, 0x97, 0xff, 0x1f, 0x5c, 0x97, 0xff, 0x1f, 0x5c, 0x97, 0xff,
    0x1f, 0x5c, 0x97, 0xff, 0x1f, 0x5c, 0x97, 0xff, 0x1f, 0x5c, 0x97, 0xff, 0x1f, 0x5c, 0x97, 0xff,
    0x1f, 0x5c, 0x97, 0xff, 0x1f, 0x5c, 0x97, 0xff, 0x1f, 0x5c, 0x97, 0xff, 0x1f, 0x5c, 0x97, 0xff,
    0x1f, 0x5c, 0x97, 0xff, 0x1f, 0x5c, 0x97, 0xff, 0x1f, 0x5c, 0x97, 0xff, 0x1f, 0x5c, 0x97, 0xff,
    0x1f, 0x5c, 0x97, 0xff, 0x1f, 0x5c, 0x97, 0xff, 0x1f, 0x5c, 0x97, 0xff, 0x1f, 0x5c, 0x97, 0xff,
    0x1f, 0x5c, 0x97, 0xff, 0x1f, 0x5c, 0x97, 0xff, 0x1f, 0x5c, 0x97, 0xff, 0x1f, 0x5c, 0x97, 0xff,
    0x1f, 0x5c, 0x97, 0xff, 0x1f, 0x5c, 0x97, 0xff, 0x1f, 0x5c, 0x97, 0xff, 0x1f, 0x5c, 0x97, 0xff,
    0x1f, 0x5c, 0x97, 0xff, 0x1f, 0x5c, 0x97, 0xff, 0x1f, 0x5c, 0x97, 0xff, 0x1f, 0x5c, 0x97, 0xff,
    0x1f, 0x5c, 0x97, 0xff, 0x1f, 0x5c, 0x97, 0xff, 0x1f, 0x5c, 0x97, 0xff, 0x1f, 0x5c, 0x97, 0xff,
    0x1f, 0x5c, 0x97, 0xff, 0x1f, 0x5c, 0x97, 0xff, 0x1f, 0x5c, 0x97, 0xff, 0x1f, 0x5c, 0x97, 0xff,
    0x1f, 0x5c, 0x97, 0xff, 0x1f, 0x5c, 0x97, 0xff, 0x1f, 0x5c, 0x97, 0xff, 0x1f, 0x5c, 0x97, 0xff,
    0x1f, 0x5c, 0x97, 0xff, 0x1f, 0x5c, 0x97, 0xff, 0x1f, 0x5c, 0x97, 0xff, 0x1f, 0x5c, 0x97, 0xff,
    0x1f, 0x5c, 0x97, 0xff, 0x1f, 0x5c, 0x97, 0xff, 0x1f, 0x5c, 0x97, 0xff, 0x1f, 0x5c, 0x97, 0xff,
    0x1f, 0x5c, 0x97, 0xff, 0x1f, 0x5c, 0x97, 0xff, 0x1f, 0x5c, 0x97, 0xff, 0x1f, 0x5c, 0x97, 0xff,
    0x1f, 0x5c, 0x97, 0xff, 0x1f, 0x5c, 0x97, 0xff, 0x1f, 0x5c, 0x97, 0xff, 0x1f, 0x5c, 0x97, 0xff,
    0x1f, 0x5c, 0x97, 0xff, 0x1f, 0x5c, 0x97, 0xff, 0x1f, 0x5c, 0x97, 0xff, 0x1f, 0x5c, 0x97, 0xff,
    0x1f, 0x5c, 0x97, 0xff, 0x1f, 0x5c, 0x97, 0xff, 0x1f, 0x5c, 0x97, 0xff, 0x1f, 0x5c, 0x97, 0xff,
    0x1f, 0x5c, 0x97, 0xff, 0x1f, 0x5c, 0x97, 0xff, 0x1f, 0x5c, 0x97, 0xff, 0x1f, 0x5c, 0x97, 0xff,
    0x1f, 0x5c, 0x97, 0xff, 0x1f, 0x5c, 0x97, 0xff, 0x1f, 0x5c, 0x97, 0xff, 0x1f, 0x5c, 0x97, 0xff,
    0x1f, 0x5c, 0x97, 0xff, 0x1f, 0x5c, 0x97, 0xff, 0x1f, 0x5c, 0x97, 0xff, 0x1f, 0x5c, 0x97, 0xff,
    0x1f, 0x5c, 0x97, 0xff, 0x1f, 0x5c, 0x97, 0xff, 0x1f, 0x5c, 0x97, 0xff, 0x1f, 0x5c, 0x97, 0xff,
    0x1f, 0x5c, 0x97, 0xff, 0x1f, 0x5c, 0x97, 0xff, 0x1f, 0x5c, 0x97, 0xff, 0x1f, 0x5c, 0x97, 0xff,
    0x1f, 0x5c, 0x97, 0xff, 0x1f, 0x5c, 0x97, 0xff, 0x1f, 0x5c, 0x97, 0xff, 0x1f, 0x5c, 0x97, 0xff,
    0x1f, 0x5c, 0x97, 0xff, 0x1f, 0x5c, 0x97, 0xff, 0x1f, 0x5c, 0x97, 0xff, 0x1f, 0x5c, 0x97, 0xff,
    0x1f, 0x5c, 0x97, 0xff, 0x1f, 0x5c, 0x97, 0xff, 0x1f, 0x5c, 0x97, 0xff, 0x1f, 0x5c, 0x97, 0xff,
    0x1f, 0x5c, 0x97, 0xff, 0x1f, 0x5c, 0x97, 0xff, 0x1f, 0x5c, 0x97, 0xff, 0x1f, 0x5c, 0x97, 0xff,
    0x1f, 0x5c, 0x97, 0xff, 0x1f, 0x5c, 0x97, 0xff, 0x1f, 0x5c, 0x97, 0xff, 0x1f, 0x5c, 0x97, 0xff,
    0x1f, 0x5c, 0x97, 0xff, 0x1f, 0x5c, 0x97, 0xff, 0x1f, 0x5c, 0x97, 0xff, 0x1f, 0x5c, 0x97, 0xff,
    0x1f, 0x5c, 0x97, 0xff, 0x1f, 0x5c, 0x97, 0xff, 0x1f, 0x5c, 0x97, 0xff, 0x1f, 0x5c, 0x97, 0xff,
    0x1f, 0x5c, 0x97, 0xff, 0x1f, 0x5c, 0x97, 0xff, 0x1f, 0x5c, 0x97, 0xff, 0x1f, 0x5c, 0x97, 0xff,
    0x1f, 0x5c, 0x97, 0xff, 0x1f, 0x5c, 0x97, 0xff, 0x1f, 0x5c, 0x97, 0xff, 0x1f, 0x5c, 0x97, 0xff,
    0x1f, 0x5c, 0x97, 0xff, 0x1f, 0x5c, 0x97, 0xff, 0x1f, 0x5c, 0x97, 0xff, 0x1f, 0x5c, 0x97, 0xff,
    0x1f, 0x5c, 0x97, 0xff, 0x1f, 0x5c, 0x97, 0xff, 0x1f, 0x5c, 0x97, 0xff, 0x1f, 0x5c, 0x97, 0xff,
    0x1f, 0x5c, 0x97, 0xff, 0x1f, 0x5c, 0x97, 0xff, 0x1f, 0x5c, 0x97, 0xff, 0x1f, 0x5c, 0x97, 0xff,
    0x1f, 0x5c, 0x97, 0xff, 0x1f, 0x5c, 0x97, 0xff, 0x1f, 0x5c, 0x97, 0xff, 0x1f, 0x5c, 0x97, 0xff,
    0x1f, 0x5c, 0x97, 0xff, 0x1f, 0x5c, 0x97, 0xff, 0x1f, 0x5c, 0x97, 0xff, 0x1f, 0x5c, 0x97, 0xff,
    0x1f, 0x5c, 0x97, 0xff, 0x1f, 0x5c, 0x97, 0xff, 0x1f, 0x5c, 0x97, 0xff, 0x1f, 0x5c, 0x97, 0xff,
    0x1f, 0x5c, 0x97, 0xff, 0x1f, 0x5c, 0x97, 0xff, 0x1f, 0x5c, 0x97, 0xff, 0x1f, 0x5c, 0x97, 0xff,
    0x1f, 0x5c, 0x97, 0xff, 0x1f, 0x5c, 0x97, 0xff, 0x1f, 0x5c, 0x97, 0xff, 0x1f, 0x5c, 0x97, 0xff,
    0x1f, 0x5c, 0x97, 0xff, 0x1f, 0x5c, 0x97, 0xff, 0x1f, 0x5c, 0x97, 0xff, 0x1f, 0x5c, 0x97, 0xff,
    0x1f, 0x5c, 0x97, 0xff, 0x1f, 0x5c, 0x97, 0xff, 0x1f, 0x5c, 0x97, 0xff, 0x1f, 0x5c, 0x97, 0xff,
    0x1f, 0x5c, 0x97, 0xff, 0x1f, 0x5c, 0x97, 0xff, 0x1f, 0x5c, 0x97, 0xff, 0x1f, 0x5c, 0x97, 0xff,
    0x1f, 0x5c, 0x97, 0xff, 0x1f, 0x5c, 0x97, 0xff, 0x1f, 0x5c, 0x97, 0xff, 0x1f, 0x5c, 0x97, 0xff,
    0x1f, 0x5c, 0x97, 0xff, 0x1f, 0x5c, 0x97, 0xff, 0x1f, 0x5c, 0x97, 0xff, 0x1f, 0x5c, 0x97, 0xff,
    0x1f, 0x5c, 0x97, 0xff, 0x1f, 0x5c, 0x97, 0xff, 0x1f, 0x5c, 0x97, 0xff, 0x1f, 0x5c, 0x97, 0xff,
    0x1f, 0x5c, 0x97, 0xff, 0x1f, 0x5c, 0x97, 0xff, 0x1f, 0x5c, 0x97, 0xff, 0x1f, 0x5c, 0x97, 0xff,
    0x1f, 0x5c, 0x97, 0xff, 0x1f, 0x5c, 0x97, 0xff, 0x1f, 0x5c, 0x97, 0xff, 0x1f, 0x5c, 0x97, 0xff,
    0x1f, 0x5c, 0x97, 0xff, 0x1f, 0x5c, 0x97, 0xff, 0x1f, 0x5c, 0x97, 0xff, 0x1f, 0x5c, 0x97, 0xff,
    0x1f, 0x5c, 0x97, 0xff, 0x1f, 0x5c, 0x97, 0xff, 0x1f, 0x5c, 0x97, 0xff, 0x1f, 0x5c, 0x97, 0xff,
    0x1f, 0x5c, 0x97, 0xff, 0x1f, 0x5c, 0x97, 0xff, 0x1f, 0x5c, 0x97, 0xff, 0x1f, 0x5c, 0x97, 0xff,
    0x1f, 0x5c, 0x97, 0xff, 0x1f, 0x5c, 0x97, 0xff, 0x1f, 0x5c, 0x97, 0xff, 0x1f, 0x5c, 0x97, 0xff,
    0x1f, 0x5c, 0x97, 0xff, 0x1f, 0x5c, 0x97, 0xff, 0x1f, 0x5c, 0x97, 0xff, 0x1f, 0x5c, 0x97, 0xff,
    0x1f, 0x5c, 0x97, 0xff, 0x1f, 0x5c, 0x97, 0xff, 0x1f, 0x5c, 0x97, 0xff, 0x1f, 0x5c, 0x97, 0xff,
    0x1f, 0x5c, 0x97, 0xff, 0x1f, 0x5c, 0x97, 0xff, 0x1f, 0x5c, 0x97, 0xff, 0x1f, 0x5c, 0x97, 0xff,
    0x1f, 0x5c, 0x97, 0xff, 0x1f, 0x5c, 0x97, 0xff, 0x1f, 0x5c, 0x97, 0xff, 0x1f, 0x5c, 0x97, 0xff,
    0x1f, 0x5c, 0x97, 0xff, 0x1f, 0x5c, 0x97, 0xff, 0x1f, 0x5c, 0x97, 0xff, 0x1f, 0x5c, 0x97, 0xff,
    0x1f, 0x5c, 0x97, 0xff, 0x1f, 0x5c, 0x97, 0xff, 0x1f, 0x5c, 0x97, 0xff, 0x1f, 0x5c, 0x97, 0xff,
    0x1f, 0x5c, 0x97, 0xff, 0x1f, 0x5c, 0x97, 0xff, 0x1f, 0x5c, 0x97, 0xff, 0x1f, 0x5c, 0x97, 0xff,
    0x1f, 0x5c, 0x97, 0xff, 0x1f, 0x5c, 0x97, 0xff, 0x1f, 0x5c, 0x97, 0xff, 0x1f, 0x5c, 0x97, 0xff,
    0x17, 0x45, 0x71, 0xbf, 0x1f, 0x5c, 0x97, 0xff, 0x1f, 0x5c, 0x97, 0xff, 0x1f, 0x5c, 0x97, 0xff,
    0x1f, 0x5c, 0x97, 0xff, 0x1f, 0x5c, 0x97, 0xff, 0x1f, 0x5c, 0x97, 0xff, 0x1f, 0x5c, 0x97, 0xff,
    0x1f, 0x5c, 0x97, 0xff, 0x1f, 0x5c, 0x97, 0xff, 0x1f, 0x5c, 0x97, 0xff, 0x1f, 0x5c, 0x97, 0xff,
    0x1f, 0x5c, 0x97, 0xff, 0x1f, 0x5c, 0x97, 0xff, 0x1f, 0x5c, 0x97, 0xff, 0x1f, 0x5c, 0x97, 0xff,
    0x1f, 0x5c, 0x97, 0xff, 0x1f, 0x5c, 0x97, 0xff, 0x1f, 0x5c, 0x97, 0xff, 0x1f, 0x5c, 0x97, 0xff,
    0x1f, 0x5c, 0x97, 0xff, 0x1f, 0x5c, 0x97, 0xff, 0x1f, 0x5c, 0x97, 0xff, 0x1f, 0x5c, 0x97, 0xff,
    0x1f, 0x5c, 0x97, 0xff, 0x1f, 0x5c, 0x97, 0xff, 0x1f, 0x5c, 0x97, 0xff, 0x1f, 0x5c, 0x97, 0xff,
    0x1f, 0x5c, 0x97, 0xff, 0x1f, 0x5c, 0x97, 0xff, 0x1f, 0x5c, 0x97, 0xff, 0x1f, 0x5c, 0x97, 0xff,
    0x1f, 0x5c, 0x97, 0xff, 0x1f, 0x5c, 0x97, 0xff, 0x1f, 0x5c, 0x97, 0xff, 0x1f, 0x5c, 0x97, 0xff,
    0x1f, 0x5c, 0x97, 0xff, 0x1f, 0x5c, 0x97, 0xff, 0x1f, 0x5c, 0x97, 0xff, 0x1f, 0x5c, 0x97, 0xff,
    0x1f, 0x5c, 0x97, 0xff, 0x1f, 0x5c, 0x97, 0xff, 0x1f, 0x5c, 0x97, 0xff, 0x1f, 0x5c, 0x97, 0xff,
    0x1f, 0x5c, 0x97, 0xff, 0x1f, 0x5c, 0x97, 0xff, 0x1f, 0x5c, 0x97, 0xff, 0x1f, 0x5c, 0x97, 0xff,
    0x1f, 0x5c, 0x97, 0xff, 0x1f, 0x5c, 0x97, 0xff, 0x1f, 0x5c, 0x97, 0xff, 0x1f, 0x5c, 0x97, 0xff,
    0x1f, 0x5c, 0x97, 0xff, 0x1f, 0x5c, 0x97, 0xff, 0x1f, 0x5c, 0x97, 0xff, 0x1f, 0x5c, 0x97, 0xff,
    0x1f, 0x5c, 0x97, 0xff, 0x1f, 0x5c, 0x97, 0xff, 0x1f, 0x5c, 0x97, 0xff, 0x1f, 0x5c, 0x97, 0xff,
    0x1f, 0x5c, 0x97, 0xff, 0x1f, 0x5c, 0x97, 0xff, 0x1f, 0x5c, 0x97, 0xff, 0x17, 0x45, 0x71, 0xbf,
    0x10, 0x2e, 0x4c, 0x80, 0x1f, 0x5c, 0x97, 0xff, 0x1f, 0x5c, 0x97, 0xff, 0x1f, 0x5c, 0x97, 0xff,
    0x1f, 0x5c, 0x97, 0xff, 0x1f, 0x5c, 0x97, 0xff, 0x1f, 0x5c, 0x97, 0xff, 0x1f, 0x5c, 0x97, 0xff,
    0x1f, 0x5c, 0x97, 0xff, 0x1f, 0x5c, 0x97, 0xff, 0x1f, 0x5c, 0x97, 0xff, 0x1f, 0x5c, 0x97, 0xff,
    0x1f, 0x5c, 0x97, 0xff, 0x1f, 0x5c, 0x97, 0xff, 0x1f, 0x5c, 0x97, 0xff, 0x1f, 0x5c, 0x97, 0xff,
    0x1f, 0x5c, 0x97, 0xff, 0x1f, 0x5c, 0x97, 0xff, 0x1f, 0x5c, 0x97, 0xff, 0x1f, 0x5c, 0x97, 0xff,
    0x1f, 0x5c, 0x97, 0xff, 0x1f, 0x5c, 0x97, 0xff, 0x1f, 0x5c, 0x97, 0xff, 0x1f, 0x5c, 0x97, 0xff,
    0x1f, 0x5c, 0x97, 0xff, 0x1f, 0x5c, 0x97, 0xff, 0x1f, 0x5c, 0x97, 0xff, 0x1f, 0x5c, 0x97, 0xff,
    0x1f, 0x5c, 0x97, 0xff, 0x1f, 0x5c, 0x97, 0xff, 0x1f, 0x5c, 0x97, 0xff, 0x1f, 0x5c, 0x97, 0xff,
    0x1f, 0x5c, 0x97, 0xff, 0x1f, 0x5c, 0x97, 0xff, 0x1f, 0x5c, 0x97, 0xff, 0x1f, 0x5c, 0x97, 0xff,
    0x1f, 0x5c, 0x97, 0xff, 0x1f, 0x5c, 0x97, 0xff, 0x1f, 0x5c, 0x97, 0xff, 0x1f, 0x5c, 0x97, 0xff,
    0x1f, 0x5c, 0x97, 0xff, 0x1f, 0x5c, 0x97, 0xff, 0x1f, 0x5c, 0x97, 0xff, 0x1f, 0x5c, 0x97, 0xff,
    0x1f, 0x5c, 0x97, 0xff, 0x1f, 0x5c, 0x97, 0xff, 0x1f, 0x5c, 0x97, 0xff, 0x1f, 0x5c, 0x97, 0xff,
    0x1f, 0x5c, 0x97, 0xff, 0x1f, 0x5c, 0x97, 0xff, 0x1f, 0x5c, 0x97, 0xff, 0x1f, 0x5c, 0x97, 0xff,
    0x1f, 0x5c, 0x97, 0xff, 0x1f, 0x5c, 0x97, 0xff, 0x1f, 0x5c, 0x97, 0xff, 0x1f, 0x5c, 0x97, 0xff,
    0x1f, 0x5c, 0x97, 0xff, 0x1f, 0x5c, 0x97, 0xff, 0x1f, 0x5c, 0x97, 0xff, 0x1f, 0x5c, 0x97, 0xff,
    0x1f, 0x5c, 0x97, 0xff, 0x1f, 0x5c, 0x97, 0xff, 0x1f, 0x5c, 0x97, 0xff, 0x10, 0x2e, 0x4c, 0x80,
    0x00, 0x00, 0x00, 0x00, 0x1f, 0x5c, 0x97, 0xff, 0x1f, 0x5c, 0x97, 0xff, 0x1f, 0x5c, 0x97, 0xff,
    0x1f, 0x5c, 0x97, 0xff, 0x1f, 0x5c, 0x97, 0xff, 0x1f, 0x5c, 0x97, 0xff, 0x1f, 0x5c, 0x97, 0xff,
    0x1f, 0x5c, 0x97, 0xff, 0x1f, 0x5c, 0x97, 0xff, 0x1f, 0x5c, 0x97, 0xff, 0x1f, 0x5c, 0x97, 0xff,
    0x1f, 0x5c, 0x97, 0xff, 0x1f, 0x5c, 0x97, 0xff, 0x1f, 0x5c, 0x97, 0xff, 0x1f, 0x5c, 0x97, 0xff,
    0x1f, 0x5c, 0x97, 0xff, 0x1f, 0x5c, 0x97, 0xff, 0x1f, 0x5c, 0x97, 0xff, 0x1f, 0x5c, 0x97, 0xff,
    0x1f, 0x5c, 0x97, 0xff, 0x1f, 0x5c, 0x97, 0xff, 0x1f, 0x5c, 0x97, 0xff, 0x1f, 0x5c, 0x97, 0xff,
    0x1f, 0x5c, 0x97, 0xff, 0x1f, 0x5c, 0x97, 0xff, 0x1f, 0x5c, 0x97, 0xff, 0x1f, 0x5c, 0x97, 0xff,
    0x1f, 0x5c, 0x97, 0xff, 0x1f, 0x5c, 0x97, 0xff, 0x1f, 0x5c, 0x97, 0xff, 0x1f, 0x5c, 0x97, 0xff,
    0x1f, 0x5c, 0x97, 0xff, 0x1f, 0x5c, 0x97, 0xff, 0x1f, 0x5c, 0x97, 0xff, 0x1f, 0x5c, 0x97, 0xff,
    0x1f, 0x5c, 0x97, 0xff, 0x1f, 0x5c, 0x97, 0xff, 0x1f, 0x5c, 0x97, 0xff, 0x1f, 0x5c, 0x97, 0xff,
    0x1f, 0x5c, 0x97, 0xff, 0x1f, 0x5c, 0x97, 0xff, 0x1f, 0x5c, 0x97, 0xff, 0x1f, 0x5c, 0x97, 0xff,
    0x1f, 0x5c, 0x97, 0xff, 0x1f, 0x5c, 0x97, 0xff, 0x1f, 0x5c, 0x97, 0xff, 0x1f, 0x5c, 0x97, 0xff,
    0x1f, 0x5c, 0x97, 0xff, 0x1f, 0x5c, 0x97, 0xff, 0x1f, 0x5c, 0x97, 0xff, 0x1f, 0x5c, 0x97, 0xff,
    0x1f, 0x5c, 0x97, 0xff, 0x1f, 0x5c, 0x97, 0xff, 0x1f, 0x5c, 0x97, 0xff, 0x1f, 0x5c, 0x97, 0xff,
    0x1f, 0x5c, 0x97, 0xff, 0x1f, 0x5c, 0x97, 0xff, 0x1f, 0x5c, 0x97, 0xff, 0x1f, 0x5c, 0x97, 0xff,
    0x1f, 0x5c, 0x97, 0xff, 0x1f, 0x5c, 0x97, 0xff, 0x1f, 0x5c, 0x97, 0xff, 0x00, 0x00, 0x00, 0x00,
    0x00, 0x00, 0x00, 0x00, 0x17, 0x45, 0x71, 0xbf, 0x1f, 0x5c, 0x97, 0xff, 0x1f, 0x5c, 0x97, 0xff,
    0x1f, 0x5c, 0x97, 0xff, 0x1f, 0x5c, 0x97, 0xff, 0x1f, 0x5c, 0x97, 0xff, 0x1f, 0x5c, 0x97, 0xff,
    0x1f, 0x5c, 0x97, 0xff, 0x1f, 0x5c, 0x97, 0xff, 0x1f, 0x5c, 0x97, 0xff, 0x1f, 0x5c, 0x97, 0xff,
    0x1f, 0x5c, 0x97, 0xff, 0x1f, 0x5c, 0x97, 0xff, 0x1f, 0x5c, 0x97, 0xff, 0x1f, 0x5c, 0x97, 0xff,
    0x1f, 0x5c, 0x97, 0xff, 0x1f, 0x5c, 0x97, 0xff, 0x1f, 0x5c, 0x97, 0xff, 0x1f, 0x5c, 0x97, 0xff,
    0x1f, 0x5c, 0x97, 0xff, 0x1f, 0x5c, 0x97, 0xff, 0x1f, 0x5c, 0x97, 0xff, 0x1f, 0x5c, 0x97, 0xff,
    0x1f, 0x5c, 0x97, 0xff, 0x1f, 0x5c, 0x97, 0xff, 0x1f, 0x5c, 0x97, 0xff, 0x1f, 0x5c, 0x97, 0xff,
    0x1f, 0x5c, 0x97, 0xff, 0x1f, 0x5c, 0x97, 0xff, 0x1f, 0x5c, 0x97, 0xff, 0x1f, 0x5c, 0x97, 0xff,
    0x1f, 0x5c, 0x97, 0xff, 0x1f, 0x5c, 0x97, 0xff, 0x1f, 0x5c, 0x97, 0xff, 0x1f, 0x5c, 0x97, 0xff,
    0x1f, 0x5c, 0x97, 0xff, 0x1f, 0x5c, 0x97, 0xff, 0x1f, 0x5c, 0x97, 0xff, 0x1f, 0x5c, 0x97, 0xff,
    0x1f, 0x5c, 0x97, 0xff, 0x1f, 0x5c, 0x97, 0xff, 0x1f, 0x5c, 0x97, 0xff, 0x1f, 0x5c, 0x97, 0xff,
    0x1f, 0x5c, 0x97, 0xff, 0x1f, 0x5c, 0x97, 0xff, 0x1f, 0x5c, 0x97, 0xff, 0x1f, 0x5c, 0x97, 0xff,
    0x1f, 0x5c, 0x97, 0xff, 0x1f, 0x5c, 0x97, 0xff, 0x1f, 0x5c, 0x97, 0xff, 0x1f, 0x5c, 0x97, 0xff,
    0x1f, 0x5c, 0x97, 0xff, 0x1f, 0x5c, 0x97, 0xff, 0x1f, 0x5c, 0x97, 0xff, 0x1f, 0x5c, 0x97, 0xff,
    0x1f, 0x5c, 0x97, 0xff, 0x1f, 0x5c, 0x97, 0xff, 0x1f, 0x5c, 0x97, 0xff, 0x1f, 0x5c, 0x97, 0xff,
    0x1f, 0x5c, 0x97, 0xff, 0x1f, 0x5c, 0x97, 0xff, 0x17, 0x45, 0x71, 0xbf, 0x00, 0x00, 0x00, 0x00,
    0x00, 0x00, 0x00, 0x00, 0x00, 0x00, 0x00, 0x00, 0x1f, 0x5c, 0x97, 0xff, 0x1f, 0x5c, 0x97, 0xff,
    0x1f, 0x5c, 0x97, 0xff, 0x1f, 0x5c, 0x97, 0xff, 0x1f, 0x5c, 0x97, 0xff, 0x1f, 0x5c, 0x97, 0xff,
    0x1f, 0x5c, 0x97, 0xff, 0x1f, 0x5c, 0x97, 0xff, 0x1f, 0x5c, 0x97, 0xff, 0x1f, 0x5c, 0x97, 0xff,
    0x1f, 0x5c, 0x97, 0xff, 0x1f, 0x5c, 0x97, 0xff, 0x1f, 0x5c, 0x97, 0xff, 0x1f, 0x5c, 0x97, 0xff,
    0x1f, 0x5c, 0x97, 0xff, 0x1f, 0x5c, 0x97, 0xff, 0x1f, 0x5c, 0x97, 0xff, 0x1f, 0x5c, 0x97, 0xff,
    0x1f, 0x5c, 0x97, 0xff, 0x1f, 0x5c, 0x97, 0xff, 0x1f, 0x5c, 0x97, 0xff, 0x1f, 0x5c, 0x97, 0xff,
    0x1f, 0x5c, 0x97, 0xff, 0x1f, 0x5c, 0x97, 0xff, 0x1f, 0x5c, 0x97, 0xff, 0x1f, 0x5c, 0x97, 0xff,
    0x1f, 0x5c, 0x97, 0xff, 0x1f, 0x5c, 0x97, 0xff, 0x1f, 0x5c, 0x97, 0xff, 0x1f, 0x5c, 0x97, 0xff,
    0x1f, 0x5c, 0x97, 0xff, 0x1f, 0x5c, 0x97, 0xff, 0x1f, 0x5c, 0x97, 0xff, 0x1f, 0x5c, 0x97, 0xff,
    0x1f, 0x5c, 0x97, 0xff, 0x1f, 0x5c, 0x97, 0xff, 0x1f, 0x5c, 0x97, 0xff, 0x1f, 0x5c, 0x97, 0xff,
    0x1f, 0x5c, 0x97, 0xff, 0x1f, 0x5c, 0x97, 0xff, 0x1f, 0x5c, 0x97, 0xff, 0x1f, 0x5c, 0x97, 0xff,
    0x1f, 0x5c, 0x97, 0xff, 0x1f, 0x5c, 0x97, 0xff, 0x1f, 0x5c, 0x97, 0xff, 0x1f, 0x5c, 0x97, 0xff,
    0x1f, 0x5c, 0x97, 0xff, 0x1f, 0x5c, 0x97, 0xff, 0x1f, 0x5c, 0x97, 0xff, 0x1f, 0x5c, 0x97, 0xff,
    0x1f, 0x5c, 0x97, 0xff, 0x1f, 0x5c, 0x97, 0xff, 0x1f, 0x5c, 0x97, 0xff, 0x1f, 0x5c, 0x97, 0xff,
    0x1f, 0x5c, 0x97, 0xff, 0x1f, 0x5c, 0x97, 0xff, 0x1f, 0x5c, 0x97, 0xff, 0x1f, 0x5c, 0x97, 0xff,
    0x1f, 0x5c, 0x97, 0xff, 0x1f, 0x5c, 0x97, 0xff, 0x00, 0x00, 0x00, 0x00, 0x00, 0x00, 0x00, 0x00,
    0x00, 0x00, 0x00, 0x00, 0x00, 0x00, 0x00, 0x00, 0x08, 0x17, 0x26, 0x40, 0x1f, 0x5c, 0x97, 0xff,
    0x1f, 0x5c, 0x97, 0xff, 0x1f, 0x5c, 0x97, 0xff, 0x1f, 0x5c, 0x97, 0xff, 0x1f, 0x5c, 0x97, 0xff,
    0x1f, 0x5c, 0x97, 0xff, 0x1f, 0x5c, 0x97, 0xff, 0x1f, 0x5c, 0x97, 0xff, 0x1f, 0x5c, 0x97, 0xff,
    0x1f, 0x5c, 0x97, 0xff, 0x1f, 0x5c, 0x97, 0xff, 0x1f, 0x5c, 0x97, 0xff, 0x1f, 0x5c, 0x97, 0xff,
    0x1f, 0x5c, 0x97, 0xff, 0x1f, 0x5c, 0x97, 0xff, 0x1f, 0x5c, 0x97, 0xff, 0x1f, 0x5c, 0x97, 0xff,
    0x1f, 0x5c, 0x97, 0xff, 0x1f, 0x5c, 0x97, 0xff, 0x1f, 0x5c, 0x97, 0xff, 0x1f, 0x5c, 0x97, 0xff,
    0x1f, 0x5c, 0x97, 0xff, 0x1f, 0x5c, 0x97, 0xff, 0x1f, 0x5c, 0x97, 0xff, 0x1f, 0x5c, 0x97, 0xff,
    0x1f, 0x5c, 0x97, 0xff, 0x1f, 0x5c, 0x97, 0xff, 0x1f, 0x5c, 0x97, 0xff, 0x1f, 0x5c, 0x97, 0xff,
    0x1f, 0x5c, 0x97, 0xff, 0x1f, 0x5c, 0x97, 0xff, 0x1f, 0x5c, 0x97, 0xff, 0x1f, 0x5c, 0x97, 0xff,
    0x1f, 0x5c, 0x97, 0xff, 0x1f, 0x5c, 0x97, 0xff, 0x1f, 0x5c, 0x97, 0xff, 0x1f, 0x5c, 0x97, 0xff,
    0x1f, 0x5c, 0x97, 0xff, 0x1f, 0x5c, 0x97, 0xff, 0x1f, 0x5c, 0x97, 0xff, 0x1f, 0x5c, 0x97, 0xff,
    0x1f, 0x5c, 0x97, 0xff, 0x1f, 0x5c, 0x97, 0xff, 0x1f, 0x5c, 0x97, 0xff, 0x1f, 0x5c, 0x97, 0xff,
    0x1f, 0x5c, 0x97, 0xff, 0x1f, 0x5c, 0x97, 0xff, 0x1f, 0x5c, 0x97, 0xff, 0x1f, 0x5c, 0x97, 0xff,
    0x1f, 0x5c, 0x97, 0xff, 0x1f, 0x5c, 0x97, 0xff, 0x1f, 0x5c, 0x97, 0xff, 0x1f, 0x5c, 0x97, 0xff,
    0x1f, 0x5c, 0x97, 0xff, 0x1f, 0x5c, 0x97, 0xff, 0x1f, 0x5c, 0x97, 0xff, 0x1f, 0x5c, 0x97, 0xff,
    0x1f, 0x5c, 0x97, 0xff, 0x08, 0x17, 0x26, 0x40, 0x00, 0x00, 0x00, 0x00, 0x00, 0x00, 0x00, 0x00,
    0x00, 0x00, 0x00, 0x00, 0x00, 0x00, 0x00, 0x00, 0x00, 0x00, 0x00, 0x00, 0x08, 0x17, 0x26, 0x40,
    0x1f, 0x5c, 0x97, 0xff, 0x1f, 0x5c, 0x97, 0xff, 0x1f, 0x5c, 0x97, 0xff, 0x1f, 0x5c, 0x97, 0xff,
    0x1f, 0x5c, 0x97, 0xff, 0x1f, 0x5c, 0x97, 0xff, 0x1f, 0x5c, 0x97, 0xff, 0x1f, 0x5c, 0x97, 0xff,
    0x1f, 0x5c, 0x97, 0xff, 0x1f, 0x5c, 0x97, 0xff, 0x1f, 0x5c, 0x97, 0xff, 0x1f, 0x5c, 0x97, 0xff,
    0x1f, 0x5c, 0x97, 0xff, 0x1f, 0x5c, 0x97, 0xff, 0x1f, 0x5c, 0x97, 0xff, 0x1f, 0x5c, 0x97, 0xff,
    0x1f, 0x5c, 0x97, 0xff, 0x1f, 0x5c, 0x97, 0xff, 0x1f, 0x5c, 0x97, 0xff, 0x1f, 0x5c, 0x97, 0xff,
    0x1f, 0x5c, 0x97, 0xff, 0x1f, 0x5c, 0x97, 0xff, 0x1f, 0x5c, 0x97, 0xff, 0x1f, 0x5c, 0x97, 0xff,
    0x1f, 0x5c, 0x97, 0xff, 0x1f, 0x5c, 0x97, 0xff, 0x1f, 0x5c, 0x97, 0xff, 0x1f, 0x5c, 0x97, 0xff,
    0x1f, 0x5c, 0x97, 0xff, 0x1f, 0x5c, 0x97, 0xff, 0x1f, 0x5c, 0x97, 0xff, 0x1f, 0x5c, 0x97, 0xff,
    0x1f, 0x5c, 0x97, 0xff, 0x1f, 0x5c, 0x97, 0xff, 0x1f, 0x5c, 0x97, 0xff, 0x1f, 0x5c, 0x97, 0xff,
    0x1f, 0x5c, 0x97, 0xff, 0x1f, 0x5c, 0x97, 0xff, 0x1f, 0x5c, 0x97, 0xff, 0x1f, 0x5c, 0x97, 0xff,
    0x1f, 0x5c, 0x97, 0xff, 0x1f, 0x5c, 0x97, 0xff, 0x1f, 0x5c, 0x97, 0xff, 0x1f, 0x5c, 0x97, 0xff,
    0x1f, 0x5c, 0x97, 0xff, 0x1f, 0x5c, 0x97, 0xff, 0x1f, 0x5c, 0x97, 0xff, 0x1f, 0x5c, 0x97, 0xff,
    0x1f, 0x5c, 0x97, 0xff, 0x1f, 0x5c, 0x97, 0xff, 0x1f, 0x5c, 0x97, 0xff, 0x1f, 0x5c, 0x97, 0xff,
    0x1f, 0x5c, 0x97, 0xff, 0x1f, 0x5c, 0x97, 0xff, 0x1f, 0x5c, 0x97, 0xff, 0x1f, 0x5c, 0x97, 0xff,
    0x08, 0x17, 0x26, 0x40, 0x00, 0x00, 0x00, 0x00, 0x00, 0x00, 0x00, 0x00, 0x00, 0x00, 0x00, 0x00,
    0x00, 0x00, 0x00, 0x00, 0x00, 0x00, 0x00, 0x00, 0x00, 0x00, 0x00, 0x00, 0x00, 0x00, 0x00, 0x00,
    0x08, 0x17, 0x26, 0x40, 0x1f, 0x5c, 0x97, 0xff, 0x1f, 0x5c, 0x97, 0xff, 0x1f, 0x5c, 0x97, 0xff,
    0x1f, 0x5c, 0x97, 0xff, 0x1f, 0x5c, 0x97, 0xff, 0x1f, 0x5c, 0x97, 0xff, 0x1f, 0x5c, 0x97, 0xff,
    0x1f, 0x5c, 0x97, 0xff, 0x1f, 0x5c, 0x97, 0xff, 0x1f, 0x5c, 0x97, 0xff, 0x1f, 0x5c, 0x97, 0xff,
    0x1f, 0x5c, 0x97, 0xff, 0x1f, 0x5c, 0x97, 0xff, 0x1f, 0x5c, 0x97, 0xff, 0x1f, 0x5c, 0x97, 0xff,
    0x1f, 0x5c, 0x97, 0xff, 0x1f, 0x5c, 0x97, 0xff, 0x1f, 0x5c, 0x97, 0xff, 0x1f, 0x5c, 0x97, 0xff,
    0x1f, 0x5c, 0x97, 0xff, 0x1f, 0x5c, 0x97, 0xff, 0x1f, 0x5c, 0x97, 0xff, 0x1f, 0x5c, 0x97, 0xff,
    0x1f, 0x5c, 0x97, 0xff, 0x1f, 0x5c, 0x97, 0xff, 0x1f, 0x5c, 0x97, 0xff, 0x1f, 0x5c, 0x97, 0xff,
    0x1f, 0x5c, 0x97, 0xff, 0x1f, 0x5c, 0x97, 0xff, 0x1f, 0x5c, 0x97, 0xff, 0x1f, 0x5c, 0x97, 0xff,
    0x1f, 0x5c, 0x97, 0xff, 0x1f, 0x5c, 0x97, 0xff, 0x1f, 0x5c, 0x97, 0xff, 0x1f, 0x5c, 0x97, 0xff,
    0x1f, 0x5c, 0x97, 0xff, 0x1f, 0x5c, 0x97, 0xff, 0x1f, 0x5c, 0x97, 0xff, 0x1f, 0x5c, 0x97, 0xff,
    0x1f, 0x5c, 0x97, 0xff, 0x1f, 0x5c, 0x97, 0xff, 0x1f, 0x5c, 0x97, 0xff, 0x1f, 0x5c, 0x97, 0xff,
    0x1f, 0x5c, 0x97, 0xff, 0x1f, 0x5c, 0x97, 0xff, 0x1f, 0x5c, 0x97, 0xff, 0x1f, 0x5c, 0x97, 0xff,
    0x1f, 0x5c, 0x97, 0xff, 0x1f, 0x5c, 0x97, 0xff, 0x1f, 0x5c, 0x97, 0xff, 0x1f, 0x5c, 0x97, 0xff,
    0x1f, 0x5c, 0x97, 0xff, 0x1f, 0x5c, 0x97, 0xff, 0x1f, 0x5c, 0x97, 0xff, 0x08, 0x17, 0x26, 0x40,
    0x00, 0x00, 0x00, 0x00, 0x00, 0x00, 0x00, 0x00, 0x00, 0x00, 0x00, 0x00, 0x00, 0x00, 0x00, 0x00,
    0x00, 0x00, 0x00, 0x00, 0x00, 0x00, 0x00, 0x00, 0x00, 0x00, 0x00, 0x00, 0x00, 0x00, 0x00, 0x00,
    0x00, 0x00, 0x00, 0x00, 0x00, 0x00, 0x00, 0x00, 0x17, 0x45, 0x71, 0xbf, 0x1f, 0x5c, 0x97, 0xff,
    0x1f, 0x5c, 0x97, 0xff, 0x1f, 0x5c, 0x97, 0xff, 0x1f, 0x5c, 0x97, 0xff, 0x1f, 0x5c, 0x97, 0xff,
    0x1f, 0x5c, 0x97, 0xff, 0x1f, 0x5c, 0x97, 0xff, 0x1f, 0x5c, 0x97, 0xff, 0x1f, 0x5c, 0x97, 0xff,
    0x1f, 0x5c, 0x97, 0xff, 0x1f, 0x5c, 0x97, 0xff, 0x1f, 0x5c, 0x97, 0xff, 0x1f, 0x5c, 0x97, 0xff,
    0x1f, 0x5c, 0x97, 0xff, 0x1f, 0x5c, 0x97, 0xff, 0x1f, 0x5c, 0x97, 0xff, 0x1f, 0x5c, 0x97, 0xff,
    0x1f, 0x5c, 0x97, 0xff, 0x1f, 0x5c, 0x97, 0xff, 0x1f, 0x5c, 0x97, 0xff, 0x1f, 0x5c, 0x97, 0xff,
    0x1f, 0x5c, 0x97, 0xff, 0x1f, 0x5c, 0x97, 0xff, 0x1f, 0x5c, 0x97, 0xff, 0x1f, 0x5c, 0x97, 0xff,
    0x1f, 0x5c, 0x97, 0xff, 0x1f, 0x5c, 0x97, 0xff, 0x1f, 0x5c, 0x97, 0xff, 0x1f, 0x5c, 0x97, 0xff,
    0x1f, 0x5c, 0x97, 0xff, 0x1f, 0x5c, 0x97, 0xff, 0x1f, 0x5c, 0x97, 0xff, 0x1f, 0x5c, 0x97, 0xff,
    0x1f, 0x5c, 0x97, 0xff, 0x1f, 0x5c, 0x97, 0xff, 0x1f, 0x5c, 0x97, 0xff, 0x1f, 0x5c, 0x97, 0xff,
    0x1f, 0x5c, 0x97, 0xff, 0x1f, 0x5c, 0x97, 0xff, 0x1f, 0x5c, 0x97, 0xff, 0x1f, 0x5c, 0x97, 0xff,
    0x1f, 0x5c, 0x97, 0xff, 0x1f, 0x5c, 0x97, 0xff, 0x1f, 0x5c, 0x97, 0xff, 0x1f, 0x5c, 0x97, 0xff,
    0x1f, 0x5c, 0x97, 0xff, 0x1f, 0x5c, 0x97, 0xff, 0x1f, 0x5c, 0x97, 0xff, 0x1f, 0x5c, 0x97, 0xff,
    0x1f, 0x5c, 0x97, 0xff, 0x17, 0x45, 0x71, 0xbf, 0x00, 0x00, 0x00, 0x00, 0x00, 0x00, 0x00, 0x00,
    0x00, 0x00, 0x00, 0x00, 0x00, 0x00, 0x00, 0x00, 0x00, 0x00, 0x00, 0x00, 0x00, 0x00, 0x00, 0x00,
    0x00, 0x00, 0x00, 0x00, 0x00, 0x00, 0x00, 0x00, 0x00, 0x00, 0x00, 0x00, 0x00, 0x00, 0x00, 0x00,
    0x00, 0x00, 0x00, 0x00, 0x00, 0x00, 0x00, 0x00, 0x00, 0x00, 0x00, 0x00, 0x00, 0x00, 0x00, 0x00,
    0x10, 0x2e, 0x4c, 0x80, 0x17, 0x45, 0x71, 0xbf, 0x1f, 0x5c, 0x97, 0xff, 0x1f, 0x5c, 0x97, 0xff,
    0x1f, 0x5c, 0x97, 0xff, 0x1f, 0x5c, 0x97, 0xff, 0x1f, 0x5c, 0x97, 0xff, 0x1f, 0x5c, 0x97, 0xff,
    0x1f, 0x5c, 0x97, 0xff, 0x1f, 0x5c, 0x97, 0xff, 0x1f, 0x5c, 0x97, 0xff, 0x1f, 0x5c, 0x97, 0xff,
    0x1f, 0x5c, 0x97, 0xff, 0x1f, 0x5c, 0x97, 0xff, 0x1f, 0x5c, 0x97, 0xff, 0x1f, 0x5c, 0x97, 0xff,
    0x1f, 0x5c, 0x97, 0xff, 0x1f, 0x5c, 0x97, 0xff, 0x1f, 0x5c, 0x97, 0xff, 0x1f, 0x5c, 0x97, 0xff,
    0x1f, 0x5c, 0x97, 0xff, 0x1f, 0x5c, 0x97, 0xff, 0x1f, 0x5c, 0x97, 0xff, 0x1f, 0x5c, 0x97, 0xff,
    0x1f, 0x5c, 0x97, 0xff, 0x1f, 0x5c, 0x97, 0xff, 0x1f, 0x5c, 0x97, 0xff, 0x1f, 0x5c, 0x97, 0xff,
    0x1f, 0x5c, 0x97, 0xff, 0x1f, 0x5c, 0x97, 0xff, 0x1f, 0x5c, 0x97, 0xff, 0x1f, 0x5c, 0x97, 0xff,
    0x1f, 0x5c, 0x97, 0xff, 0x1f, 0x5c, 0x97, 0xff, 0x1f, 0x5c, 0x97, 0xff, 0x1f, 0x5c, 0x97, 0xff,
    0x1f, 0x5c, 0x97, 0xff, 0x1f, 0x5c, 0x97, 0xff, 0x1f, 0x5c, 0x97, 0xff, 0x1f, 0x5c, 0x97, 0xff,
    0x1f, 0x5c, 0x97, 0xff, 0x1f, 0x5c, 0x97, 0xff, 0x1f, 0x5c, 0x97, 0xff, 0x1f, 0x5c, 0x97, 0xff,
    0x1f, 0x5c, 0x97, 0xff, 0x1f, 0x5c, 0x97, 0xff, 0x17, 0x45, 0x71, 0xbf, 0x10, 0x2e, 0x4c, 0x80,
    0x00, 0x00, 0x00, 0x00, 0x00, 0x00, 0x00, 0x00, 0x00, 0x00, 0x00, 0x00, 0x00, 0x00, 0x00, 0x00,
    0x00, 0x00, 0x00, 0x00, 0x00, 0x00, 0x00, 0x00, 0x00, 0x00, 0x00, 0x00, 0x00, 0x00, 0x00, 0x00,
};

const lv_image_dsc_t icon_weather = {
    .header.cf = LV_COLOR_FORMAT_ARGB8888,
    .header.magic = LV_IMAGE_HEADER_MAGIC,
    .header.w = 64,
    .header.h = 64,
    .data_size = 16384,
    .data = icon_weather_map,
};
