// SPDX-License-Identifier: Apache-2.0
// Generated by tools/build-app-icon.py from the approved artwork in assets/branding/.
#include "lvgl.h"

const uint8_t img_app_vibe_map[] = {
    0x00, 0x00, 0x00, 0x00, 0x00, 0x00, 0x00, 0x00, 0x00, 0x00, 0x00, 0x00, 0x00, 0x00, 0x00, 0x00, 0x00, 0x00, 0x00, 0x00, 0x00, 0x00, 0x00, 0x00,
    0x00, 0x00, 0x00, 0x00, 0x00, 0x00, 0x00, 0x00, 0x00, 0x00, 0x00, 0x00, 0x00, 0x00, 0x00, 0x00, 0x00, 0x00, 0x00, 0x00, 0x00, 0x00, 0x00, 0x00,
    0x00, 0x00, 0x00, 0x00, 0x00, 0x00, 0x00, 0x00, 0x00, 0x00, 0x00, 0x00, 0x00, 0x00, 0x00, 0x00, 0x00, 0x00, 0x00, 0x00, 0x00, 0x00, 0x00, 0x00,
    0x00, 0x00, 0x00, 0x00, 0x00, 0x00, 0x00, 0x00, 0x00, 0x00, 0x00, 0x00, 0x00, 0x00, 0x00, 0x00, 0x00, 0x00, 0x00, 0x00, 0x00, 0x00, 0x00, 0x00,
    0x00, 0x00, 0x00, 0x00, 0x00, 0x00, 0x00, 0x00, 0x00, 0x00, 0x00, 0x00, 0x00, 0x00, 0x00, 0x00, 0x00, 0x00, 0x00, 0x00, 0x00, 0x00, 0x00, 0x00,
    0x00, 0x00, 0x00, 0x00, 0x00, 0x00, 0x00, 0x00, 0x00, 0x00, 0x00, 0x00, 0x00, 0x00, 0x00, 0x00, 0x00, 0x00, 0x00, 0x00, 0x00, 0x00, 0x00, 0x00,
    0x00, 0x00, 0x00, 0x00, 0x00, 0x00, 0x00, 0x00, 0x00, 0x00, 0x00, 0x00, 0x00, 0x00, 0x00, 0x00, 0x00, 0x00, 0x00, 0x00, 0x00, 0x00, 0x00, 0x00,
    0x00, 0x00, 0x00, 0x00, 0x00, 0x00, 0x00, 0x00, 0x00, 0x00, 0x00, 0x00, 0x00, 0x00, 0x00, 0x00, 0x00, 0x00, 0x00, 0x00, 0x00, 0x00, 0x00, 0x00,
    0x00, 0x00, 0x00, 0x00, 0x00, 0x00, 0x00, 0x00, 0x00, 0x00, 0x00, 0x00, 0x00, 0x00, 0x00, 0x00, 0x00, 0x00, 0x00, 0x00, 0x00, 0x00, 0x00, 0x00,
    0x00, 0x00, 0x00, 0x00, 0x00, 0x00, 0x00, 0x00, 0x00, 0x00, 0x00, 0x00, 0x00, 0x00, 0x00, 0x00, 0x00, 0x00, 0x00, 0x00, 0x00, 0x00, 0x00, 0x00,
    0x00, 0x00, 0x00, 0x00, 0x00, 0x00, 0x00, 0x00, 0x00, 0x00, 0x00, 0x00, 0x00, 0x00, 0x00, 0x00, 0x00, 0x00, 0x00, 0x00, 0x00, 0x00, 0x00, 0x00,
    0x00, 0x00, 0x00, 0x00, 0x00, 0x00, 0x00, 0x00, 0x00, 0x00, 0x00, 0x00, 0x00, 0x00, 0x00, 0x00, 0x00, 0x00, 0x00, 0x00, 0x00, 0x00, 0x00, 0x00,
    0xff, 0xff, 0x00, 0x01, 0x00, 0x00, 0x00, 0x00, 0x00, 0x00, 0x00, 0x00, 0x00, 0x00, 0x00, 0x00, 0x00, 0x00, 0x00, 0x00, 0x00, 0x00, 0x00, 0x00,
    0x00, 0x00, 0x00, 0x00, 0x00, 0x00, 0x00, 0x00, 0x00, 0x00, 0x00, 0x00, 0x00, 0x00, 0x00, 0x00, 0x00, 0x00, 0x00, 0x00, 0x00, 0x00, 0x00, 0x00,
    0x00, 0x00, 0x00, 0x00, 0x00, 0x00, 0x00, 0x00, 0x00, 0x00, 0x00, 0x00, 0x00, 0x00, 0x00, 0x00, 0x00, 0x00, 0x00, 0x00, 0x00, 0x00, 0x00, 0x00,
    0x00, 0x00, 0x00, 0x00, 0x00, 0x00, 0x00, 0x00, 0x00, 0x00, 0x00, 0x00, 0x00, 0x00, 0x00, 0x00, 0x00, 0x00, 0x00, 0x00, 0x00, 0x00, 0x00, 0x00,
    0x00, 0x00, 0x00, 0x00, 0x00, 0x00, 0x00, 0x00, 0x00, 0x00, 0x00, 0x00, 0x00, 0x00, 0x00, 0x00, 0x00, 0x00, 0x00, 0x00, 0x00, 0x00, 0x00, 0x00,
    0x00, 0x00, 0x00, 0x00, 0x00, 0x00, 0x00, 0x00, 0x00, 0x00, 0x00, 0x00, 0x00, 0x00, 0x00, 0x00, 0x00, 0x00, 0x00, 0x00, 0x00, 0x00, 0x00, 0x00,
    0x00, 0x00, 0x00, 0x00, 0x00, 0x00, 0x00, 0x00, 0x00, 0x00, 0x00, 0x00, 0x00, 0x00, 0x00, 0x00, 0x00, 0x00, 0x00, 0x00, 0x00, 0x00, 0x00, 0x00,
    0x00, 0x00, 0x00, 0x00, 0x00, 0x00, 0x00, 0x00, 0x00, 0x00, 0x00, 0x00, 0x00, 0x00, 0x00, 0x00, 0x00, 0x00, 0x00, 0x00, 0x00, 0x00, 0x00, 0x00,
    0x00, 0x00, 0x00, 0x00, 0x00, 0x00, 0x00, 0x00, 0x00, 0x00, 0x00, 0x00, 0x00, 0x00, 0x00, 0x00, 0x00, 0x00, 0x00, 0x00, 0x00, 0x00, 0x00, 0x00,
    0x00, 0x00, 0x00, 0x00, 0x00, 0x00, 0x00, 0x00, 0x00, 0x00, 0x00, 0x00, 0x00, 0x00, 0x00, 0x00, 0x00, 0x00, 0x00, 0x00, 0x00, 0x00, 0x00, 0x00,
    0x00, 0x00, 0x00, 0x00, 0x00, 0x00, 0x00, 0x00, 0x00, 0x00, 0x00, 0x00, 0x00, 0x00, 0x00, 0x00, 0x00, 0x00, 0x00, 0x00, 0x00, 0x00, 0x00, 0x00,
    0x00, 0x00, 0x00, 0x00, 0x00, 0x00, 0x00, 0x00, 0x00, 0x00, 0x00, 0x00, 0x00, 0x00, 0x00, 0x00, 0x00, 0x00, 0x00, 0x00, 0x00, 0x00, 0x00, 0x00,
    0x00, 0x00, 0x00, 0x00, 0x00, 0x00, 0x00, 0x00, 0x00, 0x00, 0x00, 0x00, 0x00, 0x00, 0x00, 0x00, 0x00, 0x00, 0x00, 0x00, 0x00, 0x00, 0x00, 0x00,
    0x00, 0x00, 0x00, 0x00, 0x00, 0x00, 0x00, 0x00, 0x00, 0x00, 0x00, 0x00, 0x00, 0x00, 0x00, 0x00, 0x00, 0x00, 0x00, 0x00, 0x00, 0x00, 0x00, 0x00,
    0x00, 0x00, 0x00, 0x00, 0x00, 0x00, 0x00, 0x00, 0x00, 0x00, 0x00, 0x00, 0x00, 0x00, 0x00, 0x00, 0x00, 0x00, 0x00, 0x00, 0x00, 0x00, 0x00, 0x00,
    0x00, 0x00, 0x00, 0x00, 0x00, 0x00, 0x00, 0x00, 0x00, 0x00, 0x00, 0x00, 0x00, 0x00, 0x00, 0x00, 0x00, 0x00, 0x00, 0x00, 0x00, 0x00, 0x00, 0x00,
    0x00, 0x00, 0x00, 0x00, 0x00, 0x00, 0x00, 0x00, 0x00, 0x00, 0x00, 0x00, 0x00, 0x00, 0x00, 0x00, 0x00, 0x00, 0x00, 0x00, 0x00, 0x00, 0x00, 0x00,
    0x00, 0x00, 0x00, 0x00, 0x00, 0x00, 0x00, 0x00, 0x00, 0x00, 0x00, 0x00, 0x00, 0x00, 0x00, 0x00, 0x00, 0x00, 0x00, 0x00, 0x00, 0x00, 0x00, 0x00,
    0x00, 0x00, 0x00, 0x00, 0x00, 0x00, 0x00, 0x00, 0x00, 0x00, 0x00, 0x00, 0x00, 0x00, 0x00, 0x00, 0x00, 0x00, 0x00, 0x00, 0x00, 0x00, 0x00, 0x00,
    0x00, 0x00, 0x00, 0x00, 0x00, 0x00, 0x00, 0x00, 0x00, 0x00, 0x00, 0x00, 0x00, 0x00, 0x00, 0x00, 0x00, 0x00, 0x00, 0x00, 0x00, 0x00, 0x00, 0x00,
    0x00, 0x00, 0x00, 0x00, 0x00, 0x00, 0x00, 0x00, 0x00, 0x00, 0x00, 0x00, 0x00, 0x00, 0x00, 0x00, 0x00, 0x00, 0x00, 0x00, 0x00, 0x00, 0x00, 0x00,
    0x00, 0x00, 0x00, 0x00, 0x00, 0x00, 0x00, 0x00, 0x00, 0x00, 0x00, 0x00, 0x00, 0x00, 0x00, 0x00, 0x00, 0x00, 0x00, 0x00, 0x00, 0x00, 0x00, 0x00,
    0x00, 0x00, 0x00, 0x00, 0x00, 0x00, 0x00, 0x00, 0x00, 0x00, 0x00, 0x00, 0x00, 0x00, 0x00, 0x00, 0x00, 0x00, 0x00, 0x00, 0x00, 0x00, 0x00, 0x00,
    0x00, 0x00, 0x00, 0x00, 0x00, 0x00, 0x00, 0x00, 0x00, 0x00, 0x00, 0x00, 0x00, 0x00, 0x00, 0x00, 0x00, 0x00, 0x00, 0x00, 0x00, 0x00, 0x00, 0x00,
    0x00, 0x00, 0x00, 0x00, 0x00, 0x00, 0x00, 0x00, 0x00, 0x00, 0x00, 0x00, 0x00, 0x00, 0x00, 0x00, 0x00, 0x00, 0x00, 0x00, 0x00, 0x00, 0x00, 0x00,
    0x00, 0x00, 0x00, 0x00, 0x00, 0x00, 0x00, 0x00, 0x00, 0x00, 0x00, 0x00, 0x00, 0x00, 0x00, 0x00, 0x00, 0x00, 0x00, 0x00, 0x00, 0x00, 0x00, 0x00,
    0x00, 0x00, 0x00, 0x00, 0x00, 0x00, 0x00, 0x00, 0x00, 0x00, 0x00, 0x00, 0x00, 0x00, 0x00, 0x00, 0x00, 0x00, 0x00, 0x00, 0x00, 0x00, 0x00, 0x00,
    0x00, 0x00, 0x00, 0x00, 0x00, 0x00, 0x00, 0x00, 0x00, 0x00, 0x00, 0x00, 0x00, 0x00, 0x00, 0x00, 0x00, 0x00, 0x00, 0x00, 0x00, 0x00, 0x00, 0x00,
    0x00, 0x00, 0x00, 0x00, 0x00, 0x00, 0x00, 0x00, 0x00, 0x00, 0x00, 0x00, 0x00, 0x00, 0x00, 0x00, 0x00, 0x00, 0x00, 0x00, 0x00, 0x00, 0x00, 0x00,
    0x00, 0x00, 0x00, 0x00, 0x00, 0x00, 0x00, 0x00, 0x00, 0x00, 0x00, 0x00, 0xff, 0xff, 0x00, 0x01, 0x7f, 0xff, 0x7f, 0x02, 0x7f, 0xff, 0x7f, 0x02,
    0xaa, 0xff, 0x55, 0x03, 0xaa, 0xff, 0x55, 0x03, 0xaa, 0xff, 0x55, 0x03, 0xaa, 0xff, 0x55, 0x03, 0xaa, 0xff, 0x55, 0x03, 0xaa, 0xff, 0x55, 0x03,
    0xaa, 0xff, 0x55, 0x03, 0xaa, 0xff, 0x55, 0x03, 0xaa, 0xff, 0x55, 0x03, 0xaa, 0xff, 0x55, 0x03, 0xaa, 0xff, 0x55, 0x03, 0xaa, 0xff, 0x55, 0x03,
    0xaa, 0xff, 0x55, 0x03, 0xaa, 0xff, 0x55, 0x03, 0xaa, 0xff, 0x55, 0x03, 0xaa, 0xff, 0x55, 0x03, 0xaa, 0xff, 0x55, 0x03, 0xaa, 0xff, 0x55, 0x03,
    0xaa, 0xff, 0x55, 0x03, 0xaa, 0xff, 0x55, 0x03, 0xaa, 0xff, 0x55, 0x03, 0xaa, 0xff, 0x55, 0x03, 0xaa, 0xff, 0x55, 0x03, 0xaa, 0xff, 0x55, 0x03,
    0xaa, 0xff, 0x55, 0x03, 0xaa, 0xff, 0x55, 0x03, 0xaa, 0xff, 0x55, 0x03, 0xaa, 0xff, 0x55, 0x03, 0xaa, 0xff, 0x55, 0x03, 0xaa, 0xff, 0x55, 0x03,
    0xaa, 0xff, 0x55, 0x03, 0xaa, 0xff, 0x55, 0x03, 0xaa, 0xff, 0x55, 0x03, 0xaa, 0xff, 0x55, 0x03, 0xaa, 0xff, 0x55, 0x03, 0xaa, 0xff, 0x55, 0x03,
    0xaa, 0xff, 0x55, 0x03, 0xaa, 0xff, 0x55, 0x03, 0xaa, 0xff, 0x55, 0x03, 0xaa, 0xff, 0x55, 0x03, 0xaa, 0xff, 0x55, 0x03, 0xaa, 0xff, 0x55, 0x03,
    0xaa, 0xff, 0x55, 0x03, 0xaa, 0xff, 0x55, 0x03, 0xaa, 0xff, 0x55, 0x03, 0xaa, 0xff, 0x55, 0x03, 0xaa, 0xff, 0x55, 0x03, 0xaa, 0xff, 0x55, 0x03,
    0xaa, 0xff, 0x55, 0x03, 0xaa, 0xff, 0x55, 0x03, 0xaa, 0xff, 0x55, 0x03, 0xaa, 0xff, 0x55, 0x03, 0xaa, 0xff, 0x55, 0x03, 0xaa, 0xff, 0x55, 0x03,
    0xaa, 0xff, 0x55, 0x03, 0xaa, 0xff, 0x55, 0x03, 0x55, 0xaa, 0x55, 0x03, 0x7f, 0xff, 0x7f, 0x02, 0xff, 0xff, 0x00, 0x01, 0x00, 0x00, 0x00, 0x01,
    0x00, 0x00, 0x00, 0x00, 0x00, 0x00, 0x00, 0x00, 0x00, 0x00, 0x00, 0x00, 0x00, 0x00, 0x00, 0x00, 0x00, 0x00, 0x00, 0x00, 0x00, 0x00, 0x00, 0x00,
    0x00, 0x00, 0x00, 0x00, 0x00, 0x00, 0x00, 0x00, 0x00, 0x00, 0x00, 0x00, 0x00, 0x00, 0x00, 0x00, 0x00, 0x00, 0x00, 0x00, 0x00, 0x00, 0x00, 0x00,
    0x00, 0x00, 0x00, 0x00, 0x00, 0x00, 0x00, 0x00, 0x00, 0x00, 0x00, 0x00, 0x00, 0x00, 0x00, 0x00, 0x00, 0x00, 0x00, 0x00, 0x00, 0x00, 0x00, 0x00,
    0x00, 0x00, 0x00, 0x00, 0x00, 0x00, 0x00, 0x00, 0x00, 0x00, 0x00, 0x00, 0x00, 0x00, 0x00, 0x00, 0x00, 0x00, 0x00, 0x00, 0x00, 0x00, 0x00, 0x00,
    0x00, 0x00, 0x00, 0x00, 0x00, 0x00, 0x00, 0x00, 0x00, 0x00, 0x00, 0x00, 0x00, 0x00, 0x00, 0x00, 0x00, 0x00, 0x00, 0x00, 0x00, 0x00, 0x00, 0x00,
    0x00, 0x00, 0x00, 0x00, 0x00, 0x00, 0x00, 0x00, 0x00, 0x00, 0x00, 0x00, 0x00, 0x00, 0x00, 0x00, 0x00, 0x00, 0x00, 0x00, 0x00, 0x00, 0x00, 0x00,
    0x00, 0x00, 0x00, 0x00, 0x00, 0x00, 0x00, 0x00, 0x00, 0x00, 0x00, 0x00, 0x00, 0x00, 0x00, 0x00, 0x00, 0x00, 0x00, 0x00, 0x00, 0x00, 0x00, 0x00,
    0x00, 0x00, 0x00, 0x00, 0x00, 0x00, 0x00, 0x00, 0x00, 0x00, 0x00, 0x01, 0x55, 0xaa, 0x55, 0x03, 0xbf, 0xff, 0x7f, 0x04, 0xaa, 0xff, 0xaa, 0x03,
    0x00, 0x00, 0x00, 0x00, 0x00, 0x00, 0x00, 0x00, 0x00, 0x00, 0x00, 0x00, 0x00, 0x00, 0x00, 0x00, 0x00, 0x00, 0x00, 0x00, 0x00, 0x00, 0x00, 0x00,
    0x00, 0x00, 0x00, 0x00, 0x00, 0x00, 0x00, 0x00, 0x00, 0x00, 0x00, 0x00, 0x00, 0x00, 0x00, 0x00, 0x00, 0x00, 0x00, 0x00, 0x00, 0x00, 0x00, 0x00,
    0x00, 0x00, 0x00, 0x00, 0x00, 0x00, 0x00, 0x00, 0x00, 0x00, 0x00, 0x00, 0x00, 0x00, 0x00, 0x00, 0x00, 0x00, 0x00, 0x00, 0x00, 0x00, 0x00, 0x00,
    0x00, 0x00, 0x00, 0x00, 0x00, 0x00, 0x00, 0x00, 0x00, 0x00, 0x00, 0x00, 0x00, 0x00, 0x00, 0x00, 0x00, 0x00, 0x00, 0x00, 0x00, 0x00, 0x00, 0x00,
    0x00, 0x00, 0x00, 0x00, 0x00, 0x00, 0x00, 0x00, 0x00, 0x00, 0x00, 0x00, 0x00, 0x00, 0x00, 0x00, 0x00, 0x00, 0x00, 0x00, 0x00, 0x00, 0x00, 0x00,
    0x00, 0x00, 0x00, 0x00, 0x00, 0x00, 0x00, 0x00, 0x00, 0x00, 0x00, 0x00, 0x00, 0x00, 0x00, 0x00, 0x00, 0x00, 0x00, 0x00, 0x00, 0x00, 0x00, 0x00,
    0x00, 0x00, 0x00, 0x00, 0x00, 0x00, 0x00, 0x00, 0x00, 0x00, 0x00, 0x00, 0x00, 0x00, 0x00, 0x00, 0x00, 0x00, 0x00, 0x00, 0x00, 0x00, 0x00, 0x00,
    0x00, 0x00, 0x00, 0x00, 0x00, 0x00, 0x00, 0x00, 0x00, 0x00, 0x00, 0x00, 0x00, 0x00, 0x00, 0x00, 0x00, 0x00, 0x00, 0x00, 0x00, 0x00, 0x00, 0x00,
    0x00, 0x00, 0x00, 0x00, 0x00, 0x00, 0x00, 0x00, 0x00, 0x00, 0x00, 0x00, 0x00, 0x00, 0x00, 0x00, 0x00, 0x00, 0x00, 0x00, 0x00, 0x00, 0x00, 0x00,
    0x00, 0x00, 0x00, 0x00, 0x00, 0x00, 0x00, 0x00, 0x00, 0x00, 0x00, 0x00, 0x00, 0x00, 0x00, 0x00, 0x00, 0x00, 0x00, 0x00, 0x00, 0x00, 0x00, 0x00,
    0x00, 0x00, 0x00, 0x00, 0x00, 0x00, 0x00, 0x00, 0x00, 0x00, 0x00, 0x00, 0x00, 0x00, 0x00, 0x00, 0xaa, 0xff, 0xaa, 0x03, 0x7f, 0xff, 0x7f, 0x04,
    0x55, 0xaa, 0x55, 0x03, 0x00, 0x00, 0x00, 0x01, 0x00, 0x00, 0x00, 0x00, 0x00, 0x00, 0x00, 0x00, 0x00, 0x00, 0x00, 0x00, 0x00, 0x00, 0x00, 0x00,
    0x00, 0x00, 0x00, 0x00, 0x00, 0x00, 0x00, 0x00, 0x00, 0x00, 0x00, 0x00, 0x00, 0x00, 0x00, 0x00, 0x00, 0x00, 0x00, 0x00, 0x00, 0x00, 0x00, 0x00,
    0x00, 0x00, 0x00, 0x00, 0x00, 0x00, 0x00, 0x00, 0x00, 0x00, 0x00, 0x00, 0x00, 0x00, 0x00, 0x00, 0x00, 0x00, 0x00, 0x00, 0x00, 0x00, 0x00, 0x00,
    0x00, 0x00, 0x00, 0x00, 0x00, 0x00, 0x00, 0x00, 0x00, 0x00, 0x00, 0x00, 0x00, 0x00, 0x00, 0x00, 0x00, 0x00, 0x00, 0x00, 0x00, 0x00, 0x00, 0x00,
    0x00, 0x00, 0x00, 0x00, 0x00, 0x00, 0x00, 0x00, 0x00, 0x00, 0x00, 0x00, 0x00, 0x00, 0x00, 0x00, 0x00, 0x00, 0x00, 0x00, 0x00, 0x00, 0x00, 0x00,
    0x00, 0x00, 0x00, 0x00, 0x00, 0x00, 0x00, 0x00, 0x00, 0x00, 0x00, 0x00, 0x00, 0x00, 0x00, 0x00, 0x00, 0x00, 0x00, 0x00, 0x00, 0x00, 0x00, 0x00,
    0x00, 0x00, 0x00, 0x00, 0x00, 0x00, 0x00, 0x00, 0x00, 0x00, 0x00, 0x00, 0x00, 0x00, 0x00, 0x00, 0x7f, 0x7f, 0x7f, 0x02, 0x7f, 0xff, 0x7f, 0x04,
    0x00, 0x00, 0x00, 0x00, 0x00, 0x00, 0x00, 0x00, 0x00, 0x00, 0x00, 0x00, 0x00, 0x00, 0x00, 0x00, 0x00, 0x00, 0x00, 0x00, 0x5a, 0x96, 0x2d, 0x11,
    0x82, 0xc7, 0x59, 0x25, 0x8e, 0xdb, 0x6b, 0x32, 0x95, 0xe2, 0x71, 0x3f, 0x94, 0xe2, 0x71, 0x48, 0x94, 0xe3, 0x71, 0x4a, 0x94, 0xe3, 0x71, 0x4a,
    0x95, 0xe3, 0x73, 0x4b, 0x96, 0xe4, 0x72, 0x4c, 0x95, 0xe3, 0x70, 0x4b, 0x97, 0xe6, 0x71, 0x4a, 0x95, 0xe3, 0x73, 0x4b, 0x95, 0xe7, 0x73, 0x4b,
    0x95, 0xe3, 0x70, 0x4b, 0x98, 0xe4, 0x73, 0x4d, 0x96, 0xe4, 0x75, 0x4c, 0x95, 0xe4, 0x70, 0x4d, 0x95, 0xe4, 0x70, 0x4d, 0x96, 0xe4, 0x72, 0x4c,
    0x96, 0xe4, 0x75, 0x4c, 0x96, 0xe4, 0x72, 0x4c, 0x95, 0xe4, 0x70, 0x4d, 0x95, 0xe1, 0x70, 0x4d, 0x91, 0xe1, 0x70, 0x4d, 0x96, 0xe4, 0x72, 0x4c,
    0x99, 0xe7, 0x73, 0x4b, 0x99, 0xe3, 0x73, 0x4b, 0x95, 0xe3, 0x77, 0x4b, 0x93, 0xe4, 0x72, 0x4c, 0x91, 0xe1, 0x6d, 0x4d, 0x95, 0xe3, 0x73, 0x4b,
    0x95, 0xe4, 0x70, 0x4d, 0x93, 0xe1, 0x72, 0x4e, 0x95, 0xe4, 0x73, 0x4d, 0x94, 0xe1, 0x70, 0x4f, 0x93, 0xde, 0x6f, 0x4e, 0x95, 0xe1, 0x70, 0x4d,
    0x93, 0xe1, 0x72, 0x4e, 0x94, 0xe3, 0x75, 0x4a, 0x95, 0xe3, 0x73, 0x4b, 0x93, 0xe4, 0x72, 0x4c, 0x93, 0xe4, 0x72, 0x4c, 0x93, 0xe4, 0x72, 0x4c,
    0x96, 0xe4, 0x72, 0x4c, 0x99, 0xe7, 0x73, 0x4b, 0x95, 0xe3, 0x73, 0x4b, 0x95, 0xe3, 0x73, 0x4b, 0x93, 0xe4, 0x6e, 0x4c, 0x91, 0xe1, 0x70, 0x4d,
    0x95, 0xe1, 0x70, 0x4d, 0x96, 0xe1, 0x72, 0x4e, 0x95, 0xe4, 0x73, 0x4d, 0x96, 0xe1, 0x72, 0x4e, 0x95, 0xe3, 0x73, 0x4b, 0x97, 0xe6, 0x75, 0x4a,
    0x95, 0xe3, 0x70, 0x4b, 0x94, 0xe3, 0x6e, 0x4a, 0x94, 0xe2, 0x71, 0x48, 0x93, 0xdf, 0x6f, 0x40, 0x8b, 0xd8, 0x69, 0x35, 0x86, 0xc9, 0x5d, 0x26,
    0x5d, 0xa1, 0x35, 0x13, 0x00, 0x00, 0x00, 0x01, 0x00, 0x00, 0x00, 0x00, 0x00, 0x00, 0x00, 0x00, 0x00, 0x00, 0x00, 0x00, 0x00, 0x00, 0x00, 0x00,
    0x7f, 0xff, 0x7f, 0x04, 0x7f, 0x7f, 0x7f, 0x02, 0x00, 0x00, 0x00, 0x00, 0x00, 0x00, 0x00, 0x00, 0x00, 0x00, 0x00, 0x00, 0x00, 0x00, 0x00, 0x00,
    0x00, 0x00, 0x00, 0x00, 0x00, 0x00, 0x00, 0x00, 0x00, 0x00, 0x00, 0x00, 0x00, 0x00, 0x00, 0x00, 0x00, 0x00, 0x00, 0x00, 0x00, 0x00, 0x00, 0x00,
    0x00, 0x00, 0x00, 0x00, 0x00, 0x00, 0x00, 0x00, 0x00, 0x00, 0x00, 0x00, 0x00, 0x00, 0x00, 0x00, 0x00, 0x00, 0x00, 0x00, 0x00, 0x00, 0x00, 0x00,
    0x00, 0x00, 0x00, 0x00, 0x00, 0x00, 0x00, 0x00, 0x00, 0x00, 0x00, 0x00, 0x00, 0x00, 0x00, 0x00, 0x00, 0x00, 0x00, 0x00, 0x00, 0x00, 0x00, 0x00,
    0x00, 0x00, 0x00, 0x00, 0x00, 0x00, 0x00, 0x00, 0x00, 0x00, 0x00, 0x00, 0x00, 0x00, 0x00, 0x00, 0x00, 0x00, 0x00, 0x00, 0x00, 0x00, 0x00, 0x00,
    0x00, 0x00, 0x00, 0x00, 0x00, 0x00, 0x00, 0x00, 0x00, 0x00, 0x00, 0x00, 0x00, 0x00, 0x00, 0x00, 0x00, 0x00, 0x00, 0x00, 0x00, 0x00, 0x00, 0x00,
    0x7f, 0xff, 0x7f, 0x02, 0xaa, 0xff, 0xaa, 0x03, 0x00, 0x00, 0x00, 0x00, 0x00, 0x00, 0x00, 0x00, 0x00, 0x00, 0x00, 0x04, 0x8f, 0xd5, 0x66, 0x37,
    0xa1, 0xf3, 0x80, 0x73, 0xa8, 0xfa, 0x86, 0xab, 0xa9, 0xfa, 0x86, 0xd1, 0xa7, 0xf5, 0x82, 0xe9, 0xa5, 0xf0, 0x81, 0xf9, 0xa3, 0xed, 0x7e, 0xff,
    0xa4, 0xed, 0x7c, 0xff, 0xa3, 0xed, 0x79, 0xff, 0xa3, 0xec, 0x7b, 0xff, 0xa5, 0xed, 0x7d, 0xff, 0xa5, 0xed, 0x7d, 0xff, 0xa4, 0xec, 0x7b, 0xff,
    0xa2, 0xeb, 0x7a, 0xff, 0xa2, 0xec, 0x7a, 0xff, 0xa4, 0xec, 0x7b, 0xff, 0xa4, 0xed, 0x7c, 0xff, 0xa4, 0xec, 0x7c, 0xff, 0xa4, 0xed, 0x7d, 0xff,
    0xa3, 0xec, 0x7d, 0xff, 0xa1, 0xec, 0x7a, 0xff, 0xa2, 0xec, 0x7b, 0xff, 0xa4, 0xed, 0x7c, 0xff, 0xa5, 0xed, 0x7d, 0xff, 0xa3, 0xec, 0x7c, 0xff,
    0xa2, 0xec, 0x7a, 0xff, 0xa3, 0xed, 0x7b, 0xff, 0xa3, 0xed, 0x7b, 0xff, 0xa3, 0xec, 0x7a, 0xff, 0xa3, 0xec, 0x7a, 0xff, 0xa3, 0xeb, 0x7b, 0xff,
    0xa3, 0xeb, 0x7c, 0xff, 0xa1, 0xec, 0x7b, 0xff, 0xa1, 0xec, 0x7a, 0xff, 0xa2, 0xec, 0x7b, 0xff, 0xa1, 0xec, 0x7a, 0xff, 0xa3, 0xed, 0x7c, 0xff,
    0xa4, 0xee, 0x7d, 0xff, 0xa5, 0xed, 0x7d, 0xff, 0xa4, 0xed, 0x7d, 0xff, 0xa4, 0xed, 0x7e, 0xff, 0xa5, 0xed, 0x7e, 0xff, 0xa4, 0xed, 0x7d, 0xff,
    0xa4, 0xed, 0x7d, 0xff, 0xa4, 0xec, 0x7b, 0xff, 0xa4, 0xec, 0x7c, 0xff, 0xa3, 0xed, 0x7c, 0xff, 0xa4, 0xed, 0x7c, 0xff, 0xa4, 0xed, 0x7b, 0xff,
    0xa1, 0xeb, 0x7a, 0xff, 0xa3, 0xec, 0x7b, 0xff, 0xa1, 0xec, 0x79, 0xff, 0xa2, 0xec, 0x7b, 0xff, 0xa4, 0xed, 0x7d, 0xff, 0xa2, 0xec, 0x7b, 0xff,
    0xa5, 0xec, 0x7d, 0xff, 0xa6, 0xee, 0x7e, 0xff, 0xa6, 0xed, 0x7e, 0xff, 0xa4, 0xed, 0x7c, 0xff, 0xa2, 0xec, 0x7b, 0xff, 0xa1, 0xeb, 0x79, 0xff,
    0xa1, 0xec, 0x79, 0xff, 0xa2, 0xed, 0x7b, 0xff, 0xa0, 0xed, 0x7a, 0xff, 0xa2, 0xf0, 0x7d, 0xfa, 0xa7, 0xf5, 0x82, 0xec, 0xa8, 0xf7, 0x83, 0xd4,
    0xa3, 0xf7, 0x82, 0xaa, 0x9f, 0xf1, 0x7f, 0x70, 0x8d, 0xd4, 0x67, 0x36, 0x00, 0x00, 0x00, 0x04, 0x00, 0x00, 0x00, 0x00, 0x00, 0x00, 0x00, 0x00,
    0xaa, 0xff, 0xaa, 0x03, 0x7f, 0xff, 0x7f, 0x02, 0x00, 0x00, 0x00, 0x00, 0x00, 0x00, 0x00, 0x00, 0x00, 0x00, 0x00, 0x00, 0x00, 0x00, 0x00, 0x00,
    0x00, 0x00, 0x00, 0x00, 0x00, 0x00, 0x00, 0x00, 0x00, 0x00, 0x00, 0x00, 0x00, 0x00, 0x00, 0x00, 0x00, 0x00, 0x00, 0x00, 0x00, 0x00, 0x00, 0x00,
    0x00, 0x00, 0x00, 0x00, 0x00, 0x00, 0x00, 0x00, 0x00, 0x00, 0x00, 0x00, 0x00, 0x00, 0x00, 0x00, 0x00, 0x00, 0x00, 0x00, 0x00, 0x00, 0x00, 0x00,
    0x00, 0x00, 0x00, 0x00, 0x00, 0x00, 0x00, 0x00, 0x00, 0x00, 0x00, 0x00, 0x00, 0x00, 0x00, 0x00, 0x00, 0x00, 0x00, 0x00, 0x00, 0x00, 0x00, 0x00,
    0x00, 0x00, 0x00, 0x00, 0x00, 0x00, 0x00, 0x00, 0x00, 0x00, 0x00, 0x00, 0x00, 0x00, 0x00, 0x00, 0x00, 0x00, 0x00, 0x00, 0x00, 0x00, 0x00, 0x00,
    0x00, 0x00, 0x00, 0x00, 0x00, 0x00, 0x00, 0x00, 0x00, 0xff, 0x00, 0x01, 0xaa, 0xff, 0xaa, 0x03, 0x00, 0x00, 0x00, 0x00, 0x00, 0x00, 0x00, 0x00,
    0x75, 0xb7, 0x4e, 0x27, 0xa0, 0xf1, 0x7d, 0x84, 0xa9, 0xfb, 0x87, 0xd4, 0xa7, 0xf2, 0x81, 0xff, 0xa0, 0xe3, 0x73, 0xff, 0x8b, 0xbf, 0x58, 0xff,
    0x75, 0x9c, 0x3c, 0xff, 0x64, 0x81, 0x25, 0xff, 0x59, 0x70, 0x18, 0xfe, 0x51, 0x66, 0x0f, 0xfc, 0x4f, 0x60, 0x0a, 0xfb, 0x4c, 0x5c, 0x07, 0xfb,
    0x4b, 0x5b, 0x05, 0xfa, 0x4b, 0x59, 0x06, 0xfa, 0x4b, 0x59, 0x05, 0xfa, 0x4b, 0x59, 0x06, 0xfa, 0x4b, 0x59, 0x06, 0xfa, 0x4b, 0x59, 0x06, 0xfa,
    0x4b, 0x59, 0x06, 0xfa, 0x4b, 0x58, 0x06, 0xfa, 0x4b, 0x59, 0x06, 0xfa, 0x4b, 0x59, 0x06, 0xfa, 0x4b, 0x59, 0x06, 0xfa, 0x4b, 0x58, 0x06, 0xfa,
    0x4b, 0x59, 0x05, 0xfa, 0x4a, 0x58, 0x06, 0xfa, 0x4a, 0x58, 0x05, 0xfa, 0x4a, 0x58, 0x05, 0xfa, 0x4a, 0x58, 0x06, 0xfa, 0x4a, 0x58, 0x06, 0xfa,
    0x4a, 0x58, 0x06, 0xfa, 0x4a, 0x58, 0x06, 0xfa, 0x49, 0x57, 0x06, 0xfa, 0x48, 0x57, 0x05, 0xfa, 0x49, 0x57, 0x05, 0xfa, 0x4a, 0x59, 0x06, 0xfa,
    0x4b, 0x5a, 0x06, 0xfa, 0x4a, 0x58, 0x06, 0xfa, 0x4a, 0x59, 0x05, 0xfa, 0x4a, 0x59, 0x05, 0xfa, 0x4a, 0x58, 0x06, 0xfa, 0x4a, 0x59, 0x06, 0xfa,
    0x4b, 0x59, 0x06, 0xfa, 0x4a, 0x59, 0x06, 0xfa, 0x49, 0x58, 0x06, 0xfa, 0x4a, 0x59, 0x06, 0xfa, 0x4a, 0x58, 0x06, 0xfa, 0x4a, 0x58, 0x06, 0xfa,
    0x4a, 0x59, 0x06, 0xfa, 0x4a, 0x59, 0x06, 0xfa, 0x49, 0x57, 0x05, 0xfa, 0x49, 0x56, 0x05, 0xfa, 0x49, 0x56, 0x05, 0xfa, 0x4a, 0x57, 0x05, 0xfa,
    0x4b, 0x59, 0x06, 0xfa, 0x4c, 0x5a, 0x06, 0xfa, 0x4b, 0x59, 0x06, 0xfa, 0x49, 0x58, 0x05, 0xfa, 0x49, 0x57, 0x05, 0xfa, 0x49, 0x57, 0x06, 0xfa,
    0x4a, 0x58, 0x06, 0xfa, 0x4a, 0x59, 0x06, 0xfa, 0x4a, 0x58, 0x06, 0xfa, 0x4c, 0x5a, 0x06, 0xfb, 0x4c, 0x5c, 0x07, 0xfb, 0x4e, 0x5f, 0x0a, 0xfb,
    0x50, 0x65, 0x0e, 0xfc, 0x56, 0x6e, 0x17, 0xfe, 0x63, 0x80, 0x26, 0xff, 0x76, 0x9e, 0x3b, 0xff, 0x8a, 0xc3, 0x57, 0xff, 0x9e, 0xe4, 0x72, 0xff,
    0xa6, 0xf2, 0x81, 0xff, 0xa9, 0xfb, 0x89, 0xd4, 0x9f, 0xef, 0x7c, 0x85, 0x75, 0xb7, 0x47, 0x27, 0x00, 0x00, 0x00, 0x00, 0x00, 0x00, 0x00, 0x00,
    0xaa, 0xff, 0xaa, 0x03, 0x00, 0xff, 0x00, 0x01, 0x00, 0x00, 0x00, 0x00, 0x00, 0x00, 0x00, 0x00, 0x00, 0x00, 0x00, 0x00, 0x00, 0x00, 0x00, 0x00,
    0x00, 0x00, 0x00, 0x00, 0x00, 0x00, 0x00, 0x00, 0x00, 0x00, 0x00, 0x00, 0x00, 0x00, 0x00, 0x00, 0x00, 0x00, 0x00, 0x00, 0x00, 0x00, 0x00, 0x00,
    0x00, 0x00, 0x00, 0x00, 0x00, 0x00, 0x00, 0x00, 0x00, 0x00, 0x00, 0x00, 0x00, 0x00, 0x00, 0x00, 0x00, 0x00, 0x00, 0x00, 0x00, 0x00, 0x00, 0x00,
    0x00, 0x00, 0x00, 0x00, 0x00, 0x00, 0x00, 0x00, 0x00, 0x00, 0x00, 0x00, 0x00, 0x00, 0x00, 0x00, 0x00, 0x00, 0x00, 0x00, 0x00, 0x00, 0x00, 0x00,
    0x00, 0x00, 0x00, 0x00, 0x00, 0x00, 0x00, 0x00, 0x00, 0x00, 0x00, 0x00, 0x00, 0x00, 0x00, 0x00, 0x00, 0x00, 0x00, 0x00, 0x7f, 0xff, 0x7f, 0x02,
    0x00, 0x00, 0x00, 0x00, 0x00, 0x00, 0x00, 0x00, 0x76, 0xba, 0x50, 0x29, 0xa4, 0xf4, 0x7e, 0xa3, 0xaa, 0xfa, 0x88, 0xf5, 0x9f, 0xe3, 0x71, 0xff,
    0x77, 0xa0, 0x3e, 0xff, 0x56, 0x6a, 0x14, 0xfc, 0x45, 0x4e, 0x00, 0xf9, 0x3f, 0x46, 0x00, 0xfa, 0x40, 0x47, 0x00, 0xfb, 0x41, 0x4a, 0x00, 0xfc,
    0x43, 0x4e, 0x00, 0xfc, 0x44, 0x50, 0x00, 0xfd, 0x46, 0x52, 0x00, 0xfd, 0x45, 0x51, 0x01, 0xfd, 0x44, 0x50, 0x00, 0xfd, 0x45, 0x51, 0x01, 0xfd,
    0x46, 0x51, 0x01, 0xfd, 0x45, 0x50, 0x01, 0xfd, 0x45, 0x50, 0x01, 0xfd, 0x46, 0x51, 0x01, 0xfd, 0x46, 0x50, 0x01, 0xfd, 0x45, 0x4f, 0x01, 0xfd,
    0x45, 0x50, 0x01, 0xfd, 0x45, 0x4f, 0x00, 0xfd, 0x44, 0x4f, 0x01, 0xfd, 0x45, 0x50, 0x01, 0xfd, 0x45, 0x50, 0x00, 0xfd, 0x43, 0x4e, 0x01, 0xfd,
    0x44, 0x4e, 0x01, 0xfd, 0x44, 0x4f, 0x01, 0xfd, 0x44, 0x4e, 0x01, 0xfd, 0x44, 0x4d, 0x01, 0xfd, 0x44, 0x4e, 0x01, 0xfd, 0x44, 0x4e, 0x00, 0xfd,
    0x43, 0x4e, 0x01, 0xfd, 0x43, 0x4e, 0x01, 0xfd, 0x45, 0x50, 0x01, 0xfd, 0x45, 0x50, 0x01, 0xfd, 0x44, 0x50, 0x01, 0xfd, 0x44, 0x4f, 0x01, 0xfd,
    0x44, 0x4f, 0x01, 0xfd, 0x43, 0x4e, 0x00, 0xfd, 0x43, 0x4e, 0x01, 0xfd, 0x44, 0x4e, 0x01, 0xfd, 0x44, 0x4e, 0x01, 0xfd, 0x44, 0x4e, 0x01, 0xfd,
    0x45, 0x4f, 0x01, 0xfd, 0x45, 0x4f, 0x01, 0xfd, 0x44, 0x4f, 0x01, 0xfd, 0x44, 0x4e, 0x01, 0xfd, 0x44, 0x4f, 0x01, 0xfd, 0x44, 0x4f, 0x01, 0xfd,
    0x44, 0x4e, 0x01, 0xfd, 0x44, 0x4e, 0x00, 0xfd, 0x44, 0x4e, 0x01, 0xfd, 0x44, 0x4f, 0x01, 0xfd, 0x45, 0x50, 0x01, 0xfd, 0x46, 0x51, 0x01, 0xfd,
    0x45, 0x4f, 0x01, 0xfd, 0x44, 0x4e, 0x01, 0xfd, 0x44, 0x4e, 0x00, 0xfd, 0x44, 0x4f, 0x01, 0xfd, 0x44, 0x50, 0x01, 0xfd, 0x44, 0x4f, 0x00, 0xfd,
    0x44, 0x4f, 0x00, 0xfd, 0x44, 0x4f, 0x01, 0xfd, 0x45, 0x50, 0x00, 0xfd, 0x45, 0x50, 0x00, 0xfd, 0x43, 0x4d, 0x00, 0xfd, 0x42, 0x4b, 0x00, 0xfc,
    0x41, 0x49, 0x00, 0xfc, 0x40, 0x47, 0x00, 0xfb, 0x40, 0x47, 0x00, 0xfa, 0x46, 0x4f, 0x00, 0xf9, 0x56, 0x6b, 0x15, 0xfc, 0x77, 0xa1, 0x41, 0xff,
    0x9f, 0xe4, 0x74, 0xff, 0xa7, 0xf8, 0x84, 0xf6, 0xa2, 0xf2, 0x80, 0xa3, 0x70, 0xb1, 0x47, 0x2b, 0x00, 0x00, 0x00, 0x00, 0x00, 0x00, 0x00, 0x00,
    0x7f, 0xff, 0x7f, 0x02, 0x00, 0x00, 0x00, 0x00, 0x00, 0x00, 0x00, 0x00, 0x00, 0x00, 0x00, 0x00, 0x00, 0x00, 0x00, 0x00, 0x00, 0x00, 0x00, 0x00,
    0x00, 0x00, 0x00, 0x00, 0x00, 0x00, 0x00, 0x00, 0x00, 0x00, 0x00, 0x00, 0x00, 0x00, 0x00, 0x00, 0x00, 0x00, 0x00, 0x00, 0x00, 0x00, 0x00, 0x00,
    0x00, 0x00, 0x00, 0x00, 0x00, 0x00, 0x00, 0x00, 0x00, 0x00, 0x00, 0x00, 0x00, 0x00, 0x00, 0x00, 0x00, 0x00, 0x00, 0x00, 0x00, 0x00, 0x00, 0x00,
    0x00, 0x00, 0x00, 0x00, 0x00, 0x00, 0x00, 0x00, 0x00, 0x00, 0x00, 0x00, 0x00, 0x00, 0x00, 0x00, 0x00, 0x00, 0x00, 0x00, 0x00, 0x00, 0x00, 0x00,
    0x00, 0x00, 0x00, 0x00, 0x00, 0x00, 0x00, 0x00, 0xaa, 0xff, 0xaa, 0x03, 0x00, 0x00, 0x00, 0x00, 0x00, 0x1c, 0x00, 0x09, 0x9d, 0xeb, 0x77, 0x80,
    0xac, 0xf9, 0x86, 0xf4, 0x9a, 0xd9, 0x6a, 0xff, 0x61, 0x7e, 0x27, 0xfe, 0x44, 0x4e, 0x00, 0xf9, 0x42, 0x49, 0x00, 0xfb, 0x45, 0x4f, 0x00, 0xfd,
    0x47, 0x53, 0x03, 0xfd, 0x47, 0x54, 0x04, 0xfd, 0x48, 0x54, 0x04, 0xfd, 0x48, 0x53, 0x04, 0xfd, 0x48, 0x53, 0x04, 0xfd, 0x47, 0x52, 0x03, 0xfd,
    0x46, 0x50, 0x03, 0xfd, 0x46, 0x50, 0x02, 0xfd, 0x46, 0x50, 0x03, 0xfd, 0x45, 0x50, 0x02, 0xfd, 0x46, 0x50, 0x02, 0xfd, 0x46, 0x50, 0x03, 0xfd,
    0x45, 0x50, 0x03, 0xfd, 0x45, 0x4f, 0x02, 0xfd, 0x45, 0x4e, 0x02, 0xfd, 0x45, 0x4e, 0x03, 0xfd, 0x45, 0x4d, 0x02, 0xfd, 0x44, 0x4d, 0x02, 0xfd,
    0x44, 0x4e, 0x03, 0xfd, 0x46, 0x50, 0x03, 0xfd, 0x45, 0x4e, 0x02, 0xfd, 0x42, 0x4c, 0x02, 0xfd, 0x44, 0x4d, 0x02, 0xfd, 0x44, 0x4e, 0x03, 0xfd,
    0x44, 0x4d, 0x03, 0xfd, 0x44, 0x4d, 0x03, 0xfd, 0x44, 0x4d, 0x02, 0xfd, 0x44, 0x4d, 0x02, 0xfd, 0x44, 0x4d, 0x02, 0xfd, 0x45, 0x4e, 0x02, 0xfd,
    0x45, 0x4f, 0x03, 0xfd, 0x45, 0x4e, 0x03, 0xfd, 0x44, 0x4e, 0x02, 0xfd, 0x44, 0x4e, 0x02, 0xfd, 0x44, 0x4d, 0x02, 0xfd, 0x44, 0x4d, 0x02, 0xfd,
    0x44, 0x4d, 0x02, 0xfd, 0x44, 0x4d, 0x03, 0xfd, 0x44, 0x4d, 0x03, 0xfd, 0x45, 0x4f, 0x03, 0xfd, 0x46, 0x4f, 0x03, 0xfd, 0x45, 0x4e, 0x03, 0xfd,
    0x44, 0x4d, 0x03, 0xfd, 0x43, 0x4c, 0x02, 0xfd, 0x43, 0x4c, 0x02, 0xfd, 0x43, 0x4c, 0x02, 0xfd, 0x43, 0x4c, 0x02, 0xfd, 0x44, 0x4d, 0x03, 0xfd,
    0x44, 0x4d, 0x02, 0xfd, 0x43, 0x4c, 0x03, 0xfd, 0x44, 0x4d, 0x03, 0xfd, 0x45, 0x4e, 0x03, 0xfd, 0x44, 0x4d, 0x02, 0xfd, 0x43, 0x4d, 0x02, 0xfd,
    0x43, 0x4c, 0x02, 0xfd, 0x44, 0x4d, 0x02, 0xfd, 0x44, 0x4e, 0x03, 0xfd, 0x44, 0x4e, 0x02, 0xfd, 0x44, 0x4e, 0x02, 0xfd, 0x43, 0x4d, 0x02, 0xfd,
    0x45, 0x4e, 0x02, 0xfd, 0x45, 0x4f, 0x02, 0xfd, 0x45, 0x4f, 0x03, 0xfd, 0x46, 0x51, 0x03, 0xfd, 0x47, 0x52, 0x03, 0xfd, 0x47, 0x52, 0x03, 0xfd,
    0x47, 0x53, 0x04, 0xfd, 0x46, 0x52, 0x02, 0xfd, 0x43, 0x4d, 0x00, 0xfd, 0x40, 0x47, 0x00, 0xfb, 0x44, 0x4d, 0x00, 0xf9, 0x63, 0x7f, 0x27, 0xfe,
    0x9a, 0xd9, 0x6c, 0xff, 0xa9, 0xf8, 0x86, 0xf5, 0x9a, 0xe7, 0x77, 0x82, 0x00, 0x1c, 0x00, 0x09, 0x00, 0x00, 0x00, 0x00, 0xaa, 0xff, 0xaa, 0x03,
    0x00, 0x00, 0x00, 0x00, 0x00, 0x00, 0x00, 0x00, 0x00, 0x00, 0x00, 0x00, 0x00, 0x00, 0x00, 0x00, 0x00, 0x00, 0x00, 0x00, 0x00, 0x00, 0x00, 0x00,
    0x00, 0x00, 0x00, 0x00, 0x00, 0x00, 0x00, 0x00, 0x00, 0x00, 0x00, 0x00, 0x00, 0x00, 0x00, 0x00, 0x00, 0x00, 0x00, 0x00, 0x00, 0x00, 0x00, 0x00,
    0x00, 0x00, 0x00, 0x00, 0x00, 0x00, 0x00, 0x00, 0x00, 0x00, 0x00, 0x00, 0x00, 0x00, 0x00, 0x00, 0x00, 0x00, 0x00, 0x00, 0x00, 0x00, 0x00, 0x00,
    0x00, 0x00, 0x00, 0x00, 0x00, 0x00, 0x00, 0x00, 0x00, 0x00, 0x00, 0x00, 0x00, 0x00, 0x00, 0x00, 0x00, 0x00, 0x00, 0x00, 0x7f, 0xff, 0x7f, 0x04,
    0x00, 0x00, 0x00, 0x00, 0x77, 0xb8, 0x4b, 0x2f, 0xa7, 0xf6, 0x85, 0xcd, 0xa8, 0xf0, 0x7c, 0xff, 0x69, 0x89, 0x2e, 0xfe, 0x42, 0x4b, 0x00, 0xf9,
    0x40, 0x49, 0x00, 0xfc, 0x47, 0x53, 0x03, 0xfd, 0x49, 0x55, 0x04, 0xfd, 0x48, 0x52, 0x03, 0xfd, 0x46, 0x4f, 0x02, 0xfd, 0x45, 0x4e, 0x02, 0xfd,
    0x46, 0x50, 0x02, 0xfd, 0x46, 0x4e, 0x02, 0xfd, 0x45, 0x4e, 0x02, 0xfd, 0x45, 0x4f, 0x02, 0xfd, 0x44, 0x4d, 0x02, 0xfd, 0x44, 0x4d, 0x02, 0xfd,
    0x45, 0x4d, 0x03, 0xfd, 0x43, 0x4b, 0x02, 0xfd, 0x43, 0x4c, 0x03, 0xfd, 0x43, 0x4b, 0x03, 0xfd, 0x43, 0x4b, 0x02, 0xfd, 0x42, 0x4b, 0x02, 0xfd,
    0x42, 0x4b, 0x02, 0xfd, 0x44, 0x4c, 0x03, 0xfd, 0x43, 0x4a, 0x02, 0xfd, 0x41, 0x48, 0x02, 0xfd, 0x41, 0x49, 0x02, 0xfd, 0x42, 0x4a, 0x02, 0xfd,
    0x41, 0x49, 0x02, 0xfd, 0x41, 0x48, 0x02, 0xfd, 0x42, 0x4a, 0x02, 0xfd, 0x43, 0x4a, 0x02, 0xfd, 0x43, 0x4a, 0x03, 0xfd, 0x41, 0x49, 0x02, 0xfd,
    0x42, 0x4a, 0x02, 0xfd, 0x42, 0x4a, 0x02, 0xfd, 0x43, 0x4a, 0x02, 0xfd, 0x43, 0x4a, 0x02, 0xfd, 0x42, 0x4a, 0x02, 0xfd, 0x42, 0x4a, 0x02, 0xfd,
    0x42, 0x4a, 0x02, 0xfd, 0x43, 0x4a, 0x02, 0xfd, 0x42, 0x4a, 0x02, 0xfd, 0x42, 0x4a, 0x02, 0xfd, 0x43, 0x4a, 0x02, 0xfd, 0x42, 0x4a, 0x02, 0xfd,
    0x41, 0x49, 0x02, 0xfd, 0x43, 0x4a, 0x02, 0xfd, 0x42, 0x49, 0x02, 0xfd, 0x42, 0x49, 0x02, 0xfd, 0x43, 0x49, 0x02, 0xfd, 0x41, 0x49, 0x02, 0xfd,
    0x41, 0x48, 0x01, 0xfd, 0x41, 0x48, 0x02, 0xfd, 0x41, 0x48, 0x02, 0xfd, 0x41, 0x49, 0x02, 0xfd, 0x41, 0x49, 0x02, 0xfd, 0x41, 0x48, 0x02, 0xfd,
    0x41, 0x48, 0x03, 0xfd, 0x42, 0x49, 0x02, 0xfd, 0x42, 0x49, 0x02, 0xfd, 0x41, 0x49, 0x02, 0xfd, 0x41, 0x49, 0x02, 0xfd, 0x41, 0x49, 0x02, 0xfd,
    0x41, 0x49, 0x02, 0xfd, 0x42, 0x49, 0x02, 0xfd, 0x41, 0x4a, 0x02, 0xfd, 0x41, 0x4a, 0x02, 0xfd, 0x42, 0x4a, 0x02, 0xfd, 0x43, 0x4a, 0x01, 0xfd,
    0x43, 0x4b, 0x02, 0xfd, 0x43, 0x4c, 0x02, 0xfd, 0x43, 0x4c, 0x02, 0xfd, 0x44, 0x4d, 0x02, 0xfd, 0x45, 0x4e, 0x02, 0xfd, 0x45, 0x4f, 0x02, 0xfd,
    0x46, 0x50, 0x03, 0xfd, 0x48, 0x54, 0x03, 0xfd, 0x47, 0x53, 0x02, 0xfd, 0x41, 0x4b, 0x00, 0xfc, 0x40, 0x49, 0x00, 0xf9, 0x69, 0x89, 0x30, 0xfe,
    0xab, 0xf1, 0x81, 0xff, 0xa6, 0xf5, 0x82, 0xcd, 0x74, 0xb6, 0x48, 0x2e, 0x00, 0x00, 0x00, 0x00, 0x7f, 0xff, 0x7f, 0x04, 0x00, 0x00, 0x00, 0x00,
    0x00, 0x00, 0x00, 0x00, 0x00, 0x00, 0x00, 0x00, 0x00, 0x00, 0x00, 0x00, 0x00, 0x00, 0x00, 0x00, 0x00, 0x00, 0x00, 0x00, 0x00, 0x00, 0x00, 0x00,
    0x00, 0x00, 0x00, 0x00, 0x00, 0x00, 0x00, 0x00, 0x00, 0x00, 0x00, 0x00, 0x00, 0x00, 0x00, 0x00, 0x00, 0x00, 0x00, 0x00, 0x00, 0x00, 0x00, 0x00,
    0x00, 0x00, 0x00, 0x00, 0x00, 0x00, 0x00, 0x00, 0x00, 0x00, 0x00, 0x00, 0x00, 0x00, 0x00, 0x00, 0x00, 0x00, 0x00, 0x00, 0x00, 0x00, 0x00, 0x00,
    0x00, 0x00, 0x00, 0x00, 0x00, 0x00, 0x00, 0x00, 0xbf, 0xff, 0x7f, 0x04, 0x00, 0x00, 0x00, 0x00, 0x87, 0xcd, 0x5c, 0x53, 0xaf, 0xfb, 0x89, 0xf4,
    0x91, 0xc7, 0x60, 0xff, 0x49, 0x58, 0x07, 0xf9, 0x40, 0x48, 0x00, 0xfc, 0x47, 0x53, 0x03, 0xfd, 0x47, 0x53, 0x03, 0xfd, 0x46, 0x50, 0x02, 0xfd,
    0x46, 0x50, 0x02, 0xfd, 0x46, 0x4f, 0x02, 0xfd, 0x44, 0x4c, 0x02, 0xfd, 0x43, 0x4a, 0x01, 0xfd, 0x44, 0x4c, 0x02, 0xfd, 0x43, 0x4b, 0x02, 0xfd,
    0x44, 0x4b, 0x02, 0xfd, 0x44, 0x4c, 0x02, 0xfd, 0x43, 0x4a, 0x02, 0xfd, 0x42, 0x4a, 0x02, 0xfd, 0x42, 0x49, 0x02, 0xfd, 0x41, 0x49, 0x02, 0xfd,
    0x41, 0x48, 0x03, 0xfd, 0x41, 0x48, 0x02, 0xfd, 0x41, 0x47, 0x02, 0xfd, 0x41, 0x48, 0x02, 0xfd, 0x42, 0x48, 0x02, 0xfd, 0x41, 0x48, 0x02, 0xfd,
    0x40, 0x47, 0x02, 0xfd, 0x40, 0x46, 0x01, 0xfd, 0x40, 0x46, 0x02, 0xfd, 0x40, 0x46, 0x01, 0xfd, 0x3f, 0x46, 0x01, 0xfd, 0x40, 0x46, 0x02, 0xfd,
    0x40, 0x47, 0x02, 0xfd, 0x41, 0x47, 0x03, 0xfd, 0x41, 0x47, 0x02, 0xfd, 0x41, 0x47, 0x02, 0xfd, 0x41, 0x47, 0x02, 0xfd, 0x41, 0x48, 0x02, 0xfd,
    0x41, 0x48, 0x02, 0xfd, 0x41, 0x47, 0x02, 0xfd, 0x40, 0x46, 0x02, 0xfd, 0x40, 0x46, 0x02, 0xfd, 0x3f, 0x46, 0x02, 0xfd, 0x41, 0x47, 0x02, 0xfd,
    0x41, 0x48, 0x02, 0xfd, 0x41, 0x48, 0x02, 0xfd, 0x41, 0x47, 0x02, 0xfd, 0x40, 0x47, 0x02, 0xfd, 0x40, 0x46, 0x02, 0xfd, 0x40, 0x46, 0x02, 0xfd,
    0x40, 0x46, 0x02, 0xfd, 0x41, 0x46, 0x02, 0xfd, 0x40, 0x46, 0x02, 0xfd, 0x40, 0x45, 0x01, 0xfd, 0x40, 0x45, 0x01, 0xfd, 0x40, 0x45, 0x02, 0xfd,
    0x3f, 0x46, 0x02, 0xfd, 0x3f, 0x46, 0x02, 0xfd, 0x3f, 0x45, 0x02, 0xfd, 0x3f, 0x46, 0x02, 0xfd, 0x3f, 0x45, 0x02, 0xfd, 0x3f, 0x45, 0x02, 0xfd,
    0x40, 0x46, 0x02, 0xfd, 0x40, 0x46, 0x02, 0xfd, 0x40, 0x47, 0x02, 0xfd, 0x40, 0x46, 0x02, 0xfd, 0x3f, 0x46, 0x02, 0xfd, 0x40, 0x46, 0x02, 0xfd,
    0x40, 0x46, 0x02, 0xfd, 0x40, 0x47, 0x02, 0xfd, 0x40, 0x47, 0x02, 0xfd, 0x41, 0x48, 0x02, 0xfd, 0x42, 0x49, 0x02, 0xfd, 0x41, 0x48, 0x02, 0xfd,
    0x41, 0x48, 0x02, 0xfd, 0x41, 0x49, 0x02, 0xfd, 0x43, 0x4c, 0x03, 0xfd, 0x44, 0x4d, 0x03, 0xfd, 0x44, 0x4d, 0x02, 0xfd, 0x45, 0x4e, 0x02, 0xfd,
    0x46, 0x50, 0x02, 0xfd, 0x47, 0x52, 0x03, 0xfd, 0x47, 0x53, 0x03, 0xfd, 0x40, 0x48, 0x00, 0xfc, 0x49, 0x58, 0x07, 0xf9, 0x90, 0xc7, 0x5e, 0xff,
    0xac, 0xfa, 0x87, 0xf3, 0x85, 0xcb, 0x5e, 0x54, 0x00, 0x00, 0x00, 0x00, 0x7f, 0xff, 0x7f, 0x04, 0x00, 0x00, 0x00, 0x00, 0x00, 0x00, 0x00, 0x00,
    0x00, 0x00, 0x00, 0x00, 0x00, 0x00, 0x00, 0x00, 0x00, 0x00, 0x00, 0x00, 0x00, 0x00, 0x00, 0x00, 0x00, 0x00, 0x00, 0x00, 0x00, 0x00, 0x00, 0x00,
    0x00, 0x00, 0x00, 0x00, 0x00, 0x00, 0x00, 0x00, 0x00, 0x00, 0x00, 0x00, 0x00, 0x00, 0x00, 0x00, 0x00, 0x00, 0x00, 0x00, 0x00, 0x00, 0x00, 0x00,
    0x00, 0x00, 0x00, 0x00, 0x00, 0x00, 0x00, 0x00, 0x00, 0x00, 0x00, 0x00, 0x00, 0x00, 0x00, 0x00, 0x00, 0x00, 0x00, 0x00, 0x7f, 0xff, 0x7f, 0x04,
    0x00, 0x00, 0x00, 0x00, 0x8d, 0xd4, 0x64, 0x65, 0xaf, 0xfc, 0x89, 0xff, 0x79, 0xa2, 0x43, 0xfe, 0x3e, 0x47, 0x00, 0xfa, 0x44, 0x50, 0x01, 0xfd,
    0x47, 0x53, 0x04, 0xfd, 0x45, 0x50, 0x02, 0xfd, 0x45, 0x4f, 0x02, 0xfd, 0x44, 0x4e, 0x02, 0xfd, 0x44, 0x4c, 0x02, 0xfd, 0x44, 0x4d, 0x03, 0xfd,
    0x43, 0x4b, 0x02, 0xfd, 0x41, 0x48, 0x01, 0xfd, 0x41, 0x48, 0x02, 0xfd, 0x41, 0x48, 0x02, 0xfd, 0x42, 0x49, 0x02, 0xfd, 0x42, 0x49, 0x02, 0xfd,
    0x42, 0x48, 0x02, 0xfd, 0x41, 0x47, 0x02, 0xfd, 0x41, 0x47, 0x02, 0xfd, 0x41, 0x47, 0x02, 0xfd, 0x40, 0x47, 0x02, 0xfd, 0x40, 0x46, 0x02, 0xfd,
    0x3f, 0x45, 0x01, 0xfd, 0x40, 0x46, 0x02, 0xfd, 0x40, 0x46, 0x02, 0xfd, 0x3f, 0x44, 0x02, 0xfd, 0x3f, 0x45, 0x02, 0xfd, 0x3f, 0x45, 0x02, 0xfd,
    0x3f, 0x44, 0x02, 0xfd, 0x3f, 0x44, 0x02, 0xfd, 0x3f, 0x44, 0x02, 0xfd, 0x3f, 0x44, 0x01, 0xfd, 0x3f, 0x44, 0x02, 0xfd, 0x3f, 0x44, 0x02, 0xfd,
    0x3f, 0x45, 0x02, 0xfd, 0x3f, 0x45, 0x02, 0xfd, 0x3f, 0x45, 0x02, 0xfd, 0x40, 0x45, 0x03, 0xfd, 0x40, 0x46, 0x02, 0xfd, 0x3f, 0x44, 0x02, 0xfd,
    0x3f, 0x44, 0x02, 0xfd, 0x3f, 0x43, 0x02, 0xfd, 0x3f, 0x43, 0x01, 0xfd, 0x3f, 0x44, 0x02, 0xfd, 0x3f, 0x45, 0x02, 0xfd, 0x3f, 0x44, 0x02, 0xfd,
    0x3f, 0x44, 0x02, 0xfd, 0x3f, 0x44, 0x02, 0xfd, 0x3f, 0x44, 0x02, 0xfd, 0x3f, 0x44, 0x02, 0xfd, 0x3f, 0x43, 0x02, 0xfd, 0x3f, 0x44, 0x02, 0xfd,
    0x3f, 0x43, 0x02, 0xfd, 0x3f, 0x43, 0x02, 0xfd, 0x3f, 0x43, 0x02, 0xfd, 0x3f, 0x43, 0x01, 0xfd, 0x3f, 0x43, 0x02, 0xfd, 0x3f, 0x43, 0x02, 0xfd,
    0x3f, 0x43, 0x02, 0xfd, 0x3f, 0x44, 0x02, 0xfd, 0x3f, 0x43, 0x02, 0xfd, 0x3f, 0x42, 0x02, 0xfd, 0x3f, 0x43, 0x02, 0xfd, 0x3f, 0x43, 0x02, 0xfd,
    0x3f, 0x44, 0x02, 0xfd, 0x3f, 0x44, 0x02, 0xfd, 0x3f, 0x44, 0x02, 0xfd, 0x3f, 0x43, 0x01, 0xfd, 0x3f, 0x43, 0x02, 0xfd, 0x3f, 0x44, 0x02, 0xfd,
    0x3f, 0x44, 0x01, 0xfd, 0x3f, 0x45, 0x02, 0xfd, 0x3f, 0x45, 0x02, 0xfd, 0x40, 0x46, 0x02, 0xfd, 0x40, 0x46, 0x02, 0xfd, 0x40, 0x46, 0x01, 0xfd,
    0x41, 0x48, 0x02, 0xfd, 0x42, 0x4a, 0x02, 0xfd, 0x43, 0x4a, 0x02, 0xfd, 0x44, 0x4c, 0x02, 0xfd, 0x44, 0x4d, 0x02, 0xfd, 0x45, 0x4e, 0x02, 0xfd,
    0x45, 0x50, 0x02, 0xfd, 0x48, 0x54, 0x04, 0xfd, 0x45, 0x50, 0x01, 0xfd, 0x40, 0x46, 0x00, 0xfa, 0x7a, 0xa5, 0x44, 0xfe, 0xad, 0xfd, 0x88, 0xff,
    0x8a, 0xd2, 0x65, 0x67, 0x00, 0x00, 0x00, 0x00, 0x7f, 0xff, 0x7f, 0x04, 0x00, 0x00, 0x00, 0x00, 0x00, 0x00, 0x00, 0x00, 0x00, 0x00, 0x00, 0x00,
    0x00, 0x00, 0x00, 0x00, 0x00, 0x00, 0x00, 0x00, 0x00, 0x00, 0x00, 0x00, 0x00, 0x00, 0x00, 0x00, 0x00, 0x00, 0x00, 0x00, 0x00, 0x00, 0x00, 0x00,
    0x00, 0x00, 0x00, 0x00, 0x00, 0x00, 0x00, 0x00, 0x00, 0x00, 0x00, 0x00, 0x00, 0x00, 0x00, 0x00, 0x00, 0x00, 0x00, 0x00, 0x00, 0x00, 0x00, 0x00,
    0x00, 0x00, 0x00, 0x00, 0x00, 0x00, 0x00, 0x00, 0x7f, 0xbf, 0x7f, 0x04, 0x00, 0x00, 0x00, 0x00, 0x8b, 0xd0, 0x65, 0x5d, 0xb2, 0xff, 0x8b, 0xff,
    0x70, 0x93, 0x36, 0xfc, 0x3b, 0x43, 0x00, 0xfb, 0x46, 0x53, 0x03, 0xfd, 0x46, 0x51, 0x03, 0xfd, 0x45, 0x4f, 0x02, 0xfd, 0x44, 0x4e, 0x02, 0xfd,
    0x44, 0x4c, 0x02, 0xfd, 0x43, 0x4b, 0x02, 0xfd, 0x42, 0x49, 0x02, 0xfd, 0x42, 0x49, 0x02, 0xfd, 0x41, 0x48, 0x02, 0xfd, 0x40, 0x47, 0x02, 0xfd,
    0x40, 0x47, 0x02, 0xfd, 0x40, 0x47, 0x02, 0xfd, 0x41, 0x47, 0x02, 0xfd, 0x40, 0x46, 0x02, 0xfd, 0x40, 0x45, 0x02, 0xfd, 0x3f, 0x46, 0x02, 0xfd,
    0x3f, 0x45, 0x02, 0xfd, 0x3f, 0x44, 0x02, 0xfd, 0x3f, 0x44, 0x02, 0xfd, 0x3f, 0x44, 0x02, 0xfd, 0x3f, 0x43, 0x02, 0xfd, 0x3f, 0x44, 0x02, 0xfd,
    0x3f, 0x43, 0x01, 0xfd, 0x3f, 0x42, 0x01, 0xfd, 0x3f, 0x43, 0x02, 0xfd, 0x3f, 0x43, 0x02, 0xfd, 0x3f, 0x42, 0x01, 0xfd, 0x3f, 0x41, 0x02, 0xfd,
    0x3f, 0x42, 0x02, 0xfd, 0x3f, 0x42, 0x02, 0xfd, 0x3f, 0x42, 0x01, 0xfd, 0x3e, 0x42, 0x02, 0xfd, 0x3f, 0x42, 0x02, 0xfd, 0x3f, 0x43, 0x02, 0xfd,
    0x3f, 0x42, 0x01, 0xfd, 0x3f, 0x42, 0x02, 0xfd, 0x3f, 0x42, 0x02, 0xfd, 0x3f, 0x43, 0x02, 0xfd, 0x3f, 0x43, 0x02, 0xfd, 0x3f, 0x42, 0x01, 0xfd,
    0x3f, 0x42, 0x01, 0xfd, 0x3f, 0x42, 0x02, 0xfd, 0x3f, 0x43, 0x02, 0xfd, 0x3f, 0x42, 0x02, 0xfd, 0x3f, 0x42, 0x02, 0xfd, 0x3f, 0x42, 0x02, 0xfd,
    0x3f, 0x42, 0x02, 0xfd, 0x3f, 0x43, 0x02, 0xfd, 0x3e, 0x42, 0x02, 0xfd, 0x3f, 0x42, 0x02, 0xfd, 0x3f, 0x41, 0x02, 0xfd, 0x3e, 0x41, 0x02, 0xfd,
    0x3f, 0x42, 0x02, 0xfd, 0x3f, 0x42, 0x02, 0xfd, 0x3f, 0x42, 0x02, 0xfd, 0x3f, 0x41, 0x02, 0xfd, 0x3f, 0x41, 0x01, 0xfd, 0x3e, 0x40, 0x01, 0xfd,
    0x3e, 0x41, 0x02, 0xfd, 0x3e, 0x41, 0x02, 0xfd, 0x3e, 0x41, 0x02, 0xfd, 0x3e, 0x41, 0x02, 0xfd, 0x3e, 0x41, 0x02, 0xfd, 0x3f, 0x41, 0x02, 0xfd,
    0x3e, 0x41, 0x02, 0xfd, 0x3e, 0x41, 0x01, 0xfd, 0x3e, 0x41, 0x02, 0xfd, 0x3f, 0x42, 0x02, 0xfd, 0x3f, 0x42, 0x02, 0xfd, 0x3f, 0x43, 0x02, 0xfd,
    0x3f, 0x43, 0x02, 0xfd, 0x3f, 0x44, 0x02, 0xfd, 0x3f, 0x43, 0x01, 0xfd, 0x3f, 0x43, 0x01, 0xfd, 0x3f, 0x44, 0x01, 0xfd, 0x3f, 0x45, 0x02, 0xfd,
    0x40, 0x46, 0x02, 0xfd, 0x41, 0x48, 0x02, 0xfd, 0x42, 0x49, 0x02, 0xfd, 0x43, 0x4b, 0x02, 0xfd, 0x44, 0x4d, 0x02, 0xfd, 0x45, 0x4f, 0x02, 0xfd,
    0x47, 0x51, 0x02, 0xfc, 0x47, 0x53, 0x03, 0xfd, 0x3c, 0x44, 0x00, 0xfb, 0x71, 0x96, 0x39, 0xfb, 0xb2, 0xff, 0x8c, 0xff, 0x89, 0xcf, 0x62, 0x5b,
    0x00, 0x00, 0x00, 0x00, 0x7f, 0xbf, 0x7f, 0x04, 0x00, 0x00, 0x00, 0x00, 0x00, 0x00, 0x00, 0x00, 0x00, 0x00, 0x00, 0x00, 0x00, 0x00, 0x00, 0x00,
    0x00, 0x00, 0x00, 0x00, 0x00, 0x00, 0x00, 0x00, 0x00, 0x00, 0x00, 0x00, 0x00, 0x00, 0x00, 0x00, 0x00, 0x00, 0x00, 0x00, 0x00, 0x00, 0x00, 0x00,
    0x00, 0x00, 0x00, 0x00, 0x00, 0x00, 0x00, 0x00, 0x00, 0x00, 0x00, 0x00, 0x00, 0x00, 0x00, 0x00, 0x00, 0x00, 0x00, 0x00, 0xaa, 0xaa, 0x55, 0x03,
    0x00, 0x00, 0x00, 0x00, 0x7b, 0xc1, 0x5a, 0x3e, 0xae, 0xfd, 0x8b, 0xfd, 0x72, 0x97, 0x3b, 0xfc, 0x3b, 0x42, 0x00, 0xfb, 0x47, 0x55, 0x04, 0xfc,
    0x44, 0x4f, 0x02, 0xfd, 0x45, 0x4e, 0x02, 0xfd, 0x44, 0x4c, 0x01, 0xfd, 0x42, 0x4a, 0x01, 0xfd, 0x42, 0x49, 0x02, 0xfd, 0x41, 0x48, 0x02, 0xfd,
    0x40, 0x46, 0x02, 0xfd, 0x40, 0x47, 0x02, 0xfd, 0x40, 0x46, 0x02, 0xfd, 0x3f, 0x45, 0x02, 0xfd, 0x3f, 0x44, 0x02, 0xfd, 0x3f, 0x44, 0x02, 0xfd,
    0x3f, 0x44, 0x02, 0xfd, 0x40, 0x45, 0x02, 0xfd, 0x3f, 0x44, 0x03, 0xfd, 0x3f, 0x44, 0x02, 0xfd, 0x3f, 0x42, 0x02, 0xfd, 0x3e, 0x41, 0x02, 0xfd,
    0x3e, 0x41, 0x02, 0xfd, 0x3f, 0x42, 0x02, 0xfd, 0x3e, 0x41, 0x01, 0xfd, 0x3e, 0x41, 0x02, 0xfd, 0x3f, 0x41, 0x01, 0xfd, 0x3f, 0x41, 0x01, 0xfd,
    0x3e, 0x41, 0x02, 0xfd, 0x3d, 0x41, 0x02, 0xfc, 0x3e, 0x41, 0x01, 0xfd, 0x3e, 0x40, 0x01, 0xfd, 0x3e, 0x41, 0x02, 0xfd, 0x3d, 0x40, 0x02, 0xfd,
    0x3e, 0x40, 0x02, 0xfd, 0x3d, 0x40, 0x02, 0xfd, 0x3d, 0x40, 0x02, 0xfd, 0x3e, 0x41, 0x02, 0xfd, 0x3e, 0x41, 0x01, 0xfd, 0x3f, 0x42, 0x02, 0xfd,
    0x3f, 0x41, 0x02, 0xfd, 0x3e, 0x41, 0x02, 0xfd, 0x3f, 0x42, 0x02, 0xfd, 0x3f, 0x41, 0x01, 0xfd, 0x3e, 0x41, 0x02, 0xfd, 0x3e, 0x41, 0x02, 0xfd,
    0x3f, 0x42, 0x02, 0xfd, 0x3e, 0x41, 0x02, 0xfd, 0x3d, 0x40, 0x02, 0xfd, 0x3d, 0x40, 0x01, 0xfd, 0x3d, 0x40, 0x02, 0xfd, 0x3d, 0x41, 0x02, 0xfd,
    0x3d, 0x40, 0x02, 0xfd, 0x3e, 0x40, 0x02, 0xfd, 0x3e, 0x41, 0x02, 0xfd, 0x3d, 0x40, 0x02, 0xfd, 0x3e, 0x40, 0x02, 0xfd, 0x3f, 0x41, 0x02, 0xfd,
    0x3e, 0x40, 0x02, 0xfd, 0x3e, 0x40, 0x02, 0xfd, 0x3d, 0x3f, 0x01, 0xfd, 0x3d, 0x3f, 0x01, 0xfd, 0x3d, 0x40, 0x02, 0xfd, 0x3e, 0x41, 0x02, 0xfd,
    0x3d, 0x40, 0x02, 0xfd, 0x3d, 0x40, 0x02, 0xfd, 0x3e, 0x40, 0x02, 0xfd, 0x3c, 0x40, 0x02, 0xfd, 0x3c, 0x3f, 0x01, 0xfc, 0x3d, 0x3f, 0x01, 0xfd,
    0x3d, 0x3f, 0x01, 0xfd, 0x3d, 0x40, 0x01, 0xfd, 0x3e, 0x41, 0x02, 0xfd, 0x3f, 0x42, 0x02, 0xfd, 0x3f, 0x42, 0x02, 0xfd, 0x3f, 0x41, 0x02, 0xfd,
    0x3f, 0x41, 0x02, 0xfd, 0x3f, 0x42, 0x01, 0xfd, 0x3f, 0x43, 0x01, 0xfd, 0x3f, 0x43, 0x01, 0xfd, 0x3f, 0x44, 0x01, 0xfd, 0x3f, 0x45, 0x02, 0xfd,
    0x40, 0x46, 0x01, 0xfd, 0x41, 0x48, 0x02, 0xfd, 0x42, 0x4b, 0x02, 0xfd, 0x44, 0x4d, 0x02, 0xfd, 0x45, 0x4e, 0x01, 0xfd, 0x45, 0x50, 0x02, 0xfd,
    0x48, 0x54, 0x04, 0xfd, 0x3d, 0x44, 0x00, 0xfb, 0x74, 0x9b, 0x3c, 0xfc, 0xae, 0xff, 0x8a, 0xfa, 0x7d, 0xc4, 0x55, 0x39, 0x00, 0x00, 0x00, 0x00,
    0x55, 0xaa, 0x55, 0x03, 0x00, 0x00, 0x00, 0x00, 0x00, 0x00, 0x00, 0x00, 0x00, 0x00, 0x00, 0x00, 0x00, 0x00, 0x00, 0x00, 0x00, 0x00, 0x00, 0x00,
    0x00, 0x00, 0x00, 0x00, 0x00, 0x00, 0x00, 0x00, 0x00, 0x00, 0x00, 0x00, 0x00, 0x00, 0x00, 0x00, 0x00, 0x00, 0x00, 0x00, 0x00, 0x00, 0x00, 0x00,
    0x00, 0x00, 0x00, 0x00, 0x00, 0x00, 0x00, 0x00, 0x7f, 0x7f, 0x7f, 0x02, 0x7f, 0xff, 0x7f, 0x02, 0x67, 0xa0, 0x42, 0x1b, 0xaa, 0xfb, 0x87, 0xe6,
    0x83, 0xb3, 0x4f, 0xfe, 0x39, 0x41, 0x00, 0xfb, 0x46, 0x53, 0x04, 0xfd, 0x43, 0x4e, 0x02, 0xfd, 0x43, 0x4d, 0x02, 0xfd, 0x43, 0x4c, 0x02, 0xfd,
    0x42, 0x4b, 0x01, 0xfd, 0x41, 0x49, 0x01, 0xfd, 0x41, 0x48, 0x02, 0xfd, 0x40, 0x46, 0x02, 0xfd, 0x3f, 0x45, 0x02, 0xfd, 0x3f, 0x45, 0x02, 0xfd,
    0x3f, 0x44, 0x02, 0xfd, 0x3f, 0x44, 0x02, 0xfd, 0x3f, 0x42, 0x01, 0xfd, 0x3f, 0x41, 0x02, 0xfd, 0x3f, 0x42, 0x02, 0xfd, 0x3f, 0x44, 0x02, 0xfd,
    0x3f, 0x42, 0x02, 0xfd, 0x3f, 0x41, 0x02, 0xfd, 0x3e, 0x41, 0x02, 0xfd, 0x3d, 0x40, 0x01, 0xfd, 0x3e, 0x41, 0x02, 0xfd, 0x3e, 0x41, 0x02, 0xfd,
    0x3e, 0x40, 0x02, 0xfd, 0x3e, 0x41, 0x02, 0xfd, 0x3e, 0x41, 0x01, 0xfd, 0x3e, 0x40, 0x02, 0xfd, 0x3e, 0x41, 0x02, 0xfd, 0x3c, 0x3f, 0x01, 0xfc,
    0x3d, 0x40, 0x01, 0xfd, 0x3e, 0x40, 0x02, 0xfd, 0x3d, 0x40, 0x02, 0xfd, 0x3d, 0x3f, 0x01, 0xfd, 0x3d, 0x40, 0x02, 0xfd, 0x3c, 0x3f, 0x01, 0xfd,
    0x3d, 0x3f, 0x02, 0xfd, 0x3c, 0x3f, 0x02, 0xfc, 0x3d, 0x40, 0x01, 0xfd, 0x3f, 0x41, 0x02, 0xfd, 0x3e, 0x41, 0x02, 0xfd, 0x3d, 0x3f, 0x02, 0xfd,
    0x3d, 0x40, 0x02, 0xfd, 0x3e, 0x40, 0x02, 0xfd, 0x3c, 0x3f, 0x02, 0xfd, 0x3d, 0x3f, 0x02, 0xfd, 0x3d, 0x40, 0x02, 0xfd, 0x3d, 0x3f, 0x02, 0xfd,
    0x3d, 0x3f, 0x02, 0xfd, 0x3c, 0x3f, 0x01, 0xfd, 0x3b, 0x3f, 0x01, 0xfd, 0x3b, 0x3f, 0x01, 0xfd, 0x3d, 0x3f, 0x02, 0xfd, 0x3c, 0x3f, 0x02, 0xfd,
    0x3c, 0x3f, 0x02, 0xfd, 0x3c, 0x3f, 0x02, 0xfd, 0x3c, 0x3f, 0x02, 0xfd, 0x3d, 0x3f, 0x02, 0xfd, 0x3c, 0x3f, 0x01, 0xfd, 0x3d, 0x3f, 0x01, 0xfd,
    0x3c, 0x3f, 0x01, 0xfd, 0x3d, 0x3f, 0x01, 0xfd, 0x3d, 0x3f, 0x01, 0xfd, 0x3d, 0x3f, 0x02, 0xfd, 0x3c, 0x3f, 0x01, 0xfd, 0x3c, 0x3f, 0x02, 0xfd,
    0x3c, 0x3f, 0x01, 0xfd, 0x3c, 0x3f, 0x01, 0xfd, 0x3c, 0x3f, 0x01, 0xfd, 0x3b, 0x3f, 0x01, 0xfd, 0x3b, 0x3f, 0x01, 0xfd, 0x3c, 0x3f, 0x01, 0xfd,
    0x3d, 0x3f, 0x01, 0xfd, 0x3d, 0x3f, 0x01, 0xfd, 0x3d, 0x3f, 0x01, 0xfd, 0x3f, 0x41, 0x02, 0xfd, 0x3e, 0x41, 0x01, 0xfd, 0x3d, 0x40, 0x01, 0xfd,
    0x3e, 0x41, 0x02, 0xfd, 0x3f, 0x42, 0x02, 0xfd, 0x3f, 0x42, 0x01, 0xfd, 0x3f, 0x42, 0x02, 0xfd, 0x3f, 0x44, 0x02, 0xfd, 0x40, 0x46, 0x02, 0xfd,
    0x41, 0x48, 0x02, 0xfd, 0x42, 0x49, 0x01, 0xfd, 0x43, 0x4a, 0x01, 0xfd, 0x44, 0x4d, 0x02, 0xfd, 0x45, 0x4f, 0x02, 0xfc, 0x47, 0x53, 0x04, 0xfd,
    0x3c, 0x42, 0x00, 0xfa, 0x84, 0xb5, 0x50, 0xfe, 0xa8, 0xfa, 0x83, 0xe4, 0x58, 0x93, 0x31, 0x1a, 0x7f, 0xff, 0x7f, 0x02, 0x7f, 0x7f, 0x7f, 0x02,
    0x00, 0x00, 0x00, 0x00, 0x00, 0x00, 0x00, 0x00, 0x00, 0x00, 0x00, 0x00, 0x00, 0x00, 0x00, 0x00, 0x00, 0x00, 0x00, 0x00, 0x00, 0x00, 0x00, 0x00,
    0x00, 0x00, 0x00, 0x00, 0x00, 0x00, 0x00, 0x00, 0x00, 0x00, 0x00, 0x00, 0x00, 0x00, 0x00, 0x00, 0x00, 0x00, 0x00, 0x00, 0x00, 0x00, 0x00, 0x00,
    0xaa, 0xff, 0xaa, 0x03, 0x00, 0x00, 0x00, 0x00, 0x9d, 0xee, 0x7b, 0xad, 0x9f, 0xe1, 0x70, 0xff, 0x3f, 0x48, 0x00, 0xf9, 0x45, 0x50, 0x03, 0xfd,
    0x44, 0x4f, 0x02, 0xfd, 0x43, 0x4d, 0x02, 0xfd, 0x42, 0x4b, 0x02, 0xfd, 0x42, 0x4a, 0x02, 0xfd, 0x42, 0x49, 0x02, 0xfd, 0x41, 0x48, 0x02, 0xfd,
    0x3f, 0x46, 0x02, 0xfd, 0x40, 0x45, 0x02, 0xfd, 0x3f, 0x45, 0x02, 0xfd, 0x3f, 0x44, 0x02, 0xfd, 0x3f, 0x43, 0x02, 0xfd, 0x3f, 0x42, 0x02, 0xfd,
    0x3e, 0x41, 0x01, 0xfd, 0x3e, 0x41, 0x02, 0xfd, 0x3e, 0x41, 0x02, 0xfd, 0x3e, 0x41, 0x02, 0xfd, 0x3d, 0x40, 0x01, 0xfd, 0x3d, 0x3f, 0x02, 0xfd,
    0x3d, 0x40, 0x02, 0xfd, 0x3e, 0x40, 0x02, 0xfd, 0x3e, 0x40, 0x02, 0xfd, 0x3d, 0x40, 0x02, 0xfd, 0x3d, 0x3f, 0x02, 0xfd, 0x3d, 0x3f, 0x01, 0xfd,
    0x3d, 0x40, 0x01, 0xfd, 0x3d, 0x40, 0x02, 0xfd, 0x3c, 0x3f, 0x02, 0xfd, 0x3c, 0x3f, 0x01, 0xfd, 0x3d, 0x3f, 0x01, 0xfd, 0x3d, 0x3f, 0x02, 0xfd,
    0x3d, 0x3f, 0x01, 0xfd, 0x3d, 0x3f, 0x01, 0xfd, 0x3d, 0x40, 0x02, 0xfd, 0x3c, 0x3f, 0x02, 0xfd, 0x3d, 0x3f, 0x02, 0xfd, 0x3d, 0x3f, 0x02, 0xfd,
    0x3d, 0x3f, 0x02, 0xfd, 0x3d, 0x3f, 0x02, 0xfd, 0x3d, 0x3f, 0x02, 0xfd, 0x3c, 0x3f, 0x02, 0xfd, 0x3c, 0x3f, 0x02, 0xfd, 0x3d, 0x3f, 0x02, 0xfd,
    0x3c, 0x3f, 0x02, 0xfd, 0x3b, 0x3f, 0x02, 0xfd, 0x3b, 0x3e, 0x02, 0xfd, 0x3c, 0x3f, 0x02, 0xfd, 0x3c, 0x3f, 0x02, 0xfd, 0x3c, 0x3f, 0x01, 0xfd,
    0x3b, 0x3e, 0x01, 0xfd, 0x3b, 0x3f, 0x01, 0xfd, 0x3a, 0x3f, 0x01, 0xfd, 0x3b, 0x3f, 0x02, 0xfd, 0x3b, 0x3e, 0x01, 0xfd, 0x3b, 0x3f, 0x02, 0xfd,
    0x3b, 0x3f, 0x02, 0xfd, 0x3a, 0x3e, 0x01, 0xfd, 0x3a, 0x3e, 0x01, 0xfd, 0x3a, 0x3f, 0x01, 0xfd, 0x3b, 0x3f, 0x01, 0xfd, 0x3b, 0x3f, 0x01, 0xfd,
    0x3c, 0x3f, 0x02, 0xfd, 0x3c, 0x3f, 0x02, 0xfd, 0x3b, 0x3e, 0x01, 0xfd, 0x3b, 0x3f, 0x01, 0xfd, 0x3c, 0x3f, 0x01, 0xfd, 0x3b, 0x3f, 0x01, 0xfd,
    0x3c, 0x3f, 0x02, 0xfd, 0x3c, 0x3f, 0x02, 0xfd, 0x3b, 0x3e, 0x01, 0xfd, 0x3a, 0x3e, 0x01, 0xfd, 0x3b, 0x3e, 0x01, 0xfd, 0x3c, 0x3f, 0x01, 0xfd,
    0x3d, 0x3f, 0x01, 0xfd, 0x3d, 0x40, 0x01, 0xfd, 0x3d, 0x3f, 0x01, 0xfd, 0x3d, 0x3f, 0x01, 0xfd, 0x3d, 0x3f, 0x02, 0xfd, 0x3d, 0x3f, 0x01, 0xfd,
    0x3d, 0x40, 0x01, 0xfd, 0x3e, 0x40, 0x01, 0xfd, 0x3f, 0x42, 0x01, 0xfd, 0x3f, 0x44, 0x02, 0xfd, 0x40, 0x46, 0x02, 0xfd, 0x41, 0x47, 0x01, 0xfd,
    0x41, 0x48, 0x02, 0xfd, 0x42, 0x4a, 0x02, 0xfd, 0x44, 0x4d, 0x01, 0xfd, 0x45, 0x4e, 0x02, 0xfd, 0x44, 0x4f, 0x03, 0xfd, 0x41, 0x49, 0x00, 0xf9,
    0xa1, 0xe4, 0x72, 0xff, 0x9d, 0xee, 0x7a, 0xa8, 0x00, 0x00, 0x00, 0x00, 0xaa, 0xff, 0xaa, 0x03, 0x00, 0x00, 0x00, 0x00, 0x00, 0x00, 0x00, 0x00,
    0x00, 0x00, 0x00, 0x00, 0x00, 0x00, 0x00, 0x00, 0x00, 0x00, 0x00, 0x00, 0x00, 0x00, 0x00, 0x00, 0x00, 0x00, 0x00, 0x00, 0x00, 0x00, 0x00, 0x00,
    0x00, 0x00, 0x00, 0x00, 0x00, 0x00, 0x00, 0x00, 0x00, 0x00, 0x00, 0x00, 0xaa, 0xff, 0x55, 0x03, 0x00, 0x00, 0x00, 0x00, 0x8d, 0xd6, 0x67, 0x51,
    0xae, 0xfd, 0x87, 0xff, 0x52, 0x66, 0x14, 0xfa, 0x41, 0x49, 0x01, 0xfd, 0x46, 0x50, 0x03, 0xfd, 0x44, 0x4e, 0x01, 0xfd, 0x44, 0x4d, 0x02, 0xfd,
    0x42, 0x49, 0x02, 0xfd, 0x40, 0x48, 0x02, 0xfd, 0x40, 0x47, 0x02, 0xfd, 0x40, 0x46, 0x02, 0xfd, 0x3f, 0x44, 0x02, 0xfd, 0x3f, 0x43, 0x02, 0xfd,
    0x3f, 0x43, 0x01, 0xfd, 0x3f, 0x42, 0x01, 0xfd, 0x3f, 0x41, 0x02, 0xfd, 0x3e, 0x41, 0x02, 0xfd, 0x3e, 0x41, 0x02, 0xfd, 0x3e, 0x40, 0x02, 0xfd,
    0x3d, 0x3f, 0x01, 0xfd, 0x3d, 0x3f, 0x02, 0xfd, 0x3c, 0x3f, 0x01, 0xfd, 0x3c, 0x3f, 0x02, 0xfd, 0x3e, 0x3f, 0x01, 0xfd, 0x3d, 0x3f, 0x01, 0xfd,
    0x3d, 0x3f, 0x01, 0xfd, 0x3c, 0x3f, 0x01, 0xfd, 0x3c, 0x3f, 0x01, 0xfd, 0x3c, 0x3f, 0x01, 0xfd, 0x3d, 0x3f, 0x01, 0xfd, 0x3c, 0x3f, 0x02, 0xfd,
    0x3c, 0x3f, 0x01, 0xfd, 0x3c, 0x3f, 0x01, 0xfd, 0x3c, 0x3f, 0x01, 0xfd, 0x3c, 0x3f, 0x01, 0xfd, 0x3c, 0x3f, 0x01, 0xfd, 0x3d, 0x3f, 0x01, 0xfd,
    0x3d, 0x3f, 0x02, 0xfd, 0x3c, 0x3f, 0x01, 0xfd, 0x3b, 0x3f, 0x01, 0xfd, 0x3c, 0x3f, 0x02, 0xfd, 0x3c, 0x3f, 0x01, 0xfd, 0x3c, 0x3f, 0x01, 0xfd,
    0x3b, 0x3f, 0x02, 0xfd, 0x3b, 0x3e, 0x01, 0xfd, 0x3b, 0x3f, 0x02, 0xfd, 0x3c, 0x3f, 0x03, 0xfd, 0x3c, 0x40, 0x04, 0xfd, 0x3b, 0x40, 0x05, 0xfd,
    0x39, 0x3f, 0x05, 0xfc, 0x3b, 0x41, 0x05, 0xfd, 0x3b, 0x41, 0x05, 0xfd, 0x3b, 0x40, 0x05, 0xfd, 0x3b, 0x3f, 0x04, 0xfd, 0x3a, 0x3f, 0x04, 0xfd,
    0x39, 0x3e, 0x02, 0xfd, 0x39, 0x3d, 0x02, 0xfd, 0x3a, 0x3d, 0x01, 0xfd, 0x3a, 0x3d, 0x02, 0xfd, 0x3a, 0x3d, 0x01, 0xfd, 0x39, 0x3c, 0x01, 0xfd,
    0x39, 0x3d, 0x01, 0xfd, 0x3a, 0x3d, 0x02, 0xfd, 0x3a, 0x3d, 0x01, 0xfd, 0x3a, 0x3d, 0x02, 0xfd, 0x3a, 0x3d, 0x01, 0xfd, 0x3b, 0x3d, 0x01, 0xfd,
    0x3a, 0x3e, 0x02, 0xfd, 0x3b, 0x3e, 0x02, 0xfd, 0x3b, 0x3e, 0x01, 0xfd, 0x3a, 0x3e, 0x01, 0xfd, 0x3b, 0x3e, 0x02, 0xfd, 0x3b, 0x3e, 0x02, 0xfd,
    0x3a, 0x3d, 0x01, 0xfd, 0x3a, 0x3d, 0x01, 0xfd, 0x3a, 0x3d, 0x02, 0xfd, 0x3b, 0x3e, 0x02, 0xfd, 0x3a, 0x3e, 0x01, 0xfc, 0x3b, 0x3e, 0x01, 0xfd,
    0x3b, 0x3e, 0x01, 0xfd, 0x3c, 0x3f, 0x02, 0xfd, 0x3c, 0x3f, 0x02, 0xfd, 0x3c, 0x3f, 0x02, 0xfd, 0x3d, 0x3f, 0x02, 0xfd, 0x3d, 0x3f, 0x01, 0xfd,
    0x3e, 0x40, 0x02, 0xfd, 0x3f, 0x42, 0x01, 0xfd, 0x3f, 0x43, 0x02, 0xfd, 0x3f, 0x45, 0x02, 0xfd, 0x41, 0x47, 0x02, 0xfd, 0x42, 0x49, 0x02, 0xfd,
    0x43, 0x4b, 0x01, 0xfd, 0x44, 0x4c, 0x01, 0xfd, 0x45, 0x50, 0x03, 0xfd, 0x40, 0x48, 0x00, 0xfd, 0x56, 0x6b, 0x17, 0xf9, 0xb0, 0xff, 0x89, 0xff,
    0x87, 0xd2, 0x63, 0x55, 0x00, 0x00, 0x00, 0x00, 0xaa, 0xff, 0x55, 0x03, 0x00, 0x00, 0x00, 0x00, 0x00, 0x00, 0x00, 0x00, 0x00, 0x00, 0x00, 0x00,
    0x00, 0x00, 0x00, 0x00, 0x00, 0x00, 0x00, 0x00, 0x00, 0x00, 0x00, 0x00, 0x00, 0x00, 0x00, 0x00, 0x00, 0x00, 0x00, 0x00, 0x00, 0x00, 0x00, 0x00,
    0x00, 0x00, 0x00, 0x01, 0x7f, 0xff, 0x7f, 0x02, 0x3f, 0x5f, 0x00, 0x08, 0xa6, 0xf6, 0x81, 0xda, 0x80, 0xae, 0x4a, 0xfe, 0x3a, 0x41, 0x00, 0xfb,
    0x46, 0x52, 0x04, 0xfd, 0x44, 0x4d, 0x02, 0xfd, 0x43, 0x4c, 0x02, 0xfd, 0x43, 0x4b, 0x02, 0xfd, 0x41, 0x48, 0x02, 0xfd, 0x40, 0x46, 0x02, 0xfd,
    0x3f, 0x45, 0x02, 0xfd, 0x3f, 0x43, 0x01, 0xfd, 0x3f, 0x42, 0x02, 0xfd, 0x3e, 0x40, 0x02, 0xfd, 0x3d, 0x41, 0x02, 0xfd, 0x3d, 0x40, 0x02, 0xfd,
    0x3d, 0x40, 0x01, 0xfd, 0x3e, 0x40, 0x01, 0xfd, 0x3e, 0x40, 0x02, 0xfd, 0x3d, 0x40, 0x02, 0xfd, 0x3e, 0x3f, 0x02, 0xfd, 0x3e, 0x3f, 0x02, 0xfd,
    0x3c, 0x3f, 0x01, 0xfd, 0x3c, 0x3f, 0x01, 0xfd, 0x3d, 0x3f, 0x01, 0xfd, 0x3c, 0x3f, 0x01, 0xfd, 0x3c, 0x3f, 0x01, 0xfd, 0x3c, 0x3f, 0x01, 0xfd,
    0x3c, 0x3f, 0x01, 0xfd, 0x3c, 0x3f, 0x01, 0xfd, 0x3c, 0x3f, 0x01, 0xfd, 0x3c, 0x3f, 0x01, 0xfd, 0x3b, 0x3f, 0x02, 0xfd, 0x3c, 0x3f, 0x02, 0xfd,
    0x3b, 0x3f, 0x02, 0xfd, 0x3b, 0x3e, 0x01, 0xfd, 0x3b, 0x3f, 0x01, 0xfd, 0x3c, 0x3f, 0x01, 0xfd, 0x3c, 0x3f, 0x01, 0xfd, 0x3b, 0x3e, 0x01, 0xfd,
    0x3b, 0x3e, 0x01, 0xfd, 0x3b, 0x3f, 0x02, 0xfd, 0x3a, 0x3e, 0x03, 0xfd, 0x3c, 0x41, 0x04, 0xfd, 0x3c, 0x41, 0x05, 0xfd, 0x3b, 0x40, 0x05, 0xfd,
    0x39, 0x3c, 0x01, 0xfd, 0x35, 0x38, 0x00, 0xfd, 0x32, 0x32, 0x00, 0xfd, 0x30, 0x2f, 0x00, 0xfd, 0x2e, 0x2d, 0x00, 0xfd, 0x2d, 0x2c, 0x00, 0xfd,
    0x2e, 0x2c, 0x00, 0xfd, 0x2f, 0x2d, 0x00, 0xfd, 0x2f, 0x2f, 0x00, 0xfd, 0x31, 0x31, 0x00, 0xfd, 0x34, 0x37, 0x00, 0xfd, 0x37, 0x3c, 0x01, 0xfd,
    0x39, 0x3e, 0x04, 0xfd, 0x39, 0x3e, 0x05, 0xfd, 0x38, 0x3c, 0x03, 0xfd, 0x38, 0x3b, 0x01, 0xfd, 0x38, 0x3b, 0x01, 0xfd, 0x39, 0x3c, 0x01, 0xfd,
    0x38, 0x3b, 0x01, 0xfd, 0x38, 0x3b, 0x02, 0xfd, 0x38, 0x3a, 0x01, 0xfd, 0x39, 0x3b, 0x01, 0xfd, 0x39, 0x3c, 0x02, 0xfd, 0x3a, 0x3d, 0x02, 0xfd,
    0x39, 0x3c, 0x01, 0xfd, 0x3a, 0x3d, 0x01, 0xfd, 0x39, 0x3c, 0x01, 0xfd, 0x39, 0x3c, 0x01, 0xfd, 0x39, 0x3c, 0x01, 0xfd, 0x3a, 0x3d, 0x01, 0xfd,
    0x3a, 0x3d, 0x01, 0xfd, 0x39, 0x3c, 0x01, 0xfc, 0x39, 0x3c, 0x01, 0xfd, 0x3a, 0x3d, 0x01, 0xfd, 0x3a, 0x3d, 0x01, 0xfd, 0x3a, 0x3d, 0x01, 0xfd,
    0x3a, 0x3e, 0x02, 0xfd, 0x3a, 0x3e, 0x02, 0xfd, 0x3c, 0x3f, 0x01, 0xfd, 0x3c, 0x3f, 0x01, 0xfd, 0x3d, 0x3f, 0x01, 0xfd, 0x3e, 0x40, 0x01, 0xfd,
    0x3f, 0x41, 0x02, 0xfd, 0x3f, 0x43, 0x02, 0xfd, 0x3f, 0x44, 0x02, 0xfd, 0x41, 0x48, 0x02, 0xfd, 0x42, 0x49, 0x01, 0xfd, 0x43, 0x4a, 0x01, 0xfd,
    0x44, 0x4c, 0x01, 0xfd, 0x45, 0x50, 0x03, 0xfd, 0x3a, 0x40, 0x00, 0xfb, 0x81, 0xb0, 0x4c, 0xfe, 0xa5, 0xf6, 0x81, 0xd8, 0x00, 0x33, 0x00, 0x05,
    0xff, 0xff, 0xff, 0x01, 0x00, 0x00, 0x00, 0x01, 0x00, 0x00, 0x00, 0x00, 0x00, 0x00, 0x00, 0x00, 0x00, 0x00, 0x00, 0x00, 0x00, 0x00, 0x00, 0x00,
    0x00, 0x00, 0x00, 0x00, 0x00, 0x00, 0x00, 0x00, 0x00, 0x00, 0x00, 0x00, 0x00, 0x00, 0x00, 0x00, 0x7f, 0xbf, 0x7f, 0x04, 0x00, 0x00, 0x00, 0x00,
    0x93, 0xe0, 0x70, 0x64, 0xa9, 0xf4, 0x7f, 0xff, 0x46, 0x52, 0x07, 0xfa, 0x42, 0x4c, 0x02, 0xfd, 0x44, 0x4e, 0x02, 0xfd, 0x43, 0x4c, 0x02, 0xfd,
    0x41, 0x49, 0x02, 0xfd, 0x41, 0x48, 0x02, 0xfd, 0x41, 0x47, 0x02, 0xfd, 0x40, 0x45, 0x02, 0xfd, 0x3f, 0x44, 0x02, 0xfd, 0x3f, 0x42, 0x01, 0xfd,
    0x3e, 0x40, 0x01, 0xfd, 0x3d, 0x40, 0x02, 0xfd, 0x3c, 0x3f, 0x02, 0xfd, 0x3c, 0x3f, 0x01, 0xfd, 0x3d, 0x3f, 0x01, 0xfd, 0x3d, 0x3f, 0x01, 0xfd,
    0x3c, 0x3f, 0x01, 0xfd, 0x3c, 0x3f, 0x02, 0xfd, 0x3c, 0x3f, 0x02, 0xfd, 0x3c, 0x3f, 0x02, 0xfd, 0x3c, 0x3f, 0x01, 0xfd, 0x3c, 0x3f, 0x02, 0xfd,
    0x3b, 0x3f, 0x01, 0xfd, 0x3b, 0x3e, 0x01, 0xfd, 0x3b, 0x3f, 0x01, 0xfd, 0x3c, 0x3f, 0x02, 0xfd, 0x3c, 0x3f, 0x01, 0xfd, 0x3c, 0x3f, 0x01, 0xfd,
    0x3b, 0x3f, 0x02, 0xfd, 0x3c, 0x3f, 0x02, 0xfd, 0x3c, 0x3f, 0x02, 0xfd, 0x3b, 0x3f, 0x02, 0xfd, 0x3b, 0x3e, 0x01, 0xfd, 0x3a, 0x3e, 0x02, 0xfd,
    0x3a, 0x3e, 0x02, 0xfd, 0x3a, 0x3e, 0x02, 0xfd, 0x3a, 0x3e, 0x02, 0xfd, 0x3a, 0x3e, 0x02, 0xfd, 0x3b, 0x3f, 0x05, 0xfd, 0x3a, 0x3f, 0x05, 0xfd,
    0x37, 0x3b, 0x00, 0xfd, 0x32, 0x33, 0x00, 0xfd, 0x2f, 0x2e, 0x00, 0xfd, 0x2e, 0x2e, 0x00, 0xfd, 0x35, 0x38, 0x05, 0xfd, 0x3f, 0x48, 0x1c, 0xfd,
    0x4a, 0x5b, 0x34, 0xfd, 0x52, 0x6c, 0x4b, 0xfd, 0x59, 0x78, 0x59, 0xfd, 0x5a, 0x7e, 0x61, 0xfd, 0x58, 0x7e, 0x61, 0xfd, 0x55, 0x78, 0x58, 0xfd,
    0x4e, 0x6a, 0x49, 0xfd, 0x47, 0x5b, 0x34, 0xfd, 0x3a, 0x44, 0x19, 0xfd, 0x31, 0x34, 0x02, 0xfd, 0x2c, 0x29, 0x00, 0xfd, 0x2d, 0x29, 0x00, 0xfd,
    0x30, 0x31, 0x00, 0xfc, 0x36, 0x3b, 0x03, 0xfd, 0x38, 0x3c, 0x05, 0xfd, 0x37, 0x3a, 0x02, 0xfd, 0x37, 0x39, 0x01, 0xfd, 0x37, 0x39, 0x01, 0xfd,
    0x37, 0x3a, 0x01, 0xfd, 0x37, 0x3a, 0x01, 0xfd, 0x38, 0x3b, 0x01, 0xfd, 0x39, 0x3c, 0x02, 0xfd, 0x38, 0x3b, 0x01, 0xfd, 0x38, 0x3b, 0x01, 0xfd,
    0x38, 0x3b, 0x01, 0xfd, 0x37, 0x3a, 0x01, 0xfd, 0x38, 0x3b, 0x01, 0xfd, 0x39, 0x3c, 0x01, 0xfd, 0x39, 0x3c, 0x01, 0xfd, 0x39, 0x3c, 0x01, 0xfd,
    0x39, 0x3c, 0x01, 0xfd, 0x39, 0x3c, 0x01, 0xfd, 0x3a, 0x3c, 0x01, 0xfd, 0x3a, 0x3c, 0x01, 0xfd, 0x3a, 0x3d, 0x02, 0xfd, 0x39, 0x3c, 0x01, 0xfd,
    0x3a, 0x3d, 0x01, 0xfd, 0x3b, 0x3f, 0x01, 0xfd, 0x3d, 0x3f, 0x02, 0xfd, 0x3d, 0x40, 0x01, 0xfd, 0x3e, 0x41, 0x02, 0xfd, 0x3f, 0x42, 0x02, 0xfd,
    0x3f, 0x43, 0x02, 0xfd, 0x3f, 0x44, 0x02, 0xfd, 0x40, 0x46, 0x01, 0xfd, 0x41, 0x48, 0x01, 0xfd, 0x43, 0x4a, 0x01, 0xfd, 0x44, 0x4d, 0x02, 0xfd,
    0x43, 0x4b, 0x01, 0xfd, 0x4b, 0x57, 0x09, 0xfa, 0xac, 0xf6, 0x82, 0xff, 0x94, 0xe0, 0x6d, 0x5d, 0x00, 0x00, 0x00, 0x00, 0x7f, 0xbf, 0x7f, 0x04,
    0x00, 0x00, 0x00, 0x00, 0x00, 0x00, 0x00, 0x00, 0x00, 0x00, 0x00, 0x00, 0x00, 0x00, 0x00, 0x00, 0x00, 0x00, 0x00, 0x00, 0x00, 0x00, 0x00, 0x00,
    0x00, 0x00, 0x00, 0x00, 0x00, 0x00, 0x00, 0x00, 0xff, 0xff, 0xff, 0x01, 0x00, 0x33, 0x00, 0x05, 0xa5, 0xf7, 0x84, 0xd2, 0x7b, 0xa8, 0x46, 0xfe,
    0x3c, 0x41, 0x00, 0xfb, 0x46, 0x51, 0x04, 0xfd, 0x43, 0x4c, 0x02, 0xfd, 0x42, 0x4a, 0x02, 0xfd, 0x3f, 0x46, 0x01, 0xfd, 0x3f, 0x45, 0x02, 0xfd,
    0x3f, 0x44, 0x02, 0xfd, 0x3f, 0x44, 0x02, 0xfd, 0x3f, 0x42, 0x02, 0xfd, 0x3e, 0x41, 0x01, 0xfd, 0x3e, 0x40, 0x02, 0xfd, 0x3d, 0x3f, 0x02, 0xfd,
    0x3c, 0x3f, 0x02, 0xfd, 0x3c, 0x3f, 0x01, 0xfd, 0x3c, 0x3f, 0x02, 0xfd, 0x3b, 0x3f, 0x02, 0xfd, 0x3b, 0x3f, 0x01, 0xfd, 0x3b, 0x3f, 0x02, 0xfd,
    0x3b, 0x3f, 0x01, 0xfd, 0x3b, 0x3e, 0x02, 0xfd, 0x3b, 0x3f, 0x02, 0xfd, 0x3b, 0x3e, 0x02, 0xfd, 0x3a, 0x3e, 0x02, 0xfd, 0x3a, 0x3d, 0x02, 0xfd,
    0x3b, 0x3e, 0x01, 0xfd, 0x3b, 0x3e, 0x01, 0xfd, 0x3c, 0x3f, 0x02, 0xfd, 0x3b, 0x3e, 0x01, 0xfd, 0x3b, 0x3e, 0x01, 0xfd, 0x3b, 0x3f, 0x01, 0xfd,
    0x3c, 0x3f, 0x02, 0xfd, 0x3b, 0x3e, 0x02, 0xfd, 0x3a, 0x3e, 0x02, 0xfd, 0x3b, 0x3e, 0x02, 0xfd, 0x3a, 0x3d, 0x02, 0xfd, 0x39, 0x3d, 0x03, 0xfd,
    0x3a, 0x3e, 0x05, 0xfd, 0x37, 0x3b, 0x00, 0xfd, 0x2d, 0x2e, 0x00, 0xfc, 0x2b, 0x2b, 0x00, 0xfd, 0x38, 0x3c, 0x0b, 0xfd, 0x4f, 0x5f, 0x3a, 0xfd,
    0x6a, 0x8f, 0x75, 0xfd, 0x81, 0xb8, 0xab, 0xfd, 0x8e, 0xda, 0xd2, 0xfd, 0x96, 0xf0, 0xea, 0xfd, 0x97, 0xfd, 0xf7, 0xfd, 0x98, 0xff, 0xfd, 0xfd,
    0x94, 0xff, 0xff, 0xfd, 0x8f, 0xff, 0xfd, 0xfd, 0x8d, 0xff, 0xfc, 0xfd, 0x8d, 0xff, 0xfb, 0xfd, 0x8b, 0xff, 0xf8, 0xfd, 0x89, 0xfc, 0xf1, 0xfd,
    0x84, 0xed, 0xe3, 0xfd, 0x7a, 0xd5, 0xc9, 0xfd, 0x6c, 0xaf, 0x9d, 0xfd, 0x51, 0x79, 0x5f, 0xfd, 0x38, 0x46, 0x21, 0xfd, 0x2d, 0x2b, 0x00, 0xfd,
    0x2d, 0x2a, 0x00, 0xfd, 0x33, 0x36, 0x00, 0xfd, 0x35, 0x3a, 0x04, 0xfd, 0x36, 0x38, 0x02, 0xfd, 0x36, 0x38, 0x01, 0xfd, 0x36, 0x39, 0x01, 0xfd,
    0x37, 0x39, 0x01, 0xfd, 0x37, 0x39, 0x02, 0xfd, 0x38, 0x3a, 0x02, 0xfd, 0x38, 0x3b, 0x01, 0xfd, 0x38, 0x3b, 0x01, 0xfd, 0x37, 0x39, 0x01, 0xfd,
    0x37, 0x39, 0x01, 0xfd, 0x37, 0x3a, 0x01, 0xfd, 0x38, 0x3b, 0x01, 0xfd, 0x38, 0x3b, 0x01, 0xfd, 0x38, 0x3b, 0x01, 0xfd, 0x39, 0x3b, 0x01, 0xfd,
    0x39, 0x3b, 0x01, 0xfd, 0x39, 0x3c, 0x01, 0xfd, 0x39, 0x3c, 0x01, 0xfd, 0x39, 0x3c, 0x01, 0xfd, 0x39, 0x3c, 0x01, 0xfd, 0x3a, 0x3d, 0x01, 0xfd,
    0x3b, 0x3e, 0x01, 0xfc, 0x3c, 0x3f, 0x01, 0xfd, 0x3c, 0x3f, 0x01, 0xfd, 0x3e, 0x40, 0x02, 0xfd, 0x3f, 0x41, 0x01, 0xfd, 0x3f, 0x42, 0x01, 0xfd,
    0x3f, 0x44, 0x01, 0xfd, 0x40, 0x46, 0x01, 0xfd, 0x42, 0x48, 0x02, 0xfd, 0x43, 0x4b, 0x02, 0xfd, 0x46, 0x4f, 0x04, 0xfd, 0x3c, 0x41, 0x00, 0xfb,
    0x7f, 0xad, 0x4b, 0xfe, 0xa6, 0xf6, 0x80, 0xd2, 0x00, 0x33, 0x00, 0x05, 0xff, 0xff, 0xff, 0x01, 0x00, 0x00, 0x00, 0x00, 0x00, 0x00, 0x00, 0x00,
    0x00, 0x00, 0x00, 0x00, 0x00, 0x00, 0x00, 0x00, 0x00, 0x00, 0x00, 0x00, 0x00, 0x00, 0x00, 0x00, 0x00, 0x00, 0x00, 0x00, 0xaa, 0xff, 0x55, 0x03,
    0x00, 0x00, 0x00, 0x00, 0x87, 0xd3, 0x63, 0x40, 0xa8, 0xf4, 0x81, 0xff, 0x4e, 0x5e, 0x0e, 0xfb, 0x42, 0x4a, 0x01, 0xfd, 0x45, 0x4f, 0x03, 0xfd,
    0x43, 0x4b, 0x02, 0xfd, 0x41, 0x48, 0x02, 0xfd, 0x3f, 0x45, 0x02, 0xfd, 0x3f, 0x44, 0x02, 0xfd, 0x3f, 0x42, 0x02, 0xfd, 0x3f, 0x42, 0x02, 0xfd,
    0x3f, 0x41, 0x01, 0xfd, 0x3f, 0x41, 0x01, 0xfd, 0x3e, 0x40, 0x02, 0xfd, 0x3c, 0x3f, 0x02, 0xfd, 0x3c, 0x3f, 0x02, 0xfd, 0x3c, 0x3f, 0x01, 0xfd,
    0x3c, 0x3f, 0x02, 0xfd, 0x3b, 0x3f, 0x02, 0xfd, 0x3b, 0x3f, 0x02, 0xfd, 0x3b, 0x3f, 0x01, 0xfd, 0x3b, 0x3e, 0x01, 0xfd, 0x3a, 0x3d, 0x01, 0xfd,
    0x3a, 0x3e, 0x01, 0xfd, 0x3b, 0x3e, 0x01, 0xfd, 0x3a, 0x3e, 0x02, 0xfd, 0x39, 0x3d, 0x02, 0xfd, 0x3a, 0x3d, 0x01, 0xfd, 0x3b, 0x3e, 0x01, 0xfd,
    0x3b, 0x3e, 0x02, 0xfd, 0x3a, 0x3c, 0x01, 0xfd, 0x3a, 0x3d, 0x02, 0xfd, 0x3b, 0x3e, 0x02, 0xfd, 0x3b, 0x3f, 0x02, 0xfd, 0x3a, 0x3d, 0x02, 0xfd,
    0x39, 0x3c, 0x02, 0xfd, 0x39, 0x3d, 0x03, 0xfd, 0x39, 0x3f, 0x05, 0xfd, 0x33, 0x35, 0x00, 0xfd, 0x2b, 0x29, 0x00, 0xfd, 0x33, 0x36, 0x07, 0xfd,
    0x55, 0x68, 0x48, 0xfd, 0x7c, 0xab, 0x9b, 0xfd, 0x98, 0xe1, 0xdb, 0xfd, 0xa3, 0xff, 0xfa, 0xfd, 0xa0, 0xff, 0xff, 0xfd, 0x96, 0xff, 0xff, 0xfd,
    0x8e, 0xff, 0xf5, 0xfd, 0x86, 0xfc, 0xee, 0xfd, 0x82, 0xf9, 0xea, 0xfd, 0x7e, 0xf8, 0xe7, 0xfd, 0x7b, 0xf7, 0xe5, 0xfd, 0x77, 0xf6, 0xe3, 0xfd,
    0x75, 0xf6, 0xe2, 0xfd, 0x73, 0xf6, 0xe1, 0xfd, 0x71, 0xf6, 0xe0, 0xfd, 0x6f, 0xf6, 0xe0, 0xfd, 0x70, 0xfa, 0xe3, 0xfd, 0x76, 0xff, 0xea, 0xfd,
    0x7c, 0xff, 0xf1, 0xfd, 0x81, 0xff, 0xf4, 0xfd, 0x7b, 0xf1, 0xe3, 0xfd, 0x68, 0xbf, 0xae, 0xfd, 0x4b, 0x73, 0x57, 0xfd, 0x2f, 0x33, 0x0a, 0xfd,
    0x29, 0x25, 0x00, 0xfd, 0x31, 0x35, 0x00, 0xfd, 0x35, 0x39, 0x04, 0xfd, 0x35, 0x37, 0x01, 0xfd, 0x35, 0x37, 0x01, 0xfd, 0x35, 0x37, 0x01, 0xfd,
    0x35, 0x37, 0x01, 0xfc, 0x37, 0x3a, 0x01, 0xfc, 0x38, 0x3a, 0x01, 0xfd, 0x37, 0x39, 0x01, 0xfd, 0x37, 0x39, 0x01, 0xfd, 0x37, 0x3a, 0x01, 0xfd,
    0x38, 0x3b, 0x02, 0xfd, 0x38, 0x3b, 0x02, 0xfd, 0x38, 0x3a, 0x02, 0xfd, 0x38, 0x3b, 0x02, 0xfd, 0x38, 0x3a, 0x01, 0xfd, 0x38, 0x3b, 0x01, 0xfd,
    0x39, 0x3c, 0x01, 0xfd, 0x39, 0x3c, 0x01, 0xfd, 0x39, 0x3c, 0x02, 0xfd, 0x39, 0x3c, 0x01, 0xfd, 0x39, 0x3c, 0x01, 0xfc, 0x3b, 0x3e, 0x01, 0xfd,
    0x3c, 0x3f, 0x02, 0xfd, 0x3d, 0x40, 0x01, 0xfd, 0x3d, 0x3f, 0x01, 0xfd, 0x3e, 0x41, 0x02, 0xfd, 0x3f, 0x43, 0x01, 0xfd, 0x3f, 0x45, 0x02, 0xfd,
    0x41, 0x47, 0x02, 0xfd, 0x42, 0x49, 0x01, 0xfd, 0x43, 0x4c, 0x02, 0xfd, 0x41, 0x48, 0x01, 0xfd, 0x4f, 0x61, 0x10, 0xfb, 0xa8, 0xf5, 0x81, 0xff,
    0x8b, 0xd1, 0x62, 0x3e, 0x00, 0x00, 0x00, 0x00, 0xaa, 0xff, 0x55, 0x03, 0x00, 0x00, 0x00, 0x00, 0x00, 0x00, 0x00, 0x00, 0x00, 0x00, 0x00, 0x00,
    0x00, 0x00, 0x00, 0x00, 0x00, 0x00, 0x00, 0x00, 0x00, 0x00, 0x00, 0x00, 0xbf, 0xff, 0x7f, 0x04, 0x00, 0x00, 0x00, 0x00, 0xa3, 0xf6, 0x82, 0x91,
    0x94, 0xd0, 0x63, 0xfe, 0x3d, 0x42, 0x00, 0xf9, 0x45, 0x50, 0x03, 0xfd, 0x43, 0x4b, 0x02, 0xfd, 0x42, 0x49, 0x02, 0xfd, 0x40, 0x46, 0x02, 0xfd,
    0x3f, 0x44, 0x02, 0xfd, 0x3f, 0x43, 0x02, 0xfd, 0x3f, 0x42, 0x01, 0xfd, 0x3e, 0x40, 0x01, 0xfd, 0x3e, 0x41, 0x02, 0xfd, 0x3d, 0x40, 0x02, 0xfd,
    0x3d, 0x3f, 0x02, 0xfd, 0x3c, 0x3f, 0x02, 0xfd, 0x3c, 0x3f, 0x02, 0xfd, 0x3c, 0x3f, 0x01, 0xfd, 0x3c, 0x3f, 0x01, 0xfd, 0x3c, 0x3f, 0x02, 0xfd,
    0x3b, 0x3f, 0x01, 0xfd, 0x3c, 0x3f, 0x02, 0xfd, 0x3c, 0x3f, 0x02, 0xfd, 0x3a, 0x3e, 0x01, 0xfd, 0x3b, 0x3e, 0x02, 0xfd, 0x3b, 0x3f, 0x02, 0xfd,
    0x3b, 0x3e, 0x02, 0xfd, 0x39, 0x3d, 0x01, 0xfd, 0x39, 0x3d, 0x02, 0xfd, 0x3a, 0x3e, 0x02, 0xfd, 0x3b, 0x3e, 0x02, 0xfd, 0x3a, 0x3d, 0x02, 0xfd,
    0x39, 0x3b, 0x02, 0xfd, 0x39, 0x3c, 0x02, 0xfd, 0x3a, 0x3d, 0x02, 0xfd, 0x39, 0x3d, 0x02, 0xfd, 0x39, 0x3e, 0x05, 0xfd, 0x33, 0x35, 0x00, 0xfd,
    0x2a, 0x28, 0x00, 0xfd, 0x3c, 0x44, 0x1d, 0xfd, 0x6c, 0x90, 0x7b, 0xfd, 0x99, 0xd9, 0xd4, 0xfd, 0xaa, 0xff, 0xff, 0xfd, 0xa0, 0xff, 0xff, 0xfd,
    0x93, 0xff, 0xf5, 0xfd, 0x8d, 0xf9, 0xed, 0xfd, 0x8b, 0xf7, 0xeb, 0xfd, 0x8c, 0xf7, 0xec, 0xfd, 0x8e, 0xf8, 0xee, 0xfd, 0x90, 0xf9, 0xef, 0xfd,
    0x90, 0xfa, 0xef, 0xfd, 0x8c, 0xfa, 0xef, 0xfd, 0x8b, 0xfa, 0xee, 0xfd, 0x87, 0xfa, 0xec, 0xfd, 0x84, 0xfa, 0xeb, 0xfd, 0x7e, 0xfa, 0xea, 0xfd,
    0x78, 0xf9, 0xe7, 0xfd, 0x76, 0xf8, 0xe5, 0xfd, 0x73, 0xf7, 0xe3, 0xfd, 0x70, 0xf5, 0xdf, 0xfd, 0x6c, 0xf3, 0xdb, 0xfd, 0x6b, 0xf2, 0xd9, 0xfd,
    0x6c, 0xf6, 0xdc, 0xfd, 0x72, 0xff, 0xe8, 0xfd, 0x7b, 0xff, 0xf0, 0xfd, 0x71, 0xda, 0xca, 0xfd, 0x4d, 0x7d, 0x65, 0xfd, 0x2c, 0x2d, 0x07, 0xfd,
    0x2b, 0x27, 0x00, 0xfd, 0x33, 0x38, 0x04, 0xfd, 0x33, 0x36, 0x02, 0xfd, 0x34, 0x36, 0x01, 0xfd, 0x34, 0x36, 0x01, 0xfd, 0x35, 0x38, 0x01, 0xfc,
    0x37, 0x39, 0x01, 0xfd, 0x37, 0x39, 0x01, 0xfd, 0x38, 0x3a, 0x01, 0xfd, 0x38, 0x3a, 0x01, 0xfd, 0x38, 0x3a, 0x01, 0xfd, 0x38, 0x3a, 0x01, 0xfd,
    0x38, 0x3a, 0x01, 0xfd, 0x37, 0x3a, 0x01, 0xfd, 0x38, 0x3a, 0x01, 0xfd, 0x39, 0x3b, 0x01, 0xfd, 0x39, 0x3b, 0x02, 0xfd, 0x38, 0x3b, 0x02, 0xfd,
    0x38, 0x3b, 0x02, 0xfc, 0x39, 0x3d, 0x02, 0xfd, 0x3a, 0x3d, 0x01, 0xfd, 0x3a, 0x3e, 0x01, 0xfd, 0x3c, 0x3f, 0x02, 0xfd, 0x3c, 0x3f, 0x02, 0xfd,
    0x3d, 0x3f, 0x02, 0xfd, 0x3e, 0x40, 0x01, 0xfd, 0x3f, 0x42, 0x02, 0xfd, 0x3f, 0x43, 0x02, 0xfd, 0x3f, 0x45, 0x02, 0xfd, 0x40, 0x46, 0x01, 0xfd,
    0x42, 0x49, 0x01, 0xfd, 0x44, 0x4d, 0x03, 0xfd, 0x3c, 0x41, 0x00, 0xf9, 0x94, 0xd3, 0x64, 0xff, 0xa1, 0xf4, 0x7b, 0x90, 0x00, 0x00, 0x00, 0x00,
    0xbf, 0xff, 0x7f, 0x04, 0x00, 0x00, 0x00, 0x00, 0x00, 0x00, 0x00, 0x00, 0x00, 0x00, 0x00, 0x00, 0x00, 0x00, 0x00, 0x00, 0x00, 0x00, 0x00, 0x00,
    0x00, 0x00, 0x00, 0x01, 0x00, 0x00, 0x00, 0x00, 0x2a, 0x55, 0x00, 0x06, 0xa7, 0xf9, 0x83, 0xd8, 0x6f, 0x94, 0x36, 0xff, 0x3c, 0x43, 0x00, 0xfb,
    0x44, 0x4e, 0x04, 0xfd, 0x42, 0x4b, 0x02, 0xfd, 0x41, 0x48, 0x02, 0xfd, 0x3f, 0x44, 0x02, 0xfd, 0x3f, 0x43, 0x01, 0xfd, 0x3f, 0x42, 0x01, 0xfd,
    0x3e, 0x42, 0x01, 0xfd, 0x3e, 0x40, 0x01, 0xfd, 0x3d, 0x3f, 0x01, 0xfd, 0x3d, 0x3f, 0x02, 0xfd, 0x3d, 0x3f, 0x02, 0xfd, 0x3d, 0x3f, 0x02, 0xfd,
    0x3c, 0x3f, 0x02, 0xfd, 0x3b, 0x3e, 0x02, 0xfd, 0x3b, 0x3f, 0x02, 0xfd, 0x3b, 0x3e, 0x01, 0xfd, 0x3b, 0x3e, 0x01, 0xfd, 0x3b, 0x3f, 0x02, 0xfd,
    0x3b, 0x3e, 0x02, 0xfd, 0x3a, 0x3e, 0x02, 0xfd, 0x3b, 0x3e, 0x02, 0xfd, 0x3c, 0x3e, 0x01, 0xfd, 0x3b, 0x3e, 0x01, 0xfd, 0x3a, 0x3d, 0x01, 0xfd,
    0x3a, 0x3d, 0x01, 0xfd, 0x3a, 0x3d, 0x01, 0xfd, 0x39, 0x3d, 0x01, 0xfd, 0x39, 0x3d, 0x02, 0xfd, 0x38, 0x3b, 0x02, 0xfd, 0x38, 0x3a, 0x01, 0xfd,
    0x39, 0x3d, 0x05, 0xfd, 0x35, 0x38, 0x00, 0xfd, 0x2a, 0x29, 0x00, 0xfd, 0x3d, 0x46, 0x20, 0xfd, 0x76, 0x9f, 0x8f, 0xfd, 0xa2, 0xee, 0xea, 0xfd,
    0xa6, 0xff, 0xff, 0xfd, 0x9a, 0xff, 0xf8, 0xfd, 0x90, 0xf8, 0xee, 0xfd, 0x91, 0xf7, 0xed, 0xfd, 0x99, 0xf9, 0xf1, 0xfd, 0xa2, 0xfa, 0xf4, 0xfd,
    0xab, 0xfb, 0xf6, 0xfd, 0xb0, 0xfb, 0xf7, 0xfd, 0xaa, 0xfb, 0xf6, 0xfd, 0x9a, 0xfa, 0xf3, 0xfd, 0x93, 0xfa, 0xf1, 0xfd, 0x91, 0xfa, 0xf1, 0xfd,
    0x8f, 0xfa, 0xf0, 0xfd, 0x8c, 0xfa, 0xef, 0xfd, 0x89, 0xf9, 0xed, 0xfd, 0x85, 0xfa, 0xec, 0xfd, 0x7e, 0xf9, 0xea, 0xfd, 0x7b, 0xf9, 0xe9, 0xfd,
    0x7a, 0xf9, 0xe8, 0xfd, 0x78, 0xf9, 0xe6, 0xfd, 0x76, 0xf9, 0xe4, 0xfd, 0x73, 0xf8, 0xe2, 0xfd, 0x6e, 0xf5, 0xde, 0xfd, 0x6a, 0xf2, 0xd8, 0xfd,
    0x67, 0xf0, 0xd4, 0xfd, 0x6b, 0xf9, 0xdd, 0xfd, 0x73, 0xff, 0xeb, 0xfd, 0x67, 0xd2, 0xbf, 0xfd, 0x3d, 0x5d, 0x42, 0xfd, 0x28, 0x22, 0x00, 0xfd,
    0x30, 0x32, 0x01, 0xfd, 0x32, 0x35, 0x03, 0xfd, 0x33, 0x35, 0x01, 0xfd, 0x35, 0x37, 0x01, 0xfd, 0x36, 0x38, 0x01, 0xfd, 0x36, 0x38, 0x01, 0xfd,
    0x37, 0x3a, 0x01, 0xfd, 0x37, 0x3a, 0x01, 0xfd, 0x38, 0x3a, 0x01, 0xfd, 0x38, 0x3a, 0x01, 0xfd, 0x37, 0x3a, 0x01, 0xfd, 0x37, 0x39, 0x01, 0xfd,
    0x37, 0x3a, 0x01, 0xfd, 0x38, 0x3a, 0x01, 0xfd, 0x38, 0x3a, 0x01, 0xfd, 0x37, 0x39, 0x01, 0xfd, 0x36, 0x39, 0x01, 0xfc, 0x38, 0x3b, 0x01, 0xfd,
    0x39, 0x3c, 0x01, 0xfd, 0x3a, 0x3d, 0x01, 0xfd, 0x3a, 0x3d, 0x01, 0xfd, 0x3b, 0x3e, 0x02, 0xfd, 0x3c, 0x3f, 0x01, 0xfd, 0x3e, 0x40, 0x01, 0xfd,
    0x3e, 0x40, 0x02, 0xfd, 0x3f, 0x42, 0x01, 0xfd, 0x3f, 0x44, 0x02, 0xfd, 0x3f, 0x45, 0x01, 0xfd, 0x40, 0x47, 0x01, 0xfd, 0x42, 0x4c, 0x04, 0xfd,
    0x3b, 0x40, 0x00, 0xfb, 0x72, 0x99, 0x3a, 0xff, 0xa6, 0xf7, 0x83, 0xd6, 0x00, 0x3f, 0x00, 0x04, 0x00, 0x00, 0x00, 0x00, 0x00, 0x00, 0x00, 0x00,
    0x00, 0x00, 0x00, 0x00, 0x00, 0x00, 0x00, 0x00, 0x00, 0x00, 0x00, 0x00, 0x00, 0x00, 0x00, 0x00, 0x7f, 0xff, 0x7f, 0x02, 0x00, 0x00, 0x00, 0x00,
    0x82, 0xcd, 0x5d, 0x29, 0xa5, 0xf0, 0x80, 0xfb, 0x52, 0x64, 0x14, 0xfd, 0x40, 0x48, 0x00, 0xfd, 0x43, 0x4b, 0x03, 0xfd, 0x42, 0x4a, 0x02, 0xfd,
    0x40, 0x47, 0x02, 0xfd, 0x3f, 0x43, 0x02, 0xfd, 0x3e, 0x41, 0x01, 0xfd, 0x3d, 0x40, 0x01, 0xfd, 0x3e, 0x40, 0x02, 0xfd, 0x3c, 0x3f, 0x02, 0xfd,
    0x3d, 0x3f, 0x02, 0xfd, 0x3d, 0x3f, 0x01, 0xfd, 0x3c, 0x3f, 0x02, 0xfd, 0x3c, 0x3f, 0x01, 0xfd, 0x3a, 0x3e, 0x01, 0xfd, 0x3a, 0x3e, 0x02, 0xfd,
    0x3a, 0x3d, 0x02, 0xfd, 0x3b, 0x3d, 0x02, 0xfd, 0x3b, 0x3e, 0x02, 0xfd, 0x3a, 0x3d, 0x02, 0xfd, 0x3a, 0x3e, 0x01, 0xfd, 0x3a, 0x3d, 0x02, 0xfd,
    0x3a, 0x3e, 0x02, 0xfd, 0x3c, 0x3f, 0x01, 0xfd, 0x3b, 0x3e, 0x02, 0xfd, 0x39, 0x3c, 0x01, 0xfd, 0x39, 0x3c, 0x01, 0xfd, 0x3a, 0x3d, 0x01, 0xfd,
    0x3a, 0x3d, 0x02, 0xfd, 0x38, 0x3b, 0x02, 0xfd, 0x37, 0x3b, 0x02, 0xfd, 0x38, 0x3c, 0x04, 0xfd, 0x2c, 0x2c, 0x00, 0xfd, 0x31, 0x34, 0x0c, 0xfd,
    0x6d, 0x91, 0x7d, 0xfd, 0xa5, 0xef, 0xec, 0xfd, 0xa8, 0xff, 0xff, 0xfd, 0x97, 0xfd, 0xf4, 0xfd, 0x93, 0xf7, 0xee, 0xfd, 0x9f, 0xf9, 0xf3, 0xfd,
    0xb1, 0xfb, 0xf7, 0xfd, 0xc4, 0xfb, 0xf9, 0xfd, 0xd2, 0xfb, 0xfa, 0xfd, 0xda, 0xfb, 0xfb, 0xfd, 0xde, 0xfb, 0xfb, 0xfd, 0xde, 0xfb, 0xfb, 0xfd,
    0xdc, 0xfb, 0xfb, 0xfd, 0xd2, 0xfb, 0xfa, 0xfd, 0xa2, 0xfa, 0xf4, 0xfd, 0x91, 0xfa, 0xf0, 0xfd, 0x91, 0xfa, 0xf0, 0xfd, 0x8e, 0xfa, 0xf0, 0xfd,
    0x8a, 0xf9, 0xed, 0xfd, 0x86, 0xf9, 0xec, 0xfd, 0x83, 0xf9, 0xeb, 0xfd, 0x7e, 0xf9, 0xe9, 0xfd, 0x7c, 0xf9, 0xe8, 0xfd, 0x7a, 0xf9, 0xe7, 0xfd,
    0x78, 0xf9, 0xe7, 0xfd, 0x75, 0xf9, 0xe5, 0xfd, 0x73, 0xf8, 0xe3, 0xfd, 0x71, 0xf8, 0xe1, 0xfd, 0x6e, 0xf6, 0xde, 0xfd, 0x67, 0xf2, 0xd6, 0xfd,
    0x60, 0xec, 0xce, 0xfd, 0x67, 0xf8, 0xda, 0xfd, 0x74, 0xfc, 0xe5, 0xfd, 0x55, 0x9c, 0x84, 0xfd, 0x26, 0x26, 0x05, 0xfd, 0x2a, 0x2b, 0x00, 0xfd,
    0x31, 0x35, 0x04, 0xfd, 0x32, 0x34, 0x01, 0xfd, 0x34, 0x36, 0x01, 0xfd, 0x35, 0x37, 0x01, 0xfd, 0x36, 0x38, 0x01, 0xfd, 0x36, 0x38, 0x01, 0xfd,
    0x36, 0x39, 0x02, 0xfd, 0x37, 0x3a, 0x02, 0xfd, 0x37, 0x39, 0x01, 0xfd, 0x37, 0x39, 0x01, 0xfd, 0x37, 0x38, 0x01, 0xfd, 0x36, 0x38, 0x01, 0xfd,
    0x37, 0x39, 0x01, 0xfd, 0x38, 0x3a, 0x01, 0xfd, 0x36, 0x39, 0x02, 0xfc, 0x38, 0x3a, 0x01, 0xfd, 0x38, 0x3a, 0x01, 0xfd, 0x38, 0x3b, 0x01, 0xfd,
    0x3a, 0x3d, 0x01, 0xfd, 0x3a, 0x3d, 0x02, 0xfd, 0x39, 0x3d, 0x01, 0xfc, 0x3c, 0x3e, 0x01, 0xfd, 0x3d, 0x3f, 0x01, 0xfd, 0x3f, 0x41, 0x01, 0xfd,
    0x3f, 0x43, 0x01, 0xfd, 0x3f, 0x44, 0x02, 0xfd, 0x3f, 0x45, 0x01, 0xfd, 0x41, 0x49, 0x02, 0xfd, 0x3e, 0x44, 0x00, 0xfd, 0x54, 0x68, 0x17, 0xfd,
    0xa4, 0xf0, 0x7f, 0xfc, 0x7f, 0xc5, 0x56, 0x2c, 0x00, 0x00, 0x00, 0x00, 0x7f, 0xff, 0x7f, 0x02, 0x00, 0x00, 0x00, 0x00, 0x00, 0x00, 0x00, 0x00,
    0x00, 0x00, 0x00, 0x00, 0x00, 0x00, 0x00, 0x00, 0x7f, 0xbf, 0x7f, 0x04, 0x00, 0x00, 0x00, 0x00, 0x9a, 0xe9, 0x77, 0x5e, 0xa3, 0xe7, 0x79, 0xff,
    0x42, 0x4b, 0x02, 0xfa, 0x43, 0x4b, 0x01, 0xfd, 0x42, 0x4a, 0x02, 0xfd, 0x41, 0x47, 0x02, 0xfd, 0x3f, 0x45, 0x02, 0xfd, 0x3f, 0x43, 0x01, 0xfd,
    0x3e, 0x41, 0x01, 0xfd, 0x3e, 0x40, 0x01, 0xfd, 0x3e, 0x40, 0x02, 0xfd, 0x3c, 0x3f, 0x02, 0xfd, 0x3d, 0x3f, 0x02, 0xfd, 0x3c, 0x3f, 0x01, 0xfd,
    0x3a, 0x3e, 0x01, 0xfd, 0x3b, 0x3e, 0x02, 0xfd, 0x3a, 0x3e, 0x02, 0xfd, 0x39, 0x3d, 0x02, 0xfd, 0x3a, 0x3d, 0x02, 0xfd, 0x3a, 0x3d, 0x01, 0xfd,
    0x39, 0x3d, 0x01, 0xfd, 0x3a, 0x3d, 0x01, 0xfd, 0x3a, 0x3d, 0x01, 0xfd, 0x3a, 0x3e, 0x01, 0xfd, 0x3a, 0x3d, 0x02, 0xfd, 0x3b, 0x3e, 0x02, 0xfd,
    0x3a, 0x3d, 0x01, 0xfd, 0x39, 0x3b, 0x01, 0xfd, 0x39, 0x3c, 0x01, 0xfd, 0x3a, 0x3d, 0x02, 0xfd, 0x39, 0x3c, 0x02, 0xfd, 0x39, 0x3c, 0x04, 0xfd,
    0x34, 0x36, 0x00, 0xfd, 0x28, 0x28, 0x00, 0xfd, 0x55, 0x69, 0x4c, 0xfd, 0x9b, 0xdb, 0xd5, 0xfd, 0xa9, 0xff, 0xff, 0xfd, 0x99, 0xfc, 0xf4, 0xfd,
    0x95, 0xf7, 0xee, 0xfd, 0xa6, 0xfa, 0xf5, 0xfd, 0xbf, 0xfb, 0xf9, 0xfd, 0xd5, 0xfb, 0xfa, 0xfd, 0xe1, 0xfb, 0xfb, 0xfd, 0xe2, 0xfb, 0xfb, 0xfd,
    0xdf, 0xfb, 0xfb, 0xfd, 0xdc, 0xfb, 0xfb, 0xfd, 0xda, 0xfb, 0xfb, 0xfd, 0xd8, 0xfb, 0xfb, 0xfd, 0xd7, 0xfb, 0xfb, 0xfd, 0xe1, 0xfb, 0xfc, 0xfd,
    0xae, 0xfa, 0xf5, 0xfd, 0x8f, 0xf9, 0xf0, 0xfd, 0x92, 0xf9, 0xf0, 0xfd, 0x8e, 0xf9, 0xef, 0xfd, 0x89, 0xf9, 0xec, 0xfd, 0x85, 0xf9, 0xeb, 0xfd,
    0x83, 0xf9, 0xea, 0xfd, 0x7d, 0xf9, 0xe9, 0xfd, 0x7c, 0xf9, 0xe8, 0xfd, 0x7b, 0xf9, 0xe7, 0xfd, 0x78, 0xf9, 0xe6, 0xfd, 0x76, 0xf9, 0xe5, 0xfd,
    0x75, 0xf9, 0xe4, 0xfd, 0x74, 0xf9, 0xe4, 0xfd, 0x73, 0xf8, 0xe2, 0xfd, 0x6f, 0xf7, 0xdf, 0xfd, 0x69, 0xf4, 0xda, 0xfd, 0x63, 0xee, 0xd0, 0xfd,
    0x61, 0xeb, 0xcb, 0xfd, 0x6d, 0xff, 0xe4, 0xfd, 0x5f, 0xc5, 0xaf, 0xfd, 0x2b, 0x34, 0x17, 0xfd, 0x27, 0x25, 0x00, 0xfd, 0x2f, 0x33, 0x04, 0xfd,
    0x32, 0x33, 0x01, 0xfd, 0x34, 0x36, 0x01, 0xfd, 0x34, 0x36, 0x02, 0xfd, 0x35, 0x37, 0x02, 0xfd, 0x35, 0x37, 0x01, 0xfd, 0x36, 0x38, 0x02, 0xfd,
    0x37, 0x39, 0x01, 0xfd, 0x37, 0x39, 0x01, 0xfd, 0x37, 0x39, 0x01, 0xfd, 0x36, 0x39, 0x01, 0xfd, 0x36, 0x38, 0x01, 0xfd, 0x37, 0x38, 0x01, 0xfd,
    0x37, 0x39, 0x01, 0xfd, 0x37, 0x3a, 0x01, 0xfd, 0x37, 0x3a, 0x01, 0xfd, 0x38, 0x3b, 0x01, 0xfd, 0x3a, 0x3c, 0x01, 0xfd, 0x3a, 0x3d, 0x01, 0xfd,
    0x3a, 0x3d, 0x01, 0xfd, 0x3a, 0x3e, 0x01, 0xfd, 0x3c, 0x3f, 0x01, 0xfd, 0x3e, 0x40, 0x02, 0xfd, 0x3f, 0x42, 0x01, 0xfd, 0x3f, 0x41, 0x01, 0xfd,
    0x3f, 0x43, 0x02, 0xfd, 0x40, 0x47, 0x02, 0xfd, 0x40, 0x48, 0x01, 0xfd, 0x42, 0x4c, 0x03, 0xf9, 0xa1, 0xea, 0x76, 0xff, 0x97, 0xe6, 0x71, 0x5e,
    0x00, 0x00, 0x00, 0x00, 0x7f, 0xbf, 0x7f, 0x04, 0x00, 0x00, 0x00, 0x00, 0x00, 0x00, 0x00, 0x00, 0x00, 0x00, 0x00, 0x00, 0x00, 0x00, 0x00, 0x00,
    0xbf, 0xff, 0x7f, 0x04, 0x00, 0x00, 0x00, 0x00, 0x9f, 0xf2, 0x7c, 0x8d, 0x95, 0xd2, 0x65, 0xff, 0x3c, 0x41, 0x00, 0xf9, 0x44, 0x4d, 0x03, 0xfd,
    0x41, 0x48, 0x02, 0xfd, 0x3f, 0x45, 0x02, 0xfd, 0x3f, 0x42, 0x02, 0xfd, 0x3e, 0x41, 0x02, 0xfd, 0x3e, 0x41, 0x01, 0xfd, 0x3d, 0x3f, 0x01, 0xfd,
    0x3d, 0x3f, 0x02, 0xfd, 0x3c, 0x3f, 0x02, 0xfd, 0x3b, 0x3f, 0x02, 0xfd, 0x3b, 0x3e, 0x01, 0xfd, 0x3b, 0x3e, 0x01, 0xfd, 0x3b, 0x3e, 0x02, 0xfd,
    0x3a, 0x3d, 0x02, 0xfd, 0x3a, 0x3d, 0x02, 0xfd, 0x39, 0x3c, 0x01, 0xfd, 0x38, 0x3c, 0x01, 0xfd, 0x38, 0x3c, 0x01, 0xfd, 0x39, 0x3c, 0x01, 0xfd,
    0x3a, 0x3d, 0x01, 0xfd, 0x3a, 0x3d, 0x01, 0xfd, 0x39, 0x3c, 0x01, 0xfd, 0x38, 0x3c, 0x02, 0xfd, 0x39, 0x3b, 0x01, 0xfd, 0x39, 0x3b, 0x01, 0xfd,
    0x39, 0x3b, 0x01, 0xfd, 0x37, 0x3a, 0x02, 0xfd, 0x38, 0x3d, 0x05, 0xfd, 0x2e, 0x2e, 0x00, 0xfd, 0x31, 0x34, 0x0d, 0xfd, 0x7b, 0xa6, 0x99, 0xfd,
    0xad, 0xff, 0xff, 0xfd, 0xa0, 0xff, 0xfa, 0xfd, 0x96, 0xf6, 0xee, 0xfd, 0xa1, 0xf9, 0xf4, 0xfd, 0xc0, 0xfb, 0xf9, 0xfd, 0xda, 0xfb, 0xfb, 0xfd,
    0xe1, 0xfb, 0xfb, 0xfd, 0xde, 0xfb, 0xfb, 0xfc, 0xdb, 0xfa, 0xfb, 0xfd, 0xda, 0xfa, 0xfb, 0xfd, 0xd9, 0xfa, 0xfb, 0xfd, 0xd9, 0xfb, 0xfc, 0xfc,
    0xd8, 0xfa, 0xfb, 0xfd, 0xd7, 0xfb, 0xfb, 0xfd, 0xdf, 0xfb, 0xfc, 0xfd, 0xca, 0xfb, 0xf9, 0xfd, 0x96, 0xf9, 0xf1, 0xfd, 0x93, 0xfa, 0xf0, 0xfd,
    0x91, 0xfa, 0xef, 0xfd, 0x8b, 0xf9, 0xed, 0xfd, 0x88, 0xf9, 0xeb, 0xfd, 0x84, 0xf9, 0xe9, 0xfd, 0x81, 0xf9, 0xe8, 0xfd, 0x7d, 0xf9, 0xe8, 0xfd,
    0x7c, 0xf9, 0xe7, 0xfd, 0x7b, 0xf9, 0xe7, 0xfd, 0x79, 0xf9, 0xe6, 0xfd, 0x79, 0xf9, 0xe6, 0xfd, 0x76, 0xf9, 0xe5, 0xfd, 0x75, 0xf9, 0xe4, 0xfd,
    0x73, 0xf9, 0xe2, 0xfd, 0x72, 0xf8, 0xe1, 0xfd, 0x6d, 0xf7, 0xde, 0xfd, 0x69, 0xf4, 0xda, 0xfd, 0x64, 0xf0, 0xd3, 0xfd, 0x5e, 0xe7, 0xc6, 0xfd,
    0x69, 0xfa, 0xdc, 0xfd, 0x64, 0xd7, 0xc1, 0xfd, 0x2c, 0x3a, 0x20, 0xfd, 0x26, 0x23, 0x00, 0xfd, 0x2f, 0x33, 0x03, 0xfd, 0x30, 0x32, 0x01, 0xfd,
    0x34, 0x36, 0x02, 0xfd, 0x34, 0x36, 0x01, 0xfd, 0x34, 0x36, 0x01, 0xfd, 0x34, 0x36, 0x01, 0xfd, 0x36, 0x38, 0x01, 0xfd, 0x37, 0x38, 0x01, 0xfd,
    0x37, 0x38, 0x01, 0xfd, 0x36, 0x38, 0x01, 0xfd, 0x35, 0x38, 0x01, 0xfd, 0x36, 0x39, 0x01, 0xfd, 0x37, 0x39, 0x02, 0xfd, 0x36, 0x39, 0x01, 0xfd,
    0x36, 0x39, 0x01, 0xfd, 0x38, 0x3b, 0x01, 0xfd, 0x39, 0x3c, 0x01, 0xfd, 0x3a, 0x3d, 0x01, 0xfd, 0x3b, 0x3e, 0x01, 0xfd, 0x3b, 0x3e, 0x01, 0xfd,
    0x3b, 0x3e, 0x01, 0xfd, 0x3c, 0x3f, 0x02, 0xfd, 0x3e, 0x40, 0x02, 0xfd, 0x3e, 0x40, 0x01, 0xfd, 0x3f, 0x43, 0x02, 0xfd, 0x3f, 0x45, 0x02, 0xfd,
    0x41, 0x48, 0x03, 0xfd, 0x3b, 0x41, 0x00, 0xf9, 0x97, 0xd6, 0x65, 0xff, 0xa3, 0xf1, 0x7b, 0x88, 0x00, 0x00, 0x00, 0x00, 0xbf, 0xff, 0x7f, 0x04,
    0x00, 0x00, 0x00, 0x00, 0x00, 0x00, 0x00, 0x00, 0x00, 0x00, 0x00, 0x00, 0x00, 0x00, 0x00, 0x00, 0xaa, 0xff, 0xaa, 0x03, 0x00, 0x00, 0x00, 0x00,
    0xa5, 0xf9, 0x81, 0xab, 0x85, 0xba, 0x52, 0xff, 0x3a, 0x3e, 0x00, 0xfa, 0x43, 0x4c, 0x04, 0xfd, 0x40, 0x47, 0x02, 0xfd, 0x3f, 0x44, 0x02, 0xfd,
    0x3e, 0x42, 0x02, 0xfd, 0x3d, 0x41, 0x02, 0xfd, 0x3e, 0x40, 0x02, 0xfd, 0x3d, 0x3f, 0x02, 0xfd, 0x3d, 0x3f, 0x02, 0xfd, 0x3c, 0x3f, 0x02, 0xfd,
    0x3b, 0x3f, 0x01, 0xfd, 0x3a, 0x3e, 0x01, 0xfd, 0x3b, 0x3e, 0x01, 0xfd, 0x3a, 0x3d, 0x01, 0xfd, 0x3a, 0x3d, 0x01, 0xfd, 0x3a, 0x3d, 0x02, 0xfd,
    0x38, 0x3c, 0x02, 0xfd, 0x38, 0x3c, 0x01, 0xfd, 0x39, 0x3c, 0x01, 0xfd, 0x38, 0x3c, 0x01, 0xfd, 0x39, 0x3c, 0x01, 0xfd, 0x39, 0x3c, 0x01, 0xfd,
    0x38, 0x3b, 0x01, 0xfd, 0x38, 0x3b, 0x01, 0xfd, 0x39, 0x3b, 0x01, 0xfd, 0x37, 0x3a, 0x01, 0xfd, 0x37, 0x3a, 0x02, 0xfd, 0x37, 0x3c, 0x05, 0xfd,
    0x28, 0x27, 0x00, 0xfd, 0x42, 0x4f, 0x31, 0xfd, 0x98, 0xd7, 0xd2, 0xfd, 0xac, 0xff, 0xff, 0xfd, 0x94, 0xf7, 0xee, 0xfd, 0x98, 0xf8, 0xf1, 0xfd,
    0xb6, 0xfb, 0xf8, 0xfd, 0xd6, 0xfb, 0xfb, 0xfd, 0xe1, 0xfb, 0xfb, 0xfd, 0xde, 0xfb, 0xfb, 0xfd, 0xda, 0xfa, 0xfb, 0xfd, 0xda, 0xfb, 0xfc, 0xfc,
    0xda, 0xfb, 0xfc, 0xfc, 0xd9, 0xfb, 0xfb, 0xfc, 0xd8, 0xfb, 0xfb, 0xfc, 0xd6, 0xfa, 0xfa, 0xfd, 0xd9, 0xfa, 0xfb, 0xfd, 0xdd, 0xfb, 0xfc, 0xfd,
    0xc4, 0xfb, 0xf8, 0xfd, 0x98, 0xfa, 0xf1, 0xfd, 0x92, 0xf9, 0xef, 0xfd, 0x92, 0xfa, 0xef, 0xfd, 0x8d, 0xf9, 0xee, 0xfd, 0x89, 0xf9, 0xeb, 0xfd,
    0x86, 0xf9, 0xea, 0xfd, 0x83, 0xf9, 0xe9, 0xfd, 0x7e, 0xf8, 0xe7, 0xfd, 0x7d, 0xf9, 0xe7, 0xfd, 0x7d, 0xf9, 0xe8, 0xfd, 0x7b, 0xf9, 0xe7, 0xfd,
    0x7b, 0xfa, 0xe6, 0xfd, 0x7b, 0xf9, 0xe6, 0xfd, 0x78, 0xf9, 0xe5, 0xfd, 0x76, 0xf9, 0xe4, 0xfd, 0x73, 0xf9, 0xe3, 0xfd, 0x72, 0xf9, 0xe2, 0xfd,
    0x6f, 0xf7, 0xdf, 0xfd, 0x6b, 0xf6, 0xdd, 0xfd, 0x6a, 0xf5, 0xda, 0xfd, 0x67, 0xf2, 0xd6, 0xfd, 0x5b, 0xe4, 0xc4, 0xfd, 0x63, 0xf5, 0xd4, 0xfd,
    0x64, 0xd9, 0xc2, 0xfd, 0x29, 0x33, 0x19, 0xfd, 0x26, 0x25, 0x00, 0xfd, 0x2d, 0x31, 0x04, 0xfc, 0x30, 0x32, 0x01, 0xfd, 0x33, 0x35, 0x01, 0xfd,
    0x34, 0x36, 0x01, 0xfd, 0x34, 0x35, 0x01, 0xfd, 0x35, 0x37, 0x01, 0xfd, 0x36, 0x38, 0x01, 0xfd, 0x36, 0x38, 0x01, 0xfd, 0x36, 0x38, 0x01, 0xfd,
    0x36, 0x38, 0x01, 0xfd, 0x37, 0x39, 0x01, 0xfd, 0x37, 0x39, 0x01, 0xfd, 0x37, 0x39, 0x02, 0xfd, 0x37, 0x39, 0x01, 0xfd, 0x38, 0x3a, 0x01, 0xfd,
    0x39, 0x3c, 0x01, 0xfd, 0x39, 0x3b, 0x01, 0xfd, 0x3a, 0x3c, 0x01, 0xfd, 0x3a, 0x3d, 0x02, 0xfd, 0x3a, 0x3e, 0x01, 0xfd, 0x3c, 0x3f, 0x01, 0xfd,
    0x3d, 0x3f, 0x02, 0xfd, 0x3d, 0x40, 0x01, 0xfd, 0x3e, 0x42, 0x02, 0xfd, 0x3f, 0x43, 0x01, 0xfd, 0x41, 0x48, 0x03, 0xfd, 0x38, 0x3c, 0x00, 0xf9,
    0x87, 0xbc, 0x52, 0xff, 0xa4, 0xf7, 0x7d, 0xa6, 0x00, 0x00, 0x00, 0x00, 0xaa, 0xff, 0xaa, 0x03, 0x00, 0x00, 0x00, 0x00, 0x00, 0x00, 0x00, 0x00,
    0x00, 0x00, 0x00, 0x00, 0x00, 0x00, 0x00, 0x00, 0x7f, 0xff, 0x7f, 0x02, 0x00, 0x00, 0x00, 0x00, 0xa5, 0xf9, 0x81, 0xc1, 0x79, 0xa5, 0x43, 0xff,
    0x39, 0x3d, 0x00, 0xfa, 0x42, 0x4b, 0x04, 0xfd, 0x40, 0x47, 0x02, 0xfd, 0x3f, 0x43, 0x02, 0xfd, 0x3e, 0x41, 0x01, 0xfd, 0x3d, 0x40, 0x02, 0xfd,
    0x3e, 0x40, 0x02, 0xfd, 0x3e, 0x40, 0x02, 0xfd, 0x3d, 0x3f, 0x02, 0xfd, 0x3c, 0x3f, 0x01, 0xfd, 0x3c, 0x3f, 0x02, 0xfd, 0x3c, 0x3f, 0x02, 0xfd,
    0x3a, 0x3d, 0x01, 0xfd, 0x39, 0x3d, 0x01, 0xfd, 0x3a, 0x3d, 0x01, 0xfd, 0x3a, 0x3d, 0x01, 0xfd, 0x39, 0x3c, 0x01, 0xfd, 0x39, 0x3d, 0x01, 0xfd,
    0x39, 0x3c, 0x01, 0xfd, 0x38, 0x3c, 0x01, 0xfd, 0x39, 0x3c, 0x01, 0xfd, 0x39, 0x3c, 0x01, 0xfd, 0x39, 0x3c, 0x02, 0xfd, 0x39, 0x3b, 0x02, 0xfd,
    0x37, 0x3a, 0x01, 0xfd, 0x35, 0x38, 0x02, 0xfd, 0x35, 0x3a, 0x04, 0xfd, 0x27, 0x24, 0x00, 0xfd, 0x57, 0x71, 0x58, 0xfd, 0xa7, 0xf4, 0xf2, 0xfd,
    0xa1, 0xff, 0xfc, 0xfd, 0x95, 0xf6, 0xed, 0xfd, 0xa4, 0xf9, 0xf5, 0xfd, 0xc4, 0xfa, 0xf9, 0xfd, 0xde, 0xfb, 0xfb, 0xfd, 0xde, 0xfb, 0xfb, 0xfd,
    0xda, 0xfb, 0xfb, 0xfd, 0xda, 0xfb, 0xfb, 0xfd, 0xd9, 0xfa, 0xfb, 0xfd, 0xd9, 0xfb, 0xfc, 0xfc, 0xd8, 0xfb, 0xfc, 0xfc, 0xd6, 0xfa, 0xfb, 0xfd,
    0xd7, 0xfa, 0xfb, 0xfd, 0xdc, 0xfb, 0xfc, 0xfd, 0xd3, 0xfa, 0xfb, 0xfd, 0xaf, 0xfa, 0xf5, 0xfd, 0x90, 0xfa, 0xef, 0xfd, 0x91, 0xf9, 0xef, 0xfd,
    0x91, 0xf9, 0xee, 0xfd, 0x8d, 0xf9, 0xed, 0xfd, 0x8a, 0xf9, 0xec, 0xfd, 0x86, 0xf8, 0xea, 0xfd, 0x84, 0xf9, 0xe9, 0xfd, 0x83, 0xf9, 0xe8, 0xfd,
    0x7e, 0xf9, 0xe7, 0xfd, 0x7d, 0xf9, 0xe7, 0xfd, 0x7c, 0xf9, 0xe7, 0xfd, 0x7b, 0xf9, 0xe5, 0xfd, 0x7a, 0xf9, 0xe5, 0xfd, 0x7a, 0xf9, 0xe5, 0xfd,
    0x77, 0xf9, 0xe4, 0xfd, 0x75, 0xf9, 0xe3, 0xfd, 0x74, 0xf9, 0xe2, 0xfd, 0x71, 0xf9, 0xe1, 0xfd, 0x70, 0xf8, 0xe0, 0xfd, 0x70, 0xf7, 0xde, 0xfd,
    0x6e, 0xf6, 0xdc, 0xfd, 0x6a, 0xf4, 0xd9, 0xfd, 0x64, 0xf0, 0xd3, 0xfd, 0x58, 0xe2, 0xc0, 0xfd, 0x62, 0xf4, 0xd1, 0xfd, 0x5e, 0xca, 0xb3, 0xfd,
    0x24, 0x27, 0x0c, 0xfd, 0x28, 0x29, 0x02, 0xfd, 0x2d, 0x30, 0x02, 0xfd, 0x30, 0x32, 0x01, 0xfd, 0x33, 0x35, 0x01, 0xfd, 0x35, 0x36, 0x01, 0xfd,
    0x34, 0x35, 0x01, 0xfd, 0x36, 0x37, 0x01, 0xfd, 0x36, 0x39, 0x02, 0xfd, 0x36, 0x38, 0x01, 0xfd, 0x37, 0x38, 0x01, 0xfd, 0x37, 0x38, 0x01, 0xfd,
    0x36, 0x38, 0x01, 0xfd, 0x37, 0x3a, 0x02, 0xfd, 0x37, 0x39, 0x01, 0xfd, 0x37, 0x39, 0x01, 0xfd, 0x38, 0x3a, 0x01, 0xfd, 0x38, 0x3b, 0x01, 0xfd,
    0x38, 0x3b, 0x01, 0xfd, 0x39, 0x3c, 0x01, 0xfd, 0x3a, 0x3e, 0x01, 0xfd, 0x3c, 0x3e, 0x01, 0xfd, 0x3d, 0x3f, 0x01, 0xfd, 0x3d, 0x3f, 0x01, 0xfd,
    0x3e, 0x41, 0x01, 0xfd, 0x3f, 0x44, 0x02, 0xfd, 0x41, 0x49, 0x03, 0xfd, 0x38, 0x3b, 0x00, 0xfa, 0x79, 0xa6, 0x44, 0xff, 0xa5, 0xf8, 0x80, 0xbc,
    0x00, 0x00, 0x00, 0x00, 0xff, 0xff, 0xff, 0x02, 0x00, 0x00, 0x00, 0x00, 0x00, 0x00, 0x00, 0x00, 0x00, 0x00, 0x00, 0x00, 0x00, 0x00, 0x00, 0x00,
    0x00, 0x00, 0x00, 0x00, 0x00, 0x00, 0x00, 0x00, 0xa5, 0xfa, 0x81, 0xce, 0x6d, 0x93, 0x37, 0xff, 0x37, 0x3c, 0x00, 0xfb, 0x41, 0x49, 0x03, 0xfd,
    0x3f, 0x44, 0x02, 0xfd, 0x3f, 0x42, 0x01, 0xfd, 0x3e, 0x41, 0x01, 0xfd, 0x3d, 0x40, 0x02, 0xfd, 0x3d, 0x3f, 0x02, 0xfd, 0x3d, 0x3f, 0x02, 0xfd,
    0x3c, 0x3f, 0x02, 0xfd, 0x3c, 0x3f, 0x01, 0xfd, 0x3c, 0x3f, 0x01, 0xfd, 0x3c, 0x3f, 0x01, 0xfd, 0x3a, 0x3d, 0x01, 0xfd, 0x3a, 0x3d, 0x02, 0xfd,
    0x39, 0x3d, 0x01, 0xfd, 0x38, 0x3b, 0x01, 0xfd, 0x38, 0x3b, 0x01, 0xfd, 0x39, 0x3c, 0x01, 0xfd, 0x38, 0x3c, 0x01, 0xfd, 0x38, 0x3b, 0x01, 0xfd,
    0x38, 0x3b, 0x01, 0xfd, 0x38, 0x3b, 0x01, 0xfd, 0x39, 0x3c, 0x02, 0xfd, 0x38, 0x3a, 0x02, 0xfd, 0x36, 0x39, 0x03, 0xfd, 0x34, 0x37, 0x04, 0xfd,
    0x25, 0x24, 0x00, 0xfd, 0x67, 0x8b, 0x77, 0xfd, 0xae, 0xff, 0xff, 0xfd, 0x9a, 0xfb, 0xf3, 0xfd, 0x98, 0xf7, 0xef, 0xfd, 0xad, 0xfa, 0xf7, 0xfd,
    0xd3, 0xfb, 0xfb, 0xfd, 0xe0, 0xfb, 0xfc, 0xfd, 0xd9, 0xfb, 0xfb, 0xfc, 0xd9, 0xfa, 0xfb, 0xfc, 0xd9, 0xfb, 0xfc, 0xfc, 0xd7, 0xfa, 0xfb, 0xfd,
    0xd7, 0xfa, 0xfb, 0xfd, 0xd6, 0xfa, 0xfb, 0xfd, 0xd7, 0xfa, 0xfb, 0xfd, 0xdb, 0xfa, 0xfc, 0xfd, 0xd5, 0xfb, 0xfb, 0xfd, 0xba, 0xfa, 0xf7, 0xfd,
    0x9b, 0xfa, 0xf2, 0xfd, 0x8f, 0xfa, 0xef, 0xfd, 0x92, 0xfa, 0xee, 0xfd, 0x91, 0xf9, 0xed, 0xfd, 0x8e, 0xf9, 0xed, 0xfd, 0x8a, 0xf9, 0xeb, 0xfd,
    0x88, 0xf9, 0xea, 0xfd, 0x86, 0xf9, 0xe9, 0xfd, 0x84, 0xf9, 0xe8, 0xfd, 0x81, 0xf9, 0xe7, 0xfd, 0x7d, 0xf9, 0xe6, 0xfd, 0x7d, 0xf9, 0xe6, 0xfd,
    0x7b, 0xf9, 0xe6, 0xfd, 0x79, 0xf9, 0xe4, 0xfd, 0x7a, 0xf9, 0xe4, 0xfd, 0x7a, 0xf9, 0xe4, 0xfd, 0x77, 0xf9, 0xe3, 0xfd, 0x75, 0xf8, 0xe2, 0xfd,
    0x75, 0xf8, 0xe1, 0xfd, 0x74, 0xf8, 0xe1, 0xfd, 0x72, 0xf8, 0xe0, 0xfd, 0x71, 0xf8, 0xdf, 0xfd, 0x70, 0xf6, 0xdd, 0xfd, 0x6c, 0xf5, 0xda, 0xfd,
    0x68, 0xf3, 0xd7, 0xfd, 0x61, 0xec, 0xce, 0xfd, 0x58, 0xdf, 0xbb, 0xfd, 0x64, 0xf7, 0xd6, 0xfd, 0x50, 0xa8, 0x90, 0xfd, 0x20, 0x1a, 0x00, 0xfd,
    0x2b, 0x2e, 0x03, 0xfd, 0x2e, 0x30, 0x02, 0xfd, 0x31, 0x33, 0x02, 0xfd, 0x33, 0x34, 0x01, 0xfd, 0x33, 0x34, 0x01, 0xfc, 0x34, 0x36, 0x01, 0xfd,
    0x36, 0x37, 0x01, 0xfd, 0x36, 0x38, 0x01, 0xfd, 0x36, 0x38, 0x01, 0xfd, 0x36, 0x37, 0x01, 0xfd, 0x36, 0x37, 0x01, 0xfd, 0x38, 0x39, 0x02, 0xfd,
    0x38, 0x3a, 0x01, 0xfd, 0x38, 0x39, 0x01, 0xfd, 0x38, 0x39, 0x01, 0xfd, 0x39, 0x3b, 0x01, 0xfd, 0x39, 0x3b, 0x01, 0xfd, 0x38, 0x3b, 0x01, 0xfd,
    0x39, 0x3c, 0x01, 0xfd, 0x3a, 0x3d, 0x01, 0xfd, 0x3c, 0x3f, 0x02, 0xfd, 0x3c, 0x3f, 0x02, 0xfd, 0x3e, 0x40, 0x02, 0xfd, 0x3f, 0x43, 0x02, 0xfd,
    0x40, 0x47, 0x03, 0xfd, 0x38, 0x3b, 0x00, 0xfa, 0x70, 0x97, 0x38, 0xff, 0xa5, 0xf9, 0x80, 0xc8, 0x00, 0x00, 0x00, 0x00, 0xff, 0xff, 0xff, 0x01,
    0x00, 0x00, 0x00, 0x00, 0x00, 0x00, 0x00, 0x00, 0x00, 0x00, 0x00, 0x00, 0x00, 0x00, 0x00, 0x01, 0x00, 0x00, 0x00, 0x00, 0x00, 0x00, 0x00, 0x02,
    0xa7, 0xf9, 0x84, 0xd5, 0x69, 0x8a, 0x31, 0xff, 0x38, 0x3d, 0x00, 0xfb, 0x41, 0x48, 0x03, 0xfd, 0x3f, 0x43, 0x01, 0xfd, 0x3f, 0x42, 0x02, 0xfd,
    0x3f, 0x42, 0x01, 0xfd, 0x3d, 0x40, 0x02, 0xfd, 0x3d, 0x3f, 0x02, 0xfd, 0x3c, 0x3f, 0x02, 0xfd, 0x3b, 0x3f, 0x01, 0xfd, 0x3c, 0x3f, 0x02, 0xfd,
    0x3a, 0x3e, 0x01, 0xfd, 0x39, 0x3d, 0x01, 0xfd, 0x3a, 0x3d, 0x01, 0xfd, 0x3a, 0x3d, 0x01, 0xfd, 0x3a, 0x3d, 0x01, 0xfd, 0x39, 0x3c, 0x01, 0xfd,
    0x39, 0x3c, 0x01, 0xfd, 0x39, 0x3c, 0x02, 0xfd, 0x39, 0x3c, 0x01, 0xfd, 0x39, 0x3c, 0x01, 0xfd, 0x39, 0x3b, 0x02, 0xfd, 0x38, 0x3b, 0x01, 0xfd,
    0x37, 0x3a, 0x01, 0xfd, 0x36, 0x39, 0x03, 0xfd, 0x33, 0x37, 0x04, 0xfd, 0x26, 0x24, 0x00, 0xfd, 0x70, 0x99, 0x88, 0xfd, 0xae, 0xff, 0xff, 0xfd,
    0x96, 0xf8, 0xef, 0xfd, 0x99, 0xf8, 0xf1, 0xfd, 0xb1, 0xfa, 0xf7, 0xfd, 0xd8, 0xfa, 0xfa, 0xfd, 0xdc, 0xfb, 0xfb, 0xfd, 0xd8, 0xfa, 0xfb, 0xfd,
    0xd8, 0xfb, 0xfb, 0xfc, 0xd6, 0xfa, 0xfb, 0xfc, 0xd5, 0xfa, 0xfb, 0xfc, 0xd5, 0xfa, 0xfb, 0xfd, 0xd9, 0xfb, 0xfc, 0xfd, 0xdb, 0xfb, 0xfc, 0xfd,
    0xd2, 0xfb, 0xfb, 0xfd, 0xbb, 0xfa, 0xf7, 0xfd, 0x9e, 0xfa, 0xf2, 0xfd, 0x91, 0xfa, 0xef, 0xfd, 0x93, 0xf9, 0xef, 0xfd, 0x94, 0xfa, 0xef, 0xfd,
    0x91, 0xfa, 0xee, 0xfd, 0x8f, 0xf9, 0xec, 0xfd, 0x8b, 0xf9, 0xeb, 0xfd, 0x87, 0xf9, 0xe9, 0xfd, 0x86, 0xf9, 0xe8, 0xfd, 0x84, 0xf8, 0xe7, 0xfd,
    0x82, 0xf9, 0xe7, 0xfd, 0x7e, 0xf9, 0xe6, 0xfd, 0x7b, 0xf8, 0xe5, 0xfd, 0x7b, 0xf9, 0xe4, 0xfd, 0x7a, 0xf9, 0xe3, 0xfd, 0x78, 0xf8, 0xe3, 0xfd,
    0x78, 0xf9, 0xe2, 0xfd, 0x77, 0xf9, 0xe2, 0xfd, 0x75, 0xf8, 0xe1, 0xfd, 0x74, 0xf8, 0xe0, 0xfd, 0x76, 0xf8, 0xe1, 0xfd, 0x74, 0xf8, 0xe0, 0xfd,
    0x72, 0xf7, 0xdf, 0xfd, 0x70, 0xf7, 0xde, 0xfd, 0x71, 0xf7, 0xde, 0xfd, 0x6e, 0xf5, 0xdb, 0xfd, 0x68, 0xf2, 0xd7, 0xfd, 0x66, 0xf1, 0xd4, 0xfd,
    0x5e, 0xe8, 0xc7, 0xfd, 0x56, 0xdd, 0xb8, 0xfd, 0x67, 0xf7, 0xd7, 0xfd, 0x3e, 0x70, 0x56, 0xfd, 0x1f, 0x18, 0x00, 0xfd, 0x2c, 0x30, 0x04, 0xfd,
    0x2f, 0x30, 0x01, 0xfd, 0x31, 0x32, 0x01, 0xfd, 0x33, 0x35, 0x01, 0xfd, 0x34, 0x36, 0x02, 0xfd, 0x35, 0x36, 0x01, 0xfd, 0x36, 0x37, 0x01, 0xfd,
    0x36, 0x38, 0x01, 0xfd, 0x36, 0x37, 0x01, 0xfd, 0x36, 0x38, 0x01, 0xfd, 0x37, 0x39, 0x01, 0xfd, 0x38, 0x39, 0x01, 0xfd, 0x38, 0x3a, 0x01, 0xfd,
    0x39, 0x3a, 0x01, 0xfd, 0x38, 0x3a, 0x01, 0xfd, 0x37, 0x3a, 0x01, 0xfd, 0x39, 0x3b, 0x01, 0xfd, 0x3a, 0x3d, 0x01, 0xfd, 0x3a, 0x3d, 0x01, 0xfd,
    0x3c, 0x3f, 0x01, 0xfd, 0x3c, 0x3f, 0x01, 0xfd, 0x3d, 0x3f, 0x02, 0xfd, 0x3e, 0x41, 0x02, 0xfd, 0x40, 0x46, 0x03, 0xfd, 0x37, 0x3a, 0x00, 0xfb,
    0x68, 0x8b, 0x2f, 0xff, 0xa5, 0xf8, 0x7f, 0xd2, 0x00, 0x00, 0x00, 0x00, 0x00, 0x00, 0x00, 0x00, 0x00, 0x00, 0x00, 0x00, 0x00, 0x00, 0x00, 0x00,
    0x00, 0x00, 0x00, 0x00, 0x00, 0xff, 0x00, 0x01, 0x00, 0x00, 0x00, 0x00, 0x00, 0x00, 0x00, 0x06, 0xa7, 0xf7, 0x83, 0xda, 0x66, 0x85, 0x2d, 0xff,
    0x39, 0x3d, 0x00, 0xfb, 0x40, 0x48, 0x03, 0xfd, 0x3f, 0x43, 0x01, 0xfd, 0x3f, 0x42, 0x02, 0xfd, 0x3e, 0x41, 0x02, 0xfd, 0x3d, 0x3f, 0x01, 0xfd,
    0x3d, 0x3f, 0x01, 0xfd, 0x3c, 0x3f, 0x01, 0xfd, 0x3b, 0x3f, 0x01, 0xfd, 0x3a, 0x3e, 0x01, 0xfd, 0x3a, 0x3d, 0x01, 0xfd, 0x39, 0x3d, 0x01, 0xfd,
    0x39, 0x3c, 0x01, 0xfd, 0x3a, 0x3c, 0x01, 0xfd, 0x3a, 0x3d, 0x01, 0xfd, 0x3a, 0x3c, 0x01, 0xfd, 0x3a, 0x3c, 0x02, 0xfd, 0x3a, 0x3d, 0x02, 0xfd,
    0x39, 0x3b, 0x01, 0xfd, 0x39, 0x3c, 0x02, 0xfd, 0x39, 0x3b, 0x02, 0xfd, 0x37, 0x39, 0x01, 0xfd, 0x35, 0x38, 0x02, 0xfd, 0x34, 0x38, 0x04, 0xfd,
    0x25, 0x24, 0x00, 0xfd, 0x75, 0x9f, 0x8e, 0xfd, 0xad, 0xff, 0xff, 0xfd, 0x92, 0xf7, 0xed, 0xfd, 0x98, 0xf9, 0xf2, 0xfd, 0xb3, 0xfa, 0xf7, 0xfd,
    0xd9, 0xfa, 0xfb, 0xfd, 0xda, 0xfa, 0xfb, 0xfd, 0xd7, 0xfb, 0xfb, 0xfd, 0xd7, 0xfa, 0xfb, 0xfd, 0xd6, 0xfa, 0xfb, 0xfd, 0xd6, 0xfa, 0xfb, 0xfd,
    0xd9, 0xfa, 0xfc, 0xfd, 0xd8, 0xfb, 0xfc, 0xfd, 0xca, 0xfa, 0xf9, 0xfd, 0xb3, 0xfa, 0xf5, 0xfd, 0x9c, 0xfa, 0xf1, 0xfd, 0x92, 0xf9, 0xef, 0xfd,
    0x93, 0xf9, 0xee, 0xfd, 0x93, 0xf9, 0xee, 0xfd, 0x90, 0xf9, 0xed, 0xfd, 0x91, 0xfa, 0xed, 0xfd, 0x8e, 0xf9, 0xec, 0xfd, 0x8b, 0xf9, 0xea, 0xfd,
    0x88, 0xf9, 0xe9, 0xfd, 0x85, 0xf9, 0xe8, 0xfd, 0x84, 0xf8, 0xe6, 0xfd, 0x82, 0xf8, 0xe6, 0xfd, 0x81, 0xf9, 0xe5, 0xfd, 0x7c, 0xf8, 0xe5, 0xfd,
    0x7a, 0xf9, 0xe4, 0xfd, 0x79, 0xf9, 0xe3, 0xfd, 0x78, 0xf8, 0xe2, 0xfd, 0x77, 0xf8, 0xe2, 0xfd, 0x77, 0xf8, 0xe0, 0xfd, 0x76, 0xf8, 0xe0, 0xfd,
    0x73, 0xf7, 0xdf, 0xfd, 0x73, 0xf7, 0xdf, 0xfd, 0x74, 0xf8, 0xe0, 0xfd, 0x74, 0xf8, 0xdf, 0xfd, 0x71, 0xf7, 0xde, 0xfd, 0x70, 0xf7, 0xdd, 0xfd,
    0x6f, 0xf7, 0xdc, 0xfd, 0x6d, 0xf6, 0xdc, 0xfd, 0x6a, 0xf4, 0xd9, 0xfd, 0x67, 0xf2, 0xd6, 0xfd, 0x63, 0xed, 0xcf, 0xfd, 0x57, 0xe1, 0xbd, 0xfd,
    0x59, 0xe3, 0xbb, 0xfd, 0x63, 0xe2, 0xc5, 0xfd, 0x27, 0x36, 0x1c, 0xfd, 0x24, 0x23, 0x01, 0xfd, 0x2d, 0x2f, 0x03, 0xfd, 0x30, 0x31, 0x01, 0xfd,
    0x32, 0x34, 0x01, 0xfd, 0x34, 0x35, 0x01, 0xfd, 0x34, 0x35, 0x01, 0xfd, 0x35, 0x36, 0x01, 0xfd, 0x36, 0x37, 0x01, 0xfd, 0x36, 0x37, 0x01, 0xfd,
    0x36, 0x37, 0x01, 0xfd, 0x37, 0x38, 0x01, 0xfd, 0x37, 0x39, 0x01, 0xfd, 0x38, 0x3a, 0x01, 0xfd, 0x38, 0x39, 0x01, 0xfd, 0x37, 0x39, 0x01, 0xfd,
    0x38, 0x39, 0x01, 0xfd, 0x3a, 0x3c, 0x01, 0xfd, 0x3b, 0x3d, 0x01, 0xfd, 0x3b, 0x3e, 0x01, 0xfd, 0x3c, 0x3e, 0x01, 0xfd, 0x3b, 0x3f, 0x01, 0xfd,
    0x3c, 0x3f, 0x01, 0xfd, 0x3d, 0x3f, 0x01, 0xfd, 0x40, 0x46, 0x03, 0xfd, 0x37, 0x39, 0x00, 0xfb, 0x64, 0x81, 0x2c, 0xff, 0xa8, 0xf9, 0x83, 0xd7,
    0x00, 0x00, 0x00, 0x03, 0x00, 0x00, 0x00, 0x00, 0x00, 0x00, 0x00, 0x01, 0x00, 0x00, 0x00, 0x00, 0x00, 0x00, 0x00, 0x00, 0x00, 0xff, 0x00, 0x01,
    0x00, 0x00, 0x00, 0x00, 0x00, 0x00, 0x00, 0x07, 0xa5, 0xf6, 0x82, 0xdc, 0x64, 0x81, 0x2c, 0xff, 0x38, 0x3d, 0x00, 0xfb, 0x40, 0x48, 0x03, 0xfd,
    0x3f, 0x44, 0x02, 0xfd, 0x3f, 0x42, 0x02, 0xfd, 0x3d, 0x40, 0x02, 0xfd, 0x3c, 0x3f, 0x01, 0xfd, 0x3b, 0x3f, 0x01, 0xfd, 0x3b, 0x3f, 0x01, 0xfd,
    0x3a, 0x3e, 0x01, 0xfd, 0x39, 0x3c, 0x01, 0xfd, 0x39, 0x3d, 0x01, 0xfd, 0x39, 0x3c, 0x01, 0xfd, 0x38, 0x3b, 0x01, 0xfd, 0x38, 0x3b, 0x01, 0xfd,
    0x39, 0x3c, 0x01, 0xfd, 0x3a, 0x3d, 0x02, 0xfd, 0x3a, 0x3c, 0x01, 0xfd, 0x39, 0x3b, 0x01, 0xfd, 0x38, 0x3a, 0x01, 0xfd, 0x38, 0x3a, 0x02, 0xfd,
    0x36, 0x39, 0x01, 0xfd, 0x34, 0x37, 0x01, 0xfd, 0x34, 0x38, 0x05, 0xfd, 0x23, 0x21, 0x00, 0xfd, 0x6e, 0x98, 0x86, 0xfd, 0xad, 0xff, 0xff, 0xfd,
    0x91, 0xf7, 0xec, 0xfd, 0x97, 0xf9, 0xf1, 0xfd, 0xaf, 0xfa, 0xf7, 0xfd, 0xd8, 0xfa, 0xfb, 0xfd, 0xd9, 0xfa, 0xfb, 0xfd, 0xd6, 0xfa, 0xfb, 0xfd,
    0xd5, 0xfa, 0xfb, 0xfd, 0xd5, 0xfa, 0xfb, 0xfd, 0xda, 0xfa, 0xfc, 0xfd, 0xd5, 0xfa, 0xfb, 0xfd, 0xbf, 0xfa, 0xf7, 0xfd, 0xa7, 0xfa, 0xf3, 0xfd,
    0x97, 0xfa, 0xf0, 0xfd, 0x93, 0xf9, 0xef, 0xfd, 0x96, 0xfa, 0xef, 0xfd, 0x96, 0xfa, 0xef, 0xfd, 0x91, 0xf9, 0xed, 0xfd, 0x8d, 0xf9, 0xec, 0xfd,
    0x8d, 0xf9, 0xeb, 0xfd, 0x8d, 0xf9, 0xeb, 0xfd, 0x8b, 0xf9, 0xea, 0xfd, 0x88, 0xf9, 0xe9, 0xfd, 0x86, 0xf9, 0xe8, 0xfd, 0x83, 0xf9, 0xe7, 0xfd,
    0x82, 0xf9, 0xe6, 0xfd, 0x81, 0xf8, 0xe5, 0xfd, 0x7d, 0xf9, 0xe4, 0xfd, 0x7c, 0xf9, 0xe3, 0xfd, 0x7a, 0xf9, 0xe3, 0xfd, 0x78, 0xf8, 0xe2, 0xfd,
    0x78, 0xf8, 0xe1, 0xfd, 0x76, 0xf8, 0xe0, 0xfd, 0x73, 0xf7, 0xdf, 0xfd, 0x74, 0xf7, 0xdf, 0xfd, 0x72, 0xf7, 0xde, 0xfd, 0x71, 0xf7, 0xde, 0xfd,
    0x73, 0xf7, 0xdf, 0xfd, 0x73, 0xf7, 0xde, 0xfd, 0x71, 0xf7, 0xdd, 0xfd, 0x70, 0xf7, 0xdc, 0xfd, 0x6e, 0xf6, 0xdc, 0xfd, 0x6d, 0xf6, 0xdb, 0xfd,
    0x6b, 0xf5, 0xda, 0xfd, 0x67, 0xf1, 0xd5, 0xfd, 0x65, 0xef, 0xd2, 0xfd, 0x5c, 0xe7, 0xc5, 0xfd, 0x53, 0xda, 0xb3, 0xfd, 0x5f, 0xee, 0xc7, 0xfd,
    0x4f, 0xa4, 0x8a, 0xfd, 0x1d, 0x17, 0x00, 0xfd, 0x2a, 0x2d, 0x03, 0xfd, 0x2e, 0x30, 0x01, 0xfd, 0x31, 0x33, 0x01, 0xfd, 0x32, 0x34, 0x01, 0xfd,
    0x34, 0x35, 0x01, 0xfd, 0x35, 0x36, 0x01, 0xfd, 0x35, 0x36, 0x01, 0xfd, 0x35, 0x36, 0x01, 0xfd, 0x35, 0x37, 0x01, 0xfd, 0x36, 0x38, 0x01, 0xfd,
    0x36, 0x38, 0x01, 0xfd, 0x36, 0x38, 0x01, 0xfd, 0x37, 0x38, 0x01, 0xfd, 0x37, 0x39, 0x01, 0xfd, 0x39, 0x3a, 0x01, 0xfd, 0x39, 0x3b, 0x01, 0xfd,
    0x3a, 0x3c, 0x01, 0xfd, 0x3b, 0x3d, 0x01, 0xfd, 0x3b, 0x3e, 0x01, 0xfd, 0x3b, 0x3f, 0x02, 0xfd, 0x3c, 0x3f, 0x02, 0xfd, 0x3d, 0x40, 0x01, 0xfd,
    0x40, 0x45, 0x03, 0xfd, 0x38, 0x3a, 0x00, 0xfb, 0x62, 0x7e, 0x2b, 0xff, 0xa9, 0xf7, 0x84, 0xda, 0x00, 0x00, 0x00, 0x05, 0x00, 0x00, 0x00, 0x00,
    0x00, 0xff, 0x00, 0x01, 0x00, 0x00, 0x00, 0x00, 0x00, 0x00, 0x00, 0x00, 0x00, 0xff, 0x00, 0x01, 0x00, 0x00, 0x00, 0x00, 0x00, 0x00, 0x00, 0x06,
    0xa6, 0xf6, 0x85, 0xdc, 0x64, 0x81, 0x2c, 0xff, 0x38, 0x3d, 0x00, 0xfb, 0x41, 0x47, 0x03, 0xfd, 0x3f, 0x42, 0x02, 0xfd, 0x3e, 0x41, 0x02, 0xfd,
    0x3d, 0x40, 0x01, 0xfd, 0x3d, 0x3f, 0x02, 0xfd, 0x3c, 0x3f, 0x01, 0xfd, 0x3b, 0x3f, 0x01, 0xfd, 0x3b, 0x3e, 0x01, 0xfd, 0x3a, 0x3d, 0x01, 0xfd,
    0x39, 0x3d, 0x01, 0xfd, 0x39, 0x3c, 0x01, 0xfd, 0x39, 0x3c, 0x01, 0xfd, 0x39, 0x3c, 0x01, 0xfd, 0x3a, 0x3d, 0x02, 0xfd, 0x3a, 0x3d, 0x02, 0xfd,
    0x39, 0x3b, 0x01, 0xfd, 0x39, 0x3b, 0x01, 0xfd, 0x37, 0x3a, 0x01, 0xfd, 0x36, 0x39, 0x01, 0xfd, 0x35, 0x37, 0x01, 0xfd, 0x34, 0x38, 0x05, 0xfd,
    0x22, 0x1f, 0x00, 0xfd, 0x62, 0x87, 0x73, 0xfd, 0xad, 0xff, 0xff, 0xfd, 0x91, 0xf7, 0xec, 0xfd, 0x96, 0xf9, 0xf0, 0xfd, 0xab, 0xfa, 0xf6, 0xfd,
    0xd5, 0xfb, 0xfb, 0xfd, 0xd6, 0xfa, 0xfb, 0xfd, 0xd5, 0xfa, 0xfb, 0xfd, 0xd4, 0xfa, 0xfb, 0xfd, 0xd8, 0xfa, 0xfb, 0xfd, 0xd8, 0xfa, 0xfc, 0xfd,
    0xbe, 0xfa, 0xf8, 0xfd, 0x9f, 0xfa, 0xf2, 0xfd, 0x94, 0xfa, 0xef, 0xfd, 0x95, 0xf9, 0xef, 0xfd, 0x96, 0xfa, 0xef, 0xfd, 0x97, 0xfa, 0xef, 0xfd,
    0x95, 0xfa, 0xee, 0xfd, 0x92, 0xfa, 0xed, 0xfd, 0x8d, 0xf9, 0xeb, 0xfd, 0x8a, 0xf8, 0xea, 0xfd, 0x89, 0xf8, 0xe9, 0xfd, 0x88, 0xf8, 0xe8, 0xfd,
    0x87, 0xf9, 0xe7, 0xfd, 0x86, 0xf9, 0xe7, 0xfd, 0x82, 0xf8, 0xe6, 0xfd, 0x81, 0xf8, 0xe5, 0xfd, 0x7e, 0xf9, 0xe4, 0xfd, 0x7c, 0xf8, 0xe3, 0xfd,
    0x7c, 0xf8, 0xe3, 0xfd, 0x7b, 0xf8, 0xe2, 0xfd, 0x79, 0xf8, 0xe1, 0xfd, 0x78, 0xf8, 0xe1, 0xfd, 0x78, 0xf7, 0xe0, 0xfd, 0x76, 0xf7, 0xdf, 0xfd,
    0x73, 0xf6, 0xde, 0xfd, 0x73, 0xf6, 0xde, 0xfd, 0x72, 0xf6, 0xdd, 0xfd, 0x71, 0xf6, 0xdd, 0xfd, 0x72, 0xf6, 0xdd, 0xfd, 0x72, 0xf7, 0xde, 0xfd,
    0x70, 0xf6, 0xdd, 0xfd, 0x70, 0xf6, 0xdb, 0xfd, 0x6e, 0xf6, 0xdb, 0xfd, 0x6d, 0xf6, 0xdb, 0xfd, 0x6c, 0xf5, 0xda, 0xfd, 0x68, 0xf3, 0xd6, 0xfd,
    0x65, 0xef, 0xd2, 0xfd, 0x5f, 0xea, 0xca, 0xfd, 0x55, 0xe0, 0xba, 0xfd, 0x53, 0xda, 0xaf, 0xfd, 0x60, 0xe7, 0xc5, 0xfd, 0x2e, 0x4b, 0x30, 0xfd,
    0x21, 0x1e, 0x00, 0xfd, 0x2c, 0x2f, 0x04, 0xfd, 0x2f, 0x31, 0x01, 0xfd, 0x32, 0x33, 0x01, 0xfd, 0x34, 0x35, 0x01, 0xfd, 0x35, 0x36, 0x01, 0xfd,
    0x35, 0x36, 0x01, 0xfd, 0x34, 0x36, 0x01, 0xfd, 0x34, 0x36, 0x01, 0xfd, 0x36, 0x38, 0x01, 0xfd, 0x36, 0x38, 0x01, 0xfd, 0x36, 0x38, 0x01, 0xfd,
    0x38, 0x39, 0x01, 0xfd, 0x37, 0x3a, 0x01, 0xfd, 0x38, 0x3a, 0x01, 0xfd, 0x38, 0x3a, 0x01, 0xfd, 0x39, 0x3c, 0x01, 0xfd, 0x3a, 0x3c, 0x01, 0xfd,
    0x3b, 0x3d, 0x01, 0xfd, 0x3b, 0x3e, 0x01, 0xfd, 0x3c, 0x3f, 0x02, 0xfd, 0x3d, 0x40, 0x02, 0xfd, 0x40, 0x44, 0x03, 0xfd, 0x38, 0x3a, 0x00, 0xfb,
    0x61, 0x7c, 0x2a, 0xff, 0xa8, 0xf7, 0x84, 0xda, 0x00, 0x00, 0x00, 0x04, 0x00, 0x00, 0x00, 0x00, 0x00, 0x00, 0x00, 0x01, 0x00, 0x00, 0x00, 0x00,
    0x00, 0x00, 0x00, 0x00, 0x00, 0xff, 0x00, 0x01, 0x00, 0x00, 0x00, 0x00, 0x00, 0x00, 0x00, 0x06, 0xa5, 0xf8, 0x85, 0xdc, 0x64, 0x81, 0x2c, 0xff,
    0x38, 0x3c, 0x00, 0xfb, 0x40, 0x47, 0x03, 0xfd, 0x3f, 0x42, 0x02, 0xfd, 0x3f, 0x42, 0x02, 0xfd, 0x3e, 0x40, 0x02, 0xfd, 0x3d, 0x3f, 0x02, 0xfd,
    0x3c, 0x3f, 0x01, 0xfd, 0x3c, 0x3f, 0x01, 0xfd, 0x3b, 0x3f, 0x02, 0xfd, 0x3b, 0x3e, 0x02, 0xfd, 0x3a, 0x3d, 0x02, 0xfd, 0x39, 0x3d, 0x01, 0xfd,
    0x39, 0x3c, 0x01, 0xfd, 0x39, 0x3c, 0x01, 0xfd, 0x39, 0x3c, 0x01, 0xfd, 0x39, 0x3b, 0x01, 0xfd, 0x38, 0x3b, 0x01, 0xfd, 0x38, 0x3a, 0x02, 0xfd,
    0x36, 0x39, 0x02, 0xfd, 0x34, 0x37, 0x01, 0xfd, 0x35, 0x39, 0x05, 0xfd, 0x24, 0x22, 0x00, 0xfd, 0x51, 0x6c, 0x54, 0xfd, 0xaa, 0xff, 0xff, 0xfd,
    0x91, 0xf8, 0xed, 0xfd, 0x96, 0xf9, 0xf0, 0xfd, 0xa5, 0xfa, 0xf5, 0xfd, 0xcf, 0xfa, 0xfa, 0xfd, 0xd7, 0xfa, 0xfb, 0xfd, 0xd4, 0xfa, 0xfb, 0xfd,
    0xd3, 0xfa, 0xfb, 0xfd, 0xd9, 0xfa, 0xfb, 0xfd, 0xcd, 0xfa, 0xfa, 0xfd, 0xa7, 0xfa, 0xf3, 0xfd, 0x92, 0xfa, 0xf0, 0xfd, 0x93, 0xf9, 0xef, 0xfd,
    0x97, 0xfa, 0xef, 0xfd, 0x96, 0xf9, 0xef, 0xfd, 0x93, 0xfa, 0xee, 0xfd, 0x91, 0xf9, 0xec, 0xfd, 0x8f, 0xf9, 0xeb, 0xfd, 0x8d, 0xf9, 0xeb, 0xfd,
    0x8a, 0xf9, 0xe9, 0xfd, 0x88, 0xf8, 0xe8, 0xfd, 0x86, 0xf8, 0xe6, 0xfd, 0x85, 0xf8, 0xe6, 0xfd, 0x84, 0xf9, 0xe5, 0xfd, 0x83, 0xf9, 0xe5, 0xfd,
    0x80, 0xf8, 0xe4, 0xfd, 0x7e, 0xf8, 0xe4, 0xfd, 0x7c, 0xf8, 0xe3, 0xfd, 0x7a, 0xf8, 0xe2, 0xfd, 0x7a, 0xf7, 0xe1, 0xfd, 0x79, 0xf7, 0xe0, 0xfd,
    0x77, 0xf6, 0xdf, 0xfd, 0x77, 0xf6, 0xdf, 0xfd, 0x78, 0xf6, 0xdf, 0xfc, 0x76, 0xf6, 0xde, 0xfc, 0x76, 0xf6, 0xde, 0xfc, 0x75, 0xf6, 0xdd, 0xfd,
    0x75, 0xf5, 0xdc, 0xfd, 0x75, 0xf6, 0xdc, 0xfc, 0x72, 0xf5, 0xdc, 0xfd, 0x73, 0xf6, 0xdc, 0xfd, 0x71, 0xf6, 0xdc, 0xfd, 0x71, 0xf6, 0xdb, 0xfd,
    0x70, 0xf6, 0xdb, 0xfd, 0x6e, 0xf5, 0xda, 0xfd, 0x6c, 0xf5, 0xd9, 0xfd, 0x69, 0xf3, 0xd7, 0xfd, 0x65, 0xf0, 0xd3, 0xfd, 0x60, 0xec, 0xcd, 0xfd,
    0x56, 0xe2, 0xbf, 0xfd, 0x51, 0xd6, 0xac, 0xfd, 0x59, 0xe5, 0xb9, 0xfd, 0x4f, 0xab, 0x8e, 0xfd, 0x1c, 0x17, 0x00, 0xfd, 0x28, 0x2b, 0x02, 0xfd,
    0x2d, 0x2e, 0x01, 0xfd, 0x31, 0x32, 0x01, 0xfd, 0x33, 0x34, 0x01, 0xfd, 0x34, 0x35, 0x01, 0xfd, 0x34, 0x36, 0x01, 0xfd, 0x34, 0x35, 0x01, 0xfd,
    0x35, 0x36, 0x01, 0xfd, 0x37, 0x38, 0x02, 0xfd, 0x37, 0x38, 0x02, 0xfd, 0x36, 0x38, 0x01, 0xfd, 0x37, 0x39, 0x01, 0xfd, 0x37, 0x3a, 0x01, 0xfd,
    0x38, 0x3a, 0x01, 0xfd, 0x39, 0x3b, 0x01, 0xfd, 0x39, 0x3b, 0x01, 0xfd, 0x39, 0x3c, 0x01, 0xfd, 0x3a, 0x3d, 0x01, 0xfd, 0x3a, 0x3e, 0x01, 0xfd,
    0x3b, 0x3e, 0x02, 0xfd, 0x3d, 0x3f, 0x01, 0xfd, 0x3f, 0x44, 0x03, 0xfd, 0x38, 0x39, 0x00, 0xfb, 0x60, 0x7a, 0x2a, 0xff, 0xa4, 0xf6, 0x83, 0xda,
    0x00, 0x00, 0x00, 0x04, 0x00, 0x00, 0x00, 0x00, 0x00, 0xff, 0x00, 0x01, 0x00, 0x00, 0x00, 0x00, 0x00, 0x00, 0x00, 0x00, 0x00, 0xff, 0x00, 0x01,
    0x00, 0x00, 0x00, 0x00, 0x00, 0x00, 0x00, 0x07, 0xa6, 0xf8, 0x85, 0xdd, 0x64, 0x81, 0x2b, 0xff, 0x38, 0x3c, 0x00, 0xfb, 0x40, 0x46, 0x03, 0xfd,
    0x3f, 0x42, 0x02, 0xfd, 0x3f, 0x42, 0x02, 0xfd, 0x3f, 0x40, 0x02, 0xfd, 0x3c, 0x3f, 0x02, 0xfd, 0x3c, 0x3f, 0x02, 0xfd, 0x3b, 0x3e, 0x01, 0xfd,
    0x3a, 0x3d, 0x01, 0xfd, 0x39, 0x3d, 0x01, 0xfd, 0x39, 0x3c, 0x02, 0xfd, 0x39, 0x3c, 0x02, 0xfd, 0x39, 0x3c, 0x01, 0xfd, 0x38, 0x3b, 0x01, 0xfd,
    0x38, 0x3b, 0x02, 0xfd, 0x37, 0x3a, 0x02, 0xfd, 0x37, 0x3a, 0x02, 0xfd, 0x36, 0x39, 0x02, 0xfd, 0x35, 0x38, 0x01, 0xfd, 0x34, 0x38, 0x04, 0xfd,
    0x27, 0x28, 0x00, 0xfd, 0x3d, 0x4c, 0x2f, 0xfd, 0xa6, 0xf5, 0xf4, 0xfd, 0x94, 0xfb, 0xf1, 0xfd, 0x90, 0xf7, 0xec, 0xfd, 0x9a, 0xfa, 0xf3, 0xfd,
    0xc3, 0xfb, 0xf9, 0xfd, 0xd9, 0xfb, 0xfb, 0xfd, 0xd2, 0xfa, 0xfb, 0xfd, 0xd4, 0xfa, 0xfb, 0xfd, 0xda, 0xfa, 0xfc, 0xfd, 0xbf, 0xfa, 0xf8, 0xfd,
    0x98, 0xf9, 0xf0, 0xfd, 0x92, 0xf9, 0xee, 0xfd, 0x96, 0xfa, 0xef, 0xfd, 0x94, 0xfa, 0xee, 0xfd, 0x92, 0xf9, 0xee, 0xfd, 0x90, 0xf9, 0xed, 0xfd,
    0x8d, 0xf8, 0xeb, 0xfd, 0x8b, 0xf8, 0xe9, 0xfd, 0x8a, 0xf8, 0xe9, 0xfd, 0x8a, 0xf9, 0xe8, 0xfd, 0x88, 0xf9, 0xe8, 0xfd, 0x85, 0xf8, 0xe6, 0xfd,
    0x83, 0xf8, 0xe5, 0xfd, 0x82, 0xf8, 0xe5, 0xfd, 0x81, 0xf8, 0xe4, 0xfd, 0x80, 0xf8, 0xe3, 0xfd, 0x7d, 0xf8, 0xe3, 0xfd, 0x7c, 0xf8, 0xe2, 0xfd,
    0x7b, 0xf7, 0xe2, 0xfd, 0x78, 0xf6, 0xe0, 0xfd, 0x77, 0xf6, 0xdf, 0xfd, 0x78, 0xf6, 0xdf, 0xfc, 0x77, 0xf5, 0xde, 0xfc, 0x77, 0xf5, 0xdd, 0xfc,
    0x78, 0xf5, 0xdc, 0xfc, 0x77, 0xf5, 0xdc, 0xfc, 0x77, 0xf5, 0xdc, 0xfc, 0x78, 0xf6, 0xdd, 0xfc, 0x77, 0xf6, 0xdd, 0xfc, 0x77, 0xf6, 0xdc, 0xfc,
    0x75, 0xf6, 0xdc, 0xfc, 0x74, 0xf5, 0xdc, 0xfc, 0x72, 0xf5, 0xda, 0xfd, 0x71, 0xf5, 0xdb, 0xfd, 0x71, 0xf5, 0xda, 0xfd, 0x6e, 0xf5, 0xda, 0xfd,
    0x6b, 0xf4, 0xd7, 0xfd, 0x69, 0xf3, 0xd7, 0xfd, 0x65, 0xf0, 0xd3, 0xfd, 0x62, 0xed, 0xce, 0xfd, 0x5a, 0xe5, 0xc2, 0xfd, 0x52, 0xdb, 0xb1, 0xfd,
    0x52, 0xd4, 0xa5, 0xfd, 0x60, 0xe2, 0xbd, 0xfd, 0x2c, 0x45, 0x2a, 0xfd, 0x21, 0x1e, 0x00, 0xfd, 0x2b, 0x2e, 0x03, 0xfd, 0x2f, 0x30, 0x01, 0xfd,
    0x31, 0x32, 0x01, 0xfd, 0x32, 0x34, 0x01, 0xfd, 0x33, 0x34, 0x01, 0xfd, 0x34, 0x35, 0x01, 0xfd, 0x35, 0x36, 0x01, 0xfd, 0x35, 0x37, 0x01, 0xfd,
    0x37, 0x38, 0x02, 0xfd, 0x36, 0x38, 0x01, 0xfd, 0x36, 0x38, 0x01, 0xfd, 0x37, 0x39, 0x01, 0xfd, 0x38, 0x3a, 0x01, 0xfd, 0x38, 0x3b, 0x02, 0xfd,
    0x39, 0x3c, 0x02, 0xfd, 0x39, 0x3c, 0x01, 0xfd, 0x39, 0x3d, 0x01, 0xfd, 0x3b, 0x3e, 0x01, 0xfd, 0x3a, 0x3e, 0x01, 0xfd, 0x3b, 0x3f, 0x01, 0xfd,
    0x3f, 0x43, 0x03, 0xfd, 0x38, 0x39, 0x00, 0xfb, 0x60, 0x7b, 0x2a, 0xff, 0xa3, 0xf5, 0x81, 0xdd, 0x00, 0x00, 0x00, 0x06, 0x00, 0x00, 0x00, 0x00,
    0x00, 0xff, 0x00, 0x01, 0x00, 0x00, 0x00, 0x00, 0x00, 0x00, 0x00, 0x00, 0x00, 0xff, 0x00, 0x01, 0x00, 0x00, 0x00, 0x00, 0x00, 0x00, 0x00, 0x07,
    0xa9, 0xf8, 0x87, 0xdd, 0x64, 0x81, 0x2c, 0xff, 0x37, 0x3b, 0x00, 0xfb, 0x40, 0x46, 0x04, 0xfd, 0x3e, 0x41, 0x02, 0xfd, 0x3e, 0x40, 0x02, 0xfd,
    0x3e, 0x40, 0x01, 0xfd, 0x3c, 0x3f, 0x01, 0xfd, 0x3c, 0x3f, 0x02, 0xfd, 0x3b, 0x3f, 0x02, 0xfd, 0x3a, 0x3d, 0x01, 0xfd, 0x38, 0x3b, 0x01, 0xfd,
    0x38, 0x3b, 0x01, 0xfd, 0x39, 0x3c, 0x02, 0xfd, 0x38, 0x3b, 0x02, 0xfd, 0x38, 0x3b, 0x02, 0xfd, 0x37, 0x3a, 0x02, 0xfd, 0x37, 0x39, 0x02, 0xfd,
    0x37, 0x39, 0x02, 0xfd, 0x36, 0x38, 0x01, 0xfd, 0x33, 0x35, 0x03, 0xfc, 0x2d, 0x30, 0x03, 0xfd, 0x2c, 0x30, 0x0e, 0xfd, 0x94, 0xda, 0xd4, 0xfd,
    0x99, 0xff, 0xf9, 0xfd, 0x8c, 0xf7, 0xeb, 0xfd, 0x97, 0xfa, 0xf2, 0xfd, 0xac, 0xfa, 0xf6, 0xfd, 0xd7, 0xfb, 0xfc, 0xfd, 0xd2, 0xfa, 0xfa, 0xfd,
    0xd5, 0xfa, 0xfb, 0xfd, 0xd8, 0xfa, 0xfc, 0xfd, 0xb3, 0xfa, 0xf5, 0xfd, 0x93, 0xfa, 0xef, 0xfd, 0x95, 0xf9, 0xef, 0xfd, 0x95, 0xf9, 0xee, 0xfd,
    0x94, 0xfa, 0xee, 0xfd, 0x92, 0xfa, 0xee, 0xfd, 0x8f, 0xfa, 0xed, 0xfd, 0x8c, 0xf9, 0xea, 0xfd, 0x8a, 0xf8, 0xe8, 0xfd, 0x88, 0xf9, 0xe8, 0xfd,
    0x88, 0xf9, 0xe7, 0xfd, 0x87, 0xf8, 0xe6, 0xfd, 0x85, 0xf9, 0xe6, 0xfd, 0x83, 0xf8, 0xe5, 0xfd, 0x81, 0xf8, 0xe4, 0xfc, 0x80, 0xf8, 0xe4, 0xfc,
    0x81, 0xf8, 0xe3, 0xfd, 0x80, 0xf8, 0xe3, 0xfd, 0x7d, 0xf8, 0xe2, 0xfd, 0x7c, 0xf8, 0xe1, 0xfc, 0x7b, 0xf7, 0xe1, 0xfc, 0x78, 0xf6, 0xdf, 0xfd,
    0x79, 0xf6, 0xdf, 0xfc, 0x79, 0xf6, 0xde, 0xfc, 0x79, 0xf5, 0xdd, 0xfc, 0x79, 0xf4, 0xdc, 0xfc, 0x79, 0xf4, 0xdb, 0xfc, 0x78, 0xf4, 0xdb, 0xfc,
    0x78, 0xf4, 0xdb, 0xfc, 0x79, 0xf5, 0xdc, 0xfc, 0x78, 0xf5, 0xdc, 0xfc, 0x78, 0xf5, 0xdb, 0xfc, 0x76, 0xf5, 0xdb, 0xfc, 0x76, 0xf5, 0xdb, 0xfc,
    0x77, 0xf6, 0xdb, 0xfc, 0x75, 0xf5, 0xdb, 0xfc, 0x72, 0xf5, 0xda, 0xfd, 0x6f, 0xf4, 0xd9, 0xfd, 0x6c, 0xf4, 0xd8, 0xfd, 0x6a, 0xf3, 0xd7, 0xfd,
    0x65, 0xf0, 0xd2, 0xfd, 0x63, 0xed, 0xcf, 0xfd, 0x5c, 0xe8, 0xc6, 0xfd, 0x52, 0xdb, 0xb3, 0xfd, 0x51, 0xd2, 0xa4, 0xfd, 0x5d, 0xe7, 0xb8, 0xfd,
    0x47, 0x93, 0x75, 0xfd, 0x1b, 0x15, 0x00, 0xfd, 0x29, 0x2c, 0x04, 0xfd, 0x2e, 0x2f, 0x01, 0xfd, 0x31, 0x32, 0x01, 0xfd, 0x32, 0x33, 0x02, 0xfd,
    0x33, 0x33, 0x01, 0xfd, 0x33, 0x34, 0x01, 0xfd, 0x34, 0x35, 0x01, 0xfd, 0x35, 0x37, 0x01, 0xfd, 0x35, 0x37, 0x01, 0xfd, 0x35, 0x37, 0x01, 0xfd,
    0x36, 0x38, 0x02, 0xfd, 0x36, 0x38, 0x01, 0xfd, 0x36, 0x39, 0x01, 0xfd, 0x36, 0x38, 0x01, 0xfd, 0x37, 0x3a, 0x01, 0xfd, 0x38, 0x3b, 0x01, 0xfd,
    0x38, 0x3c, 0x01, 0xfd, 0x3a, 0x3d, 0x01, 0xfd, 0x3b, 0x3f, 0x01, 0xfd, 0x3c, 0x3f, 0x01, 0xfd, 0x3f, 0x43, 0x03, 0xfd, 0x37, 0x38, 0x00, 0xfb,
    0x60, 0x7b, 0x2a, 0xff, 0xa6, 0xf6, 0x84, 0xdc, 0x00, 0x00, 0x00, 0x05, 0x00, 0x00, 0x00, 0x00, 0x00, 0xff, 0x00, 0x01, 0x00, 0x00, 0x00, 0x00,
    0x00, 0x00, 0x00, 0x00, 0x00, 0xff, 0x00, 0x01, 0x00, 0x00, 0x00, 0x00, 0x1c, 0x38, 0x00, 0x09, 0xa8, 0xf7, 0x85, 0xe0, 0x63, 0x7e, 0x2b, 0xff,
    0x37, 0x39, 0x00, 0xfb, 0x40, 0x45, 0x04, 0xfd, 0x3e, 0x41, 0x02, 0xfd, 0x3e, 0x40, 0x02, 0xfd, 0x3d, 0x40, 0x01, 0xfd, 0x3c, 0x3f, 0x02, 0xfd,
    0x3c, 0x3f, 0x02, 0xfd, 0x3c, 0x3f, 0x02, 0xfd, 0x3a, 0x3e, 0x01, 0xfd, 0x38, 0x3b, 0x02, 0xfd, 0x38, 0x3a, 0x02, 0xfd, 0x38, 0x3b, 0x02, 0xfd,
    0x38, 0x3a, 0x01, 0xfd, 0x37, 0x3a, 0x02, 0xfd, 0x37, 0x3a, 0x02, 0xfd, 0x36, 0x39, 0x01, 0xfd, 0x36, 0x38, 0x01, 0xfd, 0x35, 0x37, 0x01, 0xfd,
    0x32, 0x36, 0x04, 0xfd, 0x21, 0x1f, 0x00, 0xfd, 0x73, 0xab, 0x9d, 0xfd, 0xa2, 0xff, 0xff, 0xfd, 0x89, 0xf6, 0xe8, 0xfd, 0x97, 0xfa, 0xf1, 0xfd,
    0x9a, 0xfa, 0xf2, 0xfd, 0xbe, 0xfa, 0xf8, 0xfd, 0xd8, 0xfa, 0xfb, 0xfd, 0xd6, 0xfa, 0xfb, 0xfd, 0xd4, 0xfa, 0xfb, 0xfd, 0xab, 0xfa, 0xf5, 0xfd,
    0x92, 0xf9, 0xef, 0xfd, 0x96, 0xfa, 0xef, 0xfd, 0x95, 0xfa, 0xee, 0xfd, 0x91, 0xf9, 0xed, 0xfd, 0x8f, 0xf9, 0xec, 0xfd, 0x8e, 0xf9, 0xeb, 0xfd,
    0x8b, 0xf9, 0xea, 0xfd, 0x89, 0xf9, 0xe8, 0xfd, 0x89, 0xf9, 0xe8, 0xfd, 0x86, 0xf9, 0xe7, 0xfd, 0x85, 0xf8, 0xe5, 0xfd, 0x83, 0xf8, 0xe5, 0xfd,
    0x82, 0xf8, 0xe4, 0xfd, 0x81, 0xf8, 0xe3, 0xfd, 0x80, 0xf8, 0xe3, 0xfd, 0x7e, 0xf8, 0xe2, 0xfd, 0x80, 0xf8, 0xe2, 0xfd, 0x7d, 0xf8, 0xe1, 0xfd,
    0x7b, 0xf7, 0xe0, 0xfd, 0x7c, 0xf7, 0xe0, 0xfc, 0x7a, 0xf6, 0xdf, 0xfd, 0x79, 0xf5, 0xde, 0xfd, 0x7a, 0xf5, 0xdd, 0xfc, 0x7a, 0xf5, 0xdd, 0xfc,
    0x7a, 0xf5, 0xdc, 0xfc, 0x7a, 0xf4, 0xdb, 0xfc, 0x7a, 0xf4, 0xdb, 0xfc, 0x79, 0xf4, 0xdb, 0xfc, 0x78, 0xf5, 0xdb, 0xfc, 0x7a, 0xf5, 0xdc, 0xfc,
    0x79, 0xf5, 0xde, 0xfb, 0x77, 0xf3, 0xdb, 0xfb, 0x76, 0xf1, 0xd7, 0xfc, 0x76, 0xf2, 0xd7, 0xfc, 0x77, 0xf2, 0xd7, 0xfc, 0x76, 0xf3, 0xd9, 0xfc,
    0x75, 0xf5, 0xdb, 0xfc, 0x71, 0xf4, 0xda, 0xfd, 0x6d, 0xf3, 0xd7, 0xfd, 0x6a, 0xf3, 0xd6, 0xfd, 0x66, 0xf0, 0xd2, 0xfd, 0x63, 0xed, 0xce, 0xfd,
    0x5e, 0xea, 0xc8, 0xfd, 0x53, 0xdd, 0xb6, 0xfd, 0x51, 0xd6, 0xa6, 0xfc, 0x53, 0xd6, 0xa2, 0xfd, 0x5a, 0xcd, 0xa7, 0xfd, 0x22, 0x2a, 0x0e, 0xfd,
    0x24, 0x24, 0x00, 0xfd, 0x2c, 0x2e, 0x03, 0xfd, 0x30, 0x31, 0x02, 0xfd, 0x32, 0x33, 0x01, 0xfd, 0x33, 0x33, 0x01, 0xfd, 0x34, 0x35, 0x01, 0xfd,
    0x35, 0x36, 0x01, 0xfd, 0x35, 0x36, 0x01, 0xfd, 0x35, 0x36, 0x01, 0xfd, 0x35, 0x36, 0x01, 0xfd, 0x36, 0x37, 0x01, 0xfd, 0x36, 0x38, 0x01, 0xfd,
    0x36, 0x38, 0x01, 0xfd, 0x37, 0x38, 0x01, 0xfd, 0x37, 0x3a, 0x01, 0xfd, 0x38, 0x3c, 0x02, 0xfd, 0x39, 0x3c, 0x01, 0xfd, 0x3a, 0x3e, 0x01, 0xfd,
    0x3b, 0x3f, 0x01, 0xfd, 0x3c, 0x3f, 0x01, 0xfd, 0x3e, 0x42, 0x03, 0xfd, 0x37, 0x37, 0x00, 0xfb, 0x60, 0x7a, 0x2a, 0xff, 0xa6, 0xf8, 0x84, 0xdc,
    0x00, 0x00, 0x00, 0x06, 0x00, 0x00, 0x00, 0x00, 0x00, 0xff, 0x00, 0x01, 0x00, 0x00, 0x00, 0x00, 0x00, 0x00, 0x00, 0x00, 0x00, 0xff, 0x00, 0x01,
    0x00, 0x00, 0x00, 0x00, 0x00, 0x00, 0x00, 0x07, 0xa7, 0xf8, 0x84, 0xde, 0x62, 0x7d, 0x2b, 0xff, 0x38, 0x38, 0x00, 0xfb, 0x40, 0x45, 0x03, 0xfd,
    0x3e, 0x41, 0x02, 0xfd, 0x3e, 0x40, 0x02, 0xfd, 0x3d, 0x3f, 0x02, 0xfd, 0x3c, 0x3f, 0x02, 0xfd, 0x3b, 0x3e, 0x01, 0xfd, 0x3b, 0x3d, 0x01, 0xfd,
    0x3a, 0x3d, 0x02, 0xfd, 0x39, 0x3d, 0x02, 0xfd, 0x37, 0x3a, 0x02, 0xfd, 0x37, 0x39, 0x01, 0xfd, 0x37, 0x39, 0x02, 0xfd, 0x36, 0x39, 0x02, 0xfd,
    0x36, 0x39, 0x02, 0xfd, 0x35, 0x38, 0x01, 0xfd, 0x34, 0x36, 0x01, 0xfd, 0x33, 0x37, 0x04, 0xfd, 0x24, 0x22, 0x00, 0xfd, 0x4e, 0x6a, 0x51, 0xfd,
    0xa2, 0xff, 0xff, 0xfd, 0x87, 0xf7, 0xea, 0xfd, 0x8f, 0xf9, 0xef, 0xfd, 0x9b, 0xfa, 0xf2, 0xfd, 0x9b, 0xfa, 0xf2, 0xfd, 0xb6, 0xfa, 0xf6, 0xfd,
    0xd5, 0xfa, 0xfb, 0xfd, 0xc7, 0xfb, 0xf9, 0xfd, 0xa2, 0xfa, 0xf3, 0xfd, 0x92, 0xf9, 0xef, 0xfd, 0x96, 0xfa, 0xef, 0xfd, 0x93, 0xf9, 0xee, 0xfd,
    0x90, 0xf9, 0xec, 0xfd, 0x8d, 0xf8, 0xeb, 0xfd, 0x8c, 0xf9, 0xe9, 0xfd, 0x8a, 0xf8, 0xe8, 0xfd, 0x87, 0xf8, 0xe7, 0xfd, 0x86, 0xf9, 0xe7, 0xfd,
    0x85, 0xf8, 0xe6, 0xfd, 0x84, 0xf9, 0xe5, 0xfd, 0x82, 0xf8, 0xe4, 0xfd, 0x81, 0xf7, 0xe3, 0xfd, 0x81, 0xf8, 0xe2, 0xfd, 0x80, 0xf8, 0xe2, 0xfc,
    0x7d, 0xf6, 0xe1, 0xfd, 0x7b, 0xf7, 0xe0, 0xfd, 0x7d, 0xf7, 0xe0, 0xfc, 0x7b, 0xf6, 0xdf, 0xfd, 0x7a, 0xf6, 0xdf, 0xfd, 0x7d, 0xf6, 0xdf, 0xfc,
    0x7c, 0xf5, 0xde, 0xfc, 0x7b, 0xf5, 0xdd, 0xfc, 0x7a, 0xf4, 0xdc, 0xfc, 0x7a, 0xf4, 0xdc, 0xfc, 0x7a, 0xf5, 0xdc, 0xfc, 0x7b, 0xf4, 0xdb, 0xfc,
    0x7b, 0xf4, 0xdb, 0xfc, 0x7b, 0xf5, 0xdc, 0xfc, 0x7a, 0xf5, 0xdc, 0xfc, 0x7b, 0xf5, 0xdd, 0xfb, 0x7a, 0xf4, 0xdc, 0xfb, 0x81, 0xff, 0xe6, 0xfc,
    0x83, 0xff, 0xeb, 0xfc, 0x83, 0xff, 0xeb, 0xfc, 0x80, 0xff, 0xeb, 0xfc, 0x7b, 0xff, 0xe3, 0xfc, 0x76, 0xf4, 0xd9, 0xfc, 0x73, 0xf4, 0xd9, 0xfd,
    0x6e, 0xf3, 0xd7, 0xfd, 0x6a, 0xf2, 0xd5, 0xfd, 0x65, 0xef, 0xd1, 0xfd, 0x62, 0xec, 0xcd, 0xfd, 0x60, 0xea, 0xc9, 0xfd, 0x56, 0xde, 0xb7, 0xfd,
    0x51, 0xd6, 0xa7, 0xfd, 0x4e, 0xcb, 0x96, 0xfd, 0x5e, 0xe2, 0xb3, 0xfd, 0x33, 0x5c, 0x3f, 0xfd, 0x1e, 0x19, 0x00, 0xfd, 0x2b, 0x2e, 0x04, 0xfd,
    0x2e, 0x2f, 0x01, 0xfd, 0x30, 0x31, 0x01, 0xfd, 0x32, 0x33, 0x01, 0xfd, 0x34, 0x35, 0x01, 0xfd, 0x35, 0x36, 0x01, 0xfd, 0x34, 0x36, 0x01, 0xfd,
    0x34, 0x35, 0x01, 0xfd, 0x35, 0x36, 0x01, 0xfd, 0x36, 0x37, 0x01, 0xfd, 0x35, 0x37, 0x01, 0xfd, 0x35, 0x37, 0x01, 0xfd, 0x37, 0x39, 0x01, 0xfd,
    0x38, 0x3a, 0x01, 0xfd, 0x39, 0x3c, 0x01, 0xfd, 0x39, 0x3d, 0x01, 0xfd, 0x3a, 0x3e, 0x01, 0xfd, 0x3b, 0x3f, 0x01, 0xfd, 0x3c, 0x3f, 0x01, 0xfd,
    0x3e, 0x42, 0x03, 0xfd, 0x37, 0x37, 0x00, 0xfb, 0x60, 0x7b, 0x2a, 0xff, 0xa6, 0xf6, 0x83, 0xdd, 0x00, 0x00, 0x00, 0x06, 0x00, 0x00, 0x00, 0x00,
    0x00, 0xff, 0x00, 0x01, 0x00, 0x00, 0x00, 0x00, 0x00, 0x00, 0x00, 0x00, 0x00, 0xff, 0x00, 0x01, 0x00, 0x00, 0x00, 0x00, 0x00, 0x00, 0x00, 0x07,
    0xa7, 0xf6, 0x83, 0xdd, 0x63, 0x7f, 0x2b, 0xff, 0x37, 0x38, 0x00, 0xfb, 0x40, 0x44, 0x03, 0xfd, 0x3f, 0x41, 0x02, 0xfd, 0x3e, 0x40, 0x02, 0xfd,
    0x3d, 0x3f, 0x02, 0xfd, 0x3a, 0x3e, 0x01, 0xfd, 0x39, 0x3d, 0x01, 0xfd, 0x3a, 0x3c, 0x01, 0xfd, 0x39, 0x3b, 0x02, 0xfd, 0x38, 0x3b, 0x02, 0xfd,
    0x38, 0x3a, 0x02, 0xfd, 0x38, 0x3a, 0x02, 0xfd, 0x37, 0x3a, 0x02, 0xfd, 0x38, 0x3a, 0x02, 0xfd, 0x37, 0x39, 0x01, 0xfd, 0x35, 0x37, 0x01, 0xfd,
    0x33, 0x36, 0x03, 0xfd, 0x2c, 0x2e, 0x02, 0xfd, 0x2b, 0x34, 0x13, 0xfd, 0x92, 0xe5, 0xdf, 0xfd, 0x91, 0xfd, 0xf4, 0xfd, 0x88, 0xf8, 0xec, 0xfd,
    0x93, 0xfa, 0xf1, 0xfd, 0x99, 0xfa, 0xf1, 0xfd, 0x9b, 0xfa, 0xf2, 0xfd, 0x9b, 0xfa, 0xf1, 0xfd, 0x9f, 0xfa, 0xf2, 0xfd, 0x95, 0xf9, 0xf0, 0xfd,
    0x93, 0xf9, 0xee, 0xfd, 0x95, 0xf9, 0xee, 0xfd, 0x92, 0xf9, 0xed, 0xfd, 0x8f, 0xf9, 0xec, 0xfd, 0x8b, 0xf8, 0xe9, 0xfd, 0x89, 0xf9, 0xe9, 0xfd,
    0x89, 0xf9, 0xe8, 0xfd, 0x87, 0xf8, 0xe7, 0xfd, 0x84, 0xf8, 0xe6, 0xfd, 0x83, 0xf8, 0xe5, 0xfd, 0x82, 0xf8, 0xe4, 0xfd, 0x82, 0xf9, 0xe4, 0xfd,
    0x82, 0xf8, 0xe3, 0xfd, 0x81, 0xf8, 0xe2, 0xfd, 0x7e, 0xf6, 0xe0, 0xfd, 0x7e, 0xf6, 0xe0, 0xfc, 0x7d, 0xf6, 0xdf, 0xfc, 0x7c, 0xf6, 0xde, 0xfc,
    0x7c, 0xf6, 0xdf, 0xfc, 0x7c, 0xf6, 0xdf, 0xfc, 0x7c, 0xf6, 0xdf, 0xfc, 0x7b, 0xf5, 0xde, 0xfc, 0x7c, 0xf5, 0xdd, 0xfc, 0x7b, 0xf4, 0xdc, 0xfc,
    0x7b, 0xf4, 0xdc, 0xfc, 0x7b, 0xf4, 0xdb, 0xfc, 0x7c, 0xf4, 0xdb, 0xfc, 0x7c, 0xf4, 0xdb, 0xfc, 0x7c, 0xf4, 0xdb, 0xfc, 0x7c, 0xf5, 0xdb, 0xfc,
    0x7c, 0xf4, 0xdb, 0xfc, 0x7d, 0xf7, 0xdf, 0xfb, 0x85, 0xff, 0xe9, 0xfc, 0x66, 0xc8, 0xb2, 0xfc, 0x40, 0x88, 0x73, 0xfc, 0x3c, 0x7a, 0x64, 0xfd,
    0x44, 0x93, 0x7e, 0xfd, 0x60, 0xcf, 0xb6, 0xfd, 0x7e, 0xff, 0xe8, 0xfd, 0x76, 0xf7, 0xdc, 0xfd, 0x70, 0xf1, 0xd5, 0xfd, 0x6c, 0xf2, 0xd6, 0xfd,
    0x66, 0xef, 0xd1, 0xfd, 0x63, 0xec, 0xcc, 0xfd, 0x61, 0xea, 0xc9, 0xfd, 0x57, 0xdf, 0xb9, 0xfd, 0x50, 0xd6, 0xa7, 0xfd, 0x4f, 0xcb, 0x96, 0xfd,
    0x5c, 0xdf, 0xa9, 0xfd, 0x45, 0x8e, 0x6d, 0xfd, 0x1a, 0x13, 0x00, 0xfd, 0x28, 0x2b, 0x03, 0xfd, 0x2c, 0x2d, 0x01, 0xfd, 0x31, 0x32, 0x01, 0xfd,
    0x32, 0x33, 0x01, 0xfd, 0x33, 0x34, 0x01, 0xfd, 0x35, 0x36, 0x01, 0xfd, 0x35, 0x35, 0x01, 0xfd, 0x34, 0x35, 0x01, 0xfd, 0x34, 0x36, 0x01, 0xfc,
    0x35, 0x36, 0x01, 0xfd, 0x36, 0x37, 0x01, 0xfd, 0x36, 0x39, 0x01, 0xfd, 0x36, 0x39, 0x01, 0xfd, 0x38, 0x3a, 0x01, 0xfd, 0x39, 0x3c, 0x01, 0xfd,
    0x39, 0x3c, 0x02, 0xfd, 0x3a, 0x3d, 0x01, 0xfd, 0x3b, 0x3f, 0x01, 0xfd, 0x3b, 0x3f, 0x01, 0xfd, 0x3e, 0x42, 0x03, 0xfd, 0x37, 0x37, 0x00, 0xfb,
    0x60, 0x7b, 0x2a, 0xff, 0xa5, 0xf6, 0x82, 0xdd, 0x00, 0x2a, 0x00, 0x06, 0x00, 0x00, 0x00, 0x00, 0x00, 0xff, 0x00, 0x01, 0x00, 0x00, 0x00, 0x00,
    0x00, 0x00, 0x00, 0x00, 0x00, 0xff, 0x00, 0x01, 0x00, 0x00, 0x00, 0x00, 0x00, 0x00, 0x00, 0x06, 0xa6, 0xf8, 0x84, 0xdc, 0x64, 0x7f, 0x2c, 0xff,
    0x37, 0x38, 0x00, 0xfb, 0x40, 0x44, 0x03, 0xfd, 0x3d, 0x40, 0x01, 0xfd, 0x3d, 0x3f, 0x02, 0xfd, 0x3c, 0x3f, 0x01, 0xfd, 0x3b, 0x3d, 0x02, 0xfd,
    0x3a, 0x3d, 0x01, 0xfd, 0x39, 0x3c, 0x01, 0xfd, 0x38, 0x3a, 0x01, 0xfd, 0x38, 0x3b, 0x01, 0xfd, 0x38, 0x3a, 0x02, 0xfd, 0x37, 0x3a, 0x02, 0xfd,
    0x37, 0x3a, 0x02, 0xfd, 0x37, 0x39, 0x02, 0xfd, 0x36, 0x39, 0x02, 0xfd, 0x34, 0x36, 0x02, 0xfd, 0x32, 0x36, 0x04, 0xfd, 0x21, 0x1f, 0x00, 0xfd,
    0x6a, 0xa2, 0x91, 0xfd, 0x98, 0xff, 0xff, 0xfd, 0x85, 0xf6, 0xe7, 0xfd, 0x90, 0xfa, 0xf0, 0xfd, 0x95, 0xfa, 0xf1, 0xfd, 0x96, 0xf9, 0xf0, 0xfd,
    0x97, 0xf9, 0xf0, 0xfd, 0x98, 0xf9, 0xf0, 0xfd, 0x94, 0xfa, 0xf0, 0xfd, 0x94, 0xf9, 0xef, 0xfd, 0x92, 0xf9, 0xed, 0xfd, 0x90, 0xf9, 0xec, 0xfd,
    0x8d, 0xf9, 0xeb, 0xfd, 0x89, 0xf9, 0xea, 0xfd, 0x88, 0xf9, 0xe8, 0xfd, 0x88, 0xf9, 0xe7, 0xfd, 0x86, 0xf9, 0xe7, 0xfd, 0x83, 0xf8, 0xe5, 0xfd,
    0x82, 0xf8, 0xe4, 0xfd, 0x81, 0xf7, 0xe3, 0xfd, 0x7e, 0xf7, 0xe2, 0xfd, 0x7e, 0xf8, 0xe2, 0xfd, 0x7e, 0xf7, 0xe2, 0xfd, 0x7d, 0xf6, 0xe0, 0xfd,
    0x7c, 0xf5, 0xde, 0xfc, 0x7c, 0xf6, 0xdf, 0xfc, 0x7d, 0xf5, 0xde, 0xfc, 0x7c, 0xf4, 0xdd, 0xfc, 0x7b, 0xf5, 0xde, 0xfc, 0x7b, 0xf4, 0xdd, 0xfc,
    0x7a, 0xf4, 0xdd, 0xfc, 0x7b, 0xf4, 0xdc, 0xfc, 0x7a, 0xf3, 0xdc, 0xfc, 0x7b, 0xf3, 0xdc, 0xfc, 0x7b, 0xf4, 0xdc, 0xfc, 0x7c, 0xf4, 0xdb, 0xfc,
    0x7d, 0xf4, 0xdb, 0xfc, 0x7d, 0xf4, 0xdb, 0xfc, 0x7d, 0xf4, 0xdb, 0xfc, 0x7b, 0xf3, 0xda, 0xfc, 0x7d, 0xf6, 0xdc, 0xfc, 0x82, 0xf8, 0xe2, 0xfd,
    0x3a, 0x77, 0x61, 0xfd, 0x01, 0x18, 0x01, 0xfc, 0x02, 0x19, 0x00, 0xfc, 0x00, 0x13, 0x00, 0xfd, 0x16, 0x27, 0x13, 0xfd, 0x37, 0x4e, 0x3c, 0xfd,
    0x3c, 0x80, 0x67, 0xfd, 0x6f, 0xed, 0xd5, 0xfd, 0x74, 0xf8, 0xdd, 0xfd, 0x6e, 0xf0, 0xd4, 0xfd, 0x6a, 0xf0, 0xd2, 0xfd, 0x64, 0xec, 0xcc, 0xfd,
    0x62, 0xea, 0xca, 0xfd, 0x58, 0xe0, 0xbb, 0xfd, 0x50, 0xd4, 0xa7, 0xfd, 0x50, 0xce, 0x99, 0xfd, 0x56, 0xd5, 0x9a, 0xfd, 0x51, 0xb7, 0x8f, 0xfd,
    0x1b, 0x1c, 0x03, 0xfd, 0x25, 0x26, 0x01, 0xfd, 0x2c, 0x2d, 0x01, 0xfd, 0x30, 0x30, 0x01, 0xfd, 0x31, 0x32, 0x01, 0xfd, 0x31, 0x32, 0x01, 0xfc,
    0x32, 0x33, 0x01, 0xfc, 0x33, 0x34, 0x01, 0xfc, 0x35, 0x36, 0x01, 0xfd, 0x33, 0x35, 0x01, 0xfc, 0x33, 0x35, 0x01, 0xfc, 0x35, 0x38, 0x01, 0xfd,
    0x36, 0x39, 0x01, 0xfd, 0x37, 0x39, 0x01, 0xfd, 0x37, 0x3a, 0x01, 0xfd, 0x39, 0x3b, 0x02, 0xfd, 0x39, 0x3c, 0x01, 0xfd, 0x3a, 0x3d, 0x01, 0xfd,
    0x3a, 0x3e, 0x01, 0xfd, 0x3b, 0x3f, 0x01, 0xfd, 0x3f, 0x43, 0x03, 0xfd, 0x38, 0x38, 0x00, 0xfb, 0x60, 0x7c, 0x2a, 0xff, 0xa6, 0xf6, 0x84, 0xdc,
    0x00, 0x00, 0x00, 0x06, 0x00, 0x00, 0x00, 0x00, 0x00, 0xff, 0x00, 0x01, 0x00, 0x00, 0x00, 0x00, 0x00, 0x00, 0x00, 0x00, 0x00, 0xff, 0x00, 0x01,
    0x00, 0x00, 0x00, 0x00, 0x00, 0x1f, 0x00, 0x08, 0xa6, 0xf6, 0x84, 0xdf, 0x63, 0x7d, 0x2c, 0xff, 0x37, 0x39, 0x00, 0xfb, 0x40, 0x44, 0x03, 0xfd,
    0x3d, 0x40, 0x02, 0xfd, 0x3d, 0x3f, 0x02, 0xfd, 0x3b, 0x3f, 0x02, 0xfd, 0x3a, 0x3d, 0x01, 0xfd, 0x39, 0x3d, 0x02, 0xfd, 0x39, 0x3c, 0x01, 0xfd,
    0x38, 0x3b, 0x01, 0xfd, 0x38, 0x3b, 0x01, 0xfd, 0x38, 0x3b, 0x01, 0xfd, 0x37, 0x39, 0x01, 0xfd, 0x36, 0x38, 0x01, 0xfd, 0x36, 0x38, 0x02, 0xfd,
    0x35, 0x37, 0x02, 0xfd, 0x34, 0x37, 0x05, 0xfd, 0x28, 0x28, 0x00, 0xfd, 0x39, 0x4c, 0x2e, 0xfd, 0x98, 0xf9, 0xf5, 0xfd, 0x85, 0xf9, 0xea, 0xfd,
    0x89, 0xf9, 0xed, 0xfd, 0x92, 0xfa, 0xf0, 0xfd, 0x97, 0xfa, 0xf1, 0xfd, 0x95, 0xf9, 0xf0, 0xfd, 0x94, 0xf9, 0xef, 0xfd, 0x94, 0xf9, 0xef, 0xfd,
    0x93, 0xf9, 0xef, 0xfd, 0x91, 0xf9, 0xee, 0xfd, 0x8e, 0xf9, 0xec, 0xfd, 0x8b, 0xf9, 0xea, 0xfd, 0x88, 0xf9, 0xe9, 0xfd, 0x86, 0xf9, 0xe8, 0xfd,
    0x86, 0xf9, 0xe7, 0xfd, 0x86, 0xf9, 0xe6, 0xfd, 0x85, 0xf8, 0xe5, 0xfd, 0x81, 0xf7, 0xe3, 0xfd, 0x80, 0xf8, 0xe3, 0xfd, 0x7d, 0xf7, 0xe2, 0xfd,
    0x7c, 0xf7, 0xe1, 0xfd, 0x7b, 0xf7, 0xe0, 0xfd, 0x7b, 0xf5, 0xdf, 0xfd, 0x7c, 0xf6, 0xdf, 0xfc, 0x7b, 0xf5, 0xde, 0xfc, 0x7b, 0xf5, 0xdd, 0xfc,
    0x7b, 0xf4, 0xdd, 0xfc, 0x7c, 0xf4, 0xdd, 0xfc, 0x7a, 0xf4, 0xdd, 0xfc, 0x79, 0xf4, 0xdc, 0xfc, 0x79, 0xf4, 0xdb, 0xfc, 0x79, 0xf4, 0xdc, 0xfc,
    0x78, 0xf3, 0xdd, 0xfb, 0x7a, 0xf4, 0xdd, 0xfb, 0x7c, 0xf4, 0xdb, 0xfc, 0x7c, 0xf4, 0xdb, 0xfc, 0x7d, 0xf4, 0xda, 0xfc, 0x7d, 0xf4, 0xdb, 0xfc,
    0x7b, 0xf4, 0xdc, 0xfb, 0x7b, 0xf3, 0xd9, 0xfc, 0x85, 0xff, 0xe9, 0xfc, 0x30, 0x6c, 0x57, 0xfd, 0x00, 0x05, 0x00, 0xfd, 0x0e, 0x2b, 0x0e, 0xfd,
    0x02, 0x1f, 0x04, 0xfd, 0x0b, 0x28, 0x0d, 0xfc, 0x07, 0x22, 0x08, 0xfd, 0x27, 0x3e, 0x2a, 0xfd, 0x6d, 0x77, 0x6d, 0xfd, 0x35, 0x65, 0x53, 0xfd,
    0x6f, 0xee, 0xd4, 0xfd, 0x72, 0xf5, 0xd9, 0xfd, 0x6b, 0xee, 0xd1, 0xfd, 0x64, 0xec, 0xcc, 0xfd, 0x62, 0xe9, 0xc9, 0xfd, 0x58, 0xe1, 0xbb, 0xfd,
    0x50, 0xd4, 0xa6, 0xfd, 0x4f, 0xce, 0x98, 0xfd, 0x50, 0xcb, 0x8f, 0xfd, 0x59, 0xcf, 0x9f, 0xfd, 0x23, 0x33, 0x18, 0xfd, 0x20, 0x1f, 0x00, 0xfd,
    0x2b, 0x2d, 0x02, 0xfd, 0x2e, 0x2f, 0x01, 0xfd, 0x30, 0x31, 0x01, 0xfd, 0x32, 0x33, 0x01, 0xfd, 0x32, 0x33, 0x01, 0xfd, 0x33, 0x34, 0x01, 0xfd,
    0x34, 0x35, 0x01, 0xfd, 0x35, 0x36, 0x01, 0xfd, 0x35, 0x36, 0x01, 0xfd, 0x35, 0x37, 0x01, 0xfd, 0x36, 0x38, 0x01, 0xfd, 0x37, 0x39, 0x01, 0xfd,
    0x38, 0x3a, 0x01, 0xfd, 0x39, 0x3b, 0x01, 0xfd, 0x39, 0x3c, 0x01, 0xfd, 0x3a, 0x3d, 0x01, 0xfd, 0x3a, 0x3e, 0x01, 0xfd, 0x3b, 0x3f, 0x01, 0xfd,
    0x3f, 0x42, 0x03, 0xfd, 0x37, 0x38, 0x00, 0xfb, 0x60, 0x7b, 0x2a, 0xff, 0xa6, 0xf6, 0x83, 0xdd, 0x00, 0x2a, 0x00, 0x06, 0x00, 0x00, 0x00, 0x00,
    0x00, 0xff, 0x00, 0x01, 0x00, 0x00, 0x00, 0x00, 0x00, 0x00, 0x00, 0x00, 0x00, 0xff, 0x00, 0x01, 0x00, 0x00, 0x00, 0x00, 0x00, 0x38, 0x00, 0x09,
    0xa7, 0xf7, 0x85, 0xe0, 0x63, 0x7d, 0x2b, 0xff, 0x37, 0x38, 0x00, 0xfb, 0x3f, 0x43, 0x03, 0xfd, 0x3d, 0x3f, 0x02, 0xfd, 0x3c, 0x3f, 0x02, 0xfd,
    0x3a, 0x3e, 0x02, 0xfd, 0x39, 0x3d, 0x02, 0xfd, 0x39, 0x3c, 0x01, 0xfd, 0x38, 0x3b, 0x02, 0xfd, 0x38, 0x3b, 0x02, 0xfd, 0x38, 0x3c, 0x02, 0xfd,
    0x38, 0x3a, 0x01, 0xfd, 0x37, 0x39, 0x02, 0xfd, 0x35, 0x37, 0x01, 0xfd, 0x34, 0x37, 0x02, 0xfd, 0x33, 0x36, 0x02, 0xfd, 0x32, 0x36, 0x04, 0xfd,
    0x23, 0x21, 0x00, 0xfd, 0x72, 0xb7, 0xab, 0xfd, 0x90, 0xff, 0xfa, 0xfd, 0x81, 0xf6, 0xe6, 0xfd, 0x8c, 0xfa, 0xee, 0xfd, 0x91, 0xfa, 0xf0, 0xfd,
    0x95, 0xfa, 0xf0, 0xfd, 0x94, 0xfa, 0xf0, 0xfd, 0x92, 0xf9, 0xef, 0xfd, 0x90, 0xf9, 0xed, 0xfd, 0x8e, 0xf9, 0xec, 0xfd, 0x8d, 0xf9, 0xeb, 0xfd,
    0x8a, 0xf9, 0xe9, 0xfd, 0x87, 0xf9, 0xe8, 0xfd, 0x85, 0xf9, 0xe7, 0xfd, 0x84, 0xf9, 0xe6, 0xfd, 0x84, 0xf8, 0xe5, 0xfd, 0x85, 0xf8, 0xe5, 0xfd,
    0x83, 0xf7, 0xe3, 0xfd, 0x81, 0xf7, 0xe2, 0xfd, 0x7d, 0xf7, 0xe2, 0xfd, 0x7b, 0xf7, 0xe0, 0xfd, 0x7b, 0xf6, 0xdf, 0xfd, 0x7c, 0xf6, 0xde, 0xfc,
    0x7c, 0xf5, 0xdd, 0xfc, 0x7d, 0xf6, 0xde, 0xfc, 0x7b, 0xf4, 0xdd, 0xfc, 0x7b, 0xf4, 0xdd, 0xfc, 0x7b, 0xf4, 0xdd, 0xfc, 0x7c, 0xf4, 0xdc, 0xfc,
    0x7a, 0xf4, 0xdb, 0xfc, 0x77, 0xf4, 0xdc, 0xfb, 0x78, 0xf4, 0xdc, 0xfb, 0x78, 0xf4, 0xdc, 0xfb, 0x78, 0xf4, 0xdd, 0xfb, 0x7a, 0xf4, 0xdd, 0xfb,
    0x7c, 0xf4, 0xdb, 0xfc, 0x7c, 0xf3, 0xda, 0xfc, 0x7b, 0xf4, 0xdb, 0xfc, 0x7c, 0xf4, 0xdc, 0xfc, 0x78, 0xf2, 0xdb, 0xfb, 0x85, 0xff, 0xea, 0xfc,
    0x59, 0xb7, 0xa0, 0xfd, 0x0f, 0x21, 0x08, 0xfd, 0xa4, 0xb5, 0xaf, 0xfd, 0xd1, 0xdf, 0xdd, 0xfd, 0x47, 0x5c, 0x49, 0xfd, 0x02, 0x1c, 0x02, 0xfc,
    0x0c, 0x26, 0x0b, 0xfc, 0x00, 0x15, 0x00, 0xfd, 0x30, 0x47, 0x37, 0xfd, 0xa2, 0xab, 0xa5, 0xfd, 0x3f, 0x80, 0x69, 0xfd, 0x75, 0xfb, 0xe1, 0xfd,
    0x6b, 0xed, 0xd0, 0xfd, 0x66, 0xec, 0xcd, 0xfd, 0x61, 0xe9, 0xc8, 0xfd, 0x58, 0xe1, 0xbb, 0xfd, 0x50, 0xd5, 0xa6, 0xfd, 0x4f, 0xcd, 0x98, 0xfd,
    0x4e, 0xc5, 0x88, 0xfd, 0x5d, 0xd9, 0xa2, 0xfd, 0x2d, 0x4d, 0x31, 0xfd, 0x1c, 0x18, 0x00, 0xfd, 0x29, 0x2c, 0x03, 0xfd, 0x2e, 0x2f, 0x01, 0xfd,
    0x30, 0x31, 0x01, 0xfd, 0x32, 0x33, 0x01, 0xfd, 0x33, 0x34, 0x01, 0xfd, 0x34, 0x34, 0x01, 0xfd, 0x34, 0x35, 0x01, 0xfd, 0x35, 0x36, 0x01, 0xfd,
    0x35, 0x36, 0x01, 0xfd, 0x34, 0x36, 0x01, 0xfd, 0x35, 0x37, 0x01, 0xfd, 0x36, 0x38, 0x01, 0xfd, 0x37, 0x3a, 0x01, 0xfd, 0x38, 0x3b, 0x01, 0xfd,
    0x39, 0x3b, 0x01, 0xfd, 0x39, 0x3c, 0x01, 0xfd, 0x3a, 0x3e, 0x01, 0xfd, 0x3b, 0x3e, 0x01, 0xfd, 0x3e, 0x42, 0x03, 0xfd, 0x37, 0x36, 0x00, 0xfb,
    0x60, 0x7a, 0x2b, 0xff, 0xa7, 0xf8, 0x83, 0xdd, 0x00, 0x24, 0x00, 0x07, 0x00, 0x00, 0x00, 0x00, 0x00, 0xff, 0x00, 0x01, 0x00, 0x00, 0x00, 0x00,
    0x00, 0x00, 0x00, 0x00, 0x00, 0xff, 0x00, 0x01, 0x00, 0x00, 0x00, 0x00, 0x00, 0x1f, 0x00, 0x08, 0xa7, 0xf8, 0x86, 0xde, 0x62, 0x7d, 0x2c, 0xff,
    0x37, 0x38, 0x00, 0xfb, 0x3f, 0x44, 0x03, 0xfd, 0x3d, 0x3f, 0x02, 0xfd, 0x3c, 0x3f, 0x02, 0xfd, 0x3b, 0x3f, 0x02, 0xfd, 0x39, 0x3d, 0x01, 0xfd,
    0x3a, 0x3d, 0x02, 0xfd, 0x39, 0x3c, 0x02, 0xfd, 0x39, 0x3c, 0x02, 0xfd, 0x38, 0x3b, 0x02, 0xfd, 0x37, 0x3b, 0x01, 0xfd, 0x37, 0x39, 0x02, 0xfd,
    0x35, 0x38, 0x01, 0xfd, 0x33, 0x36, 0x01, 0xfd, 0x32, 0x36, 0x04, 0xfd, 0x27, 0x25, 0x00, 0xfd, 0x3b, 0x53, 0x36, 0xfd, 0x91, 0xfc, 0xf6, 0xfd,
    0x7e, 0xf7, 0xe6, 0xfd, 0x85, 0xf8, 0xea, 0xfd, 0x8e, 0xfa, 0xef, 0xfd, 0x92, 0xfa, 0xef, 0xfd, 0x91, 0xf9, 0xef, 0xfd, 0x91, 0xf9, 0xee, 0xfd,
    0x8f, 0xf9, 0xed, 0xfd, 0x8c, 0xf9, 0xec, 0xfd, 0x8a, 0xf8, 0xea, 0xfd, 0x89, 0xf8, 0xe8, 0xfd, 0x86, 0xf9, 0xe8, 0xfd, 0x84, 0xf9, 0xe6, 0xfd,
    0x82, 0xf8, 0xe6, 0xfd, 0x82, 0xf8, 0xe5, 0xfd, 0x81, 0xf7, 0xe2, 0xfd, 0x7f, 0xf5, 0xe0, 0xfc, 0x7e, 0xf4, 0xdf, 0xfc, 0x7d, 0xf4, 0xde, 0xfc,
    0x7d, 0xf5, 0xde, 0xfc, 0x7d, 0xf6, 0xdf, 0xfc, 0x7c, 0xf6, 0xde, 0xfc, 0x7c, 0xf5, 0xdd, 0xfc, 0x7c, 0xf5, 0xdd, 0xfc, 0x7c, 0xf5, 0xdd, 0xfc,
    0x7b, 0xf4, 0xdd, 0xfc, 0x7c, 0xf5, 0xdc, 0xfc, 0x7c, 0xf5, 0xdc, 0xfc, 0x7c, 0xf4, 0xdb, 0xfc, 0x7b, 0xf3, 0xda, 0xfc, 0x78, 0xf3, 0xdb, 0xfb,
    0x77, 0xf2, 0xdc, 0xfb, 0x77, 0xf3, 0xdc, 0xfb, 0x78, 0xf4, 0xdc, 0xfb, 0x79, 0xf3, 0xdc, 0xfb, 0x7b, 0xf3, 0xda, 0xfc, 0x7a, 0xf4, 0xdc, 0xfb,
    0x7a, 0xf4, 0xdd, 0xfb, 0x7a, 0xf4, 0xdd, 0xfb, 0x79, 0xf3, 0xdc, 0xfb, 0x87, 0xff, 0xeb, 0xfc, 0x19, 0x48, 0x33, 0xfd, 0x82, 0x8e, 0x84, 0xfd,
    0xfc, 0xff, 0xff, 0xfd, 0xf3, 0xff, 0xff, 0xfd, 0xa7, 0xb6, 0xb2, 0xfd, 0x00, 0x14, 0x00, 0xfc, 0x0b, 0x25, 0x09, 0xfc, 0x0d, 0x27, 0x0b, 0xfc,
    0x00, 0x10, 0x00, 0xfd, 0x7c, 0x92, 0x88, 0xfd, 0x92, 0xa3, 0xa1, 0xfd, 0x51, 0xb9, 0xa0, 0xfd, 0x75, 0xfb, 0xdf, 0xfd, 0x67, 0xea, 0xcc, 0xfd,
    0x62, 0xe9, 0xc8, 0xfd, 0x58, 0xe2, 0xbc, 0xfd, 0x4f, 0xd4, 0xa6, 0xfd, 0x4f, 0xcc, 0x96, 0xfd, 0x4e, 0xc3, 0x85, 0xfd, 0x5d, 0xda, 0x9e, 0xfd,
    0x35, 0x65, 0x46, 0xfd, 0x19, 0x14, 0x00, 0xfd, 0x28, 0x2b, 0x04, 0xfd, 0x2d, 0x2e, 0x01, 0xfd, 0x30, 0x30, 0x01, 0xfd, 0x31, 0x32, 0x01, 0xfd,
    0x32, 0x33, 0x01, 0xfd, 0x33, 0x34, 0x01, 0xfd, 0x35, 0x35, 0x01, 0xfd, 0x35, 0x36, 0x01, 0xfd, 0x35, 0x36, 0x01, 0xfd, 0x35, 0x36, 0x01, 0xfd,
    0x35, 0x36, 0x01, 0xfd, 0x36, 0x38, 0x01, 0xfd, 0x38, 0x3a, 0x01, 0xfd, 0x39, 0x3b, 0x01, 0xfd, 0x39, 0x3c, 0x01, 0xfd, 0x3a, 0x3d, 0x01, 0xfd,
    0x3b, 0x3e, 0x02, 0xfd, 0x3c, 0x3f, 0x02, 0xfd, 0x3e, 0x42, 0x03, 0xfd, 0x36, 0x37, 0x00, 0xfb, 0x61, 0x7b, 0x2b, 0xff, 0xa8, 0xf6, 0x85, 0xde,
    0x00, 0x24, 0x00, 0x07, 0x00, 0x00, 0x00, 0x00, 0x00, 0xff, 0x00, 0x01, 0x00, 0x00, 0x00, 0x00, 0x00, 0x00, 0x00, 0x00, 0x00, 0xff, 0x00, 0x01,
    0x00, 0x00, 0x00, 0x00, 0x00, 0x1f, 0x00, 0x08, 0xa5, 0xf5, 0x84, 0xdf, 0x62, 0x7d, 0x2b, 0xff, 0x37, 0x38, 0x00, 0xfb, 0x3f, 0x43, 0x03, 0xfd,
    0x3d, 0x3f, 0x02, 0xfd, 0x3c, 0x3f, 0x02, 0xfd, 0x3a, 0x3e, 0x01, 0xfd, 0x39, 0x3d, 0x01, 0xfd, 0x39, 0x3c, 0x01, 0xfd, 0x39, 0x3c, 0x02, 0xfd,
    0x39, 0x3b, 0x01, 0xfd, 0x38, 0x3a, 0x01, 0xfd, 0x36, 0x39, 0x01, 0xfd, 0x35, 0x38, 0x01, 0xfd, 0x34, 0x37, 0x02, 0xfd, 0x32, 0x35, 0x02, 0xfd,
    0x2f, 0x34, 0x03, 0xfd, 0x20, 0x1e, 0x00, 0xfd, 0x6b, 0xb2, 0xa5, 0xfd, 0x8a, 0xff, 0xf8, 0xfd, 0x7b, 0xf4, 0xe3, 0xfd, 0x88, 0xf9, 0xeb, 0xfd,
    0x8e, 0xfa, 0xed, 0xfd, 0x90, 0xfa, 0xee, 0xfd, 0x8e, 0xf9, 0xee, 0xfd, 0x8d, 0xf9, 0xec, 0xfd, 0x8b, 0xf9, 0xeb, 0xfd, 0x89, 0xf9, 0xea, 0xfd,
    0x88, 0xf9, 0xe9, 0xfd, 0x87, 0xf9, 0xe7, 0xfd, 0x83, 0xf9, 0xe6, 0xfd, 0x83, 0xf9, 0xe5, 0xfd, 0x82, 0xf8, 0xe4, 0xfd, 0x7e, 0xf4, 0xe0, 0xfd,
    0x83, 0xfd, 0xe8, 0xfc, 0x8a, 0xff, 0xf2, 0xfc, 0x8a, 0xff, 0xf3, 0xfc, 0x89, 0xff, 0xf1, 0xfc, 0x85, 0xff, 0xea, 0xfc, 0x7e, 0xf5, 0xde, 0xfc,
    0x7c, 0xf4, 0xdc, 0xfc, 0x7d, 0xf5, 0xde, 0xfc, 0x7d, 0xf5, 0xdd, 0xfc, 0x7c, 0xf5, 0xdd, 0xfc, 0x7b, 0xf4, 0xdc, 0xfc, 0x7c, 0xf4, 0xdc, 0xfc,
    0x7c, 0xf5, 0xdc, 0xfc, 0x7b, 0xf4, 0xdb, 0xfc, 0x7b, 0xf3, 0xdb, 0xfc, 0x7b, 0xf3, 0xdb, 0xfc, 0x79, 0xf3, 0xdc, 0xfb, 0x7a, 0xf3, 0xdb, 0xfc,
    0x7b, 0xf4, 0xda, 0xfc, 0x7a, 0xf3, 0xda, 0xfc, 0x7b, 0xf3, 0xda, 0xfc, 0x7a, 0xf4, 0xdd, 0xfb, 0x7a, 0xf4, 0xdd, 0xfb, 0x79, 0xf3, 0xdc, 0xfb,
    0x7e, 0xfb, 0xe3, 0xfb, 0x77, 0xe6, 0xcf, 0xfc, 0x05, 0x21, 0x08, 0xfd, 0xb6, 0xc7, 0xc4, 0xfd, 0xf0, 0xff, 0xff, 0xfd, 0xfd, 0xff, 0xff, 0xfd,
    0x79, 0x8b, 0x80, 0xfd, 0x00, 0x15, 0x00, 0xfd, 0x0c, 0x26, 0x09, 0xfd, 0x0a, 0x23, 0x05, 0xfd, 0x07, 0x21, 0x02, 0xfd, 0x19, 0x31, 0x16, 0xfd,
    0xd3, 0xde, 0xe0, 0xfd, 0x61, 0x9c, 0x8e, 0xfd, 0x6e, 0xf4, 0xd8, 0xfd, 0x69, 0xeb, 0xcd, 0xfd, 0x62, 0xe9, 0xc8, 0xfd, 0x59, 0xe2, 0xbc, 0xfd,
    0x50, 0xd4, 0xa5, 0xfd, 0x4f, 0xcc, 0x96, 0xfd, 0x4d, 0xc1, 0x83, 0xfd, 0x5a, 0xd6, 0x97, 0xfd, 0x3e, 0x7c, 0x58, 0xfd, 0x19, 0x12, 0x00, 0xfd,
    0x27, 0x2a, 0x04, 0xfd, 0x2c, 0x2d, 0x01, 0xfd, 0x30, 0x30, 0x01, 0xfd, 0x31, 0x31, 0x01, 0xfd, 0x32, 0x33, 0x01, 0xfd, 0x33, 0x34, 0x01, 0xfd,
    0x34, 0x35, 0x01, 0xfd, 0x34, 0x35, 0x01, 0xfd, 0x35, 0x36, 0x01, 0xfd, 0x34, 0x36, 0x01, 0xfd, 0x34, 0x36, 0x01, 0xfd, 0x36, 0x37, 0x01, 0xfd,
    0x38, 0x3a, 0x01, 0xfd, 0x39, 0x3b, 0x01, 0xfd, 0x39, 0x3c, 0x01, 0xfd, 0x3a, 0x3c, 0x01, 0xfd, 0x3b, 0x3e, 0x01, 0xfd, 0x3c, 0x3f, 0x02, 0xfd,
    0x3f, 0x42, 0x03, 0xfd, 0x36, 0x36, 0x00, 0xfb, 0x5f, 0x7a, 0x2a, 0xff, 0xa7, 0xf6, 0x83, 0xdd, 0x00, 0x2a, 0x00, 0x06, 0x00, 0x00, 0x00, 0x00,
    0x00, 0xff, 0x00, 0x01, 0x00, 0x00, 0x00, 0x00, 0x00, 0x00, 0x00, 0x00, 0x00, 0xff, 0x00, 0x01, 0x00, 0x00, 0x00, 0x00, 0x00, 0x00, 0x00, 0x07,
    0xa4, 0xf5, 0x82, 0xde, 0x62, 0x7d, 0x2b, 0xff, 0x37, 0x37, 0x00, 0xfb, 0x3f, 0x42, 0x03, 0xfd, 0x3c, 0x3f, 0x02, 0xfd, 0x3b, 0x3f, 0x02, 0xfd,
    0x3a, 0x3e, 0x01, 0xfd, 0x39, 0x3c, 0x01, 0xfd, 0x38, 0x3b, 0x01, 0xfd, 0x38, 0x3a, 0x01, 0xfd, 0x38, 0x3b, 0x01, 0xfd, 0x37, 0x3a, 0x01, 0xfd,
    0x35, 0x38, 0x01, 0xfd, 0x35, 0x37, 0x02, 0xfd, 0x33, 0x35, 0x02, 0xfd, 0x31, 0x35, 0x04, 0xfd, 0x28, 0x28, 0x00, 0xfd, 0x34, 0x45, 0x26, 0xfd,
    0x8b, 0xf7, 0xee, 0xfd, 0x7a, 0xf9, 0xe5, 0xfd, 0x80, 0xf8, 0xe7, 0xfd, 0x88, 0xf9, 0xeb, 0xfd, 0x8c, 0xf9, 0xed, 0xfd, 0x8d, 0xf9, 0xed, 0xfd,
    0x8d, 0xf9, 0xec, 0xfd, 0x8b, 0xf9, 0xeb, 0xfd, 0x88, 0xf9, 0xe9, 0xfd, 0x87, 0xf9, 0xe8, 0xfd, 0x85, 0xf9, 0xe7, 0xfd, 0x84, 0xf9, 0xe6, 0xfd,
    0x83, 0xf9, 0xe5, 0xfd, 0x82, 0xf8, 0xe4, 0xfd, 0x82, 0xf8, 0xe3, 0xfd, 0x8b, 0xff, 0xf1, 0xfd, 0x77, 0xe2, 0xd0, 0xfd, 0x57, 0xa7, 0x93, 0xfd,
    0x43, 0x88, 0x75, 0xfc, 0x46, 0x91, 0x7d, 0xfc, 0x64, 0xc3, 0xb1, 0xfc, 0x84, 0xff, 0xe8, 0xfd, 0x82, 0xfd, 0xe5, 0xfc, 0x7d, 0xf3, 0xdc, 0xfc,
    0x7e, 0xf5, 0xdd, 0xfc, 0x7c, 0xf4, 0xdc, 0xfc, 0x7b, 0xf4, 0xdb, 0xfc, 0x7b, 0xf4, 0xdb, 0xfc, 0x7c, 0xf5, 0xdc, 0xfc, 0x7a, 0xf4, 0xdb, 0xfc,
    0x79, 0xf3, 0xdd, 0xfb, 0x7b, 0xf4, 0xdd, 0xfb, 0x7a, 0xf4, 0xdd, 0xfb, 0x7a, 0xf4, 0xdc, 0xfb, 0x7a, 0xf4, 0xdc, 0xfb, 0x7a, 0xf3, 0xda, 0xfc,
    0x7b, 0xf5, 0xdb, 0xfc, 0x7a, 0xf4, 0xdb, 0xfc, 0x7a, 0xf3, 0xdd, 0xfb, 0x79, 0xf2, 0xdb, 0xfb, 0x82, 0xff, 0xe8, 0xfb, 0x65, 0xc6, 0xb1, 0xfc,
    0x00, 0x11, 0x00, 0xfd, 0x58, 0x6b, 0x5b, 0xfd, 0xd7, 0xe0, 0xdd, 0xfd, 0x99, 0xa9, 0xa1, 0xfd, 0x12, 0x2a, 0x0e, 0xfd, 0x08, 0x22, 0x04, 0xfc,
    0x0b, 0x23, 0x04, 0xfd, 0x0a, 0x23, 0x03, 0xfd, 0x0f, 0x2a, 0x07, 0xfd, 0x00, 0x1a, 0x00, 0xfd, 0xa8, 0xbb, 0xb6, 0xfd, 0xb0, 0xcf, 0xcd, 0xfd,
    0x60, 0xdc, 0xc0, 0xfd, 0x6d, 0xf1, 0xd3, 0xfd, 0x64, 0xe9, 0xca, 0xfc, 0x5a, 0xe2, 0xbc, 0xfd, 0x50, 0xd2, 0xa3, 0xfd, 0x4f, 0xca, 0x94, 0xfd,
    0x4d, 0xc0, 0x82, 0xfd, 0x5a, 0xd2, 0x90, 0xfd, 0x44, 0x8c, 0x66, 0xfd, 0x18, 0x12, 0x00, 0xfd, 0x27, 0x2a, 0x03, 0xfd, 0x2d, 0x2e, 0x01, 0xfd,
    0x30, 0x30, 0x01, 0xfd, 0x31, 0x32, 0x01, 0xfd, 0x32, 0x33, 0x01, 0xfd, 0x33, 0x34, 0x01, 0xfd, 0x34, 0x35, 0x01, 0xfd, 0x34, 0x35, 0x01, 0xfd,
    0x34, 0x35, 0x01, 0xfd, 0x34, 0x36, 0x01, 0xfd, 0x34, 0x36, 0x01, 0xfd, 0x34, 0x36, 0x01, 0xfd, 0x35, 0x38, 0x01, 0xfd, 0x37, 0x3a, 0x01, 0xfd,
    0x38, 0x3b, 0x01, 0xfd, 0x39, 0x3c, 0x01, 0xfd, 0x3a, 0x3d, 0x01, 0xfd, 0x3c, 0x3f, 0x01, 0xfd, 0x3e, 0x41, 0x03, 0xfd, 0x37, 0x36, 0x00, 0xfb,
    0x5f, 0x7b, 0x2a, 0xff, 0xa6, 0xf8, 0x83, 0xdb, 0x00, 0x00, 0x00, 0x05, 0x00, 0x00, 0x00, 0x00, 0x00, 0xff, 0x00, 0x01, 0x00, 0x00, 0x00, 0x00,
    0x00, 0x00, 0x00, 0x00, 0x00, 0xff, 0x00, 0x01, 0x00, 0x00, 0x00, 0x00, 0x00, 0x1f, 0x00, 0x08, 0xa5, 0xf5, 0x83, 0xdf, 0x62, 0x7c, 0x2b, 0xff,
    0x36, 0x36, 0x00, 0xfb, 0x3e, 0x42, 0x03, 0xfd, 0x3c, 0x3f, 0x01, 0xfd, 0x3b, 0x3f, 0x01, 0xfd, 0x3a, 0x3e, 0x01, 0xfd, 0x3a, 0x3d, 0x01, 0xfd,
    0x38, 0x3c, 0x02, 0xfd, 0x37, 0x3a, 0x01, 0xfd, 0x37, 0x3a, 0x01, 0xfd, 0x36, 0x39, 0x01, 0xfd, 0x35, 0x38, 0x01, 0xfd, 0x35, 0x37, 0x01, 0xfd,
    0x33, 0x35, 0x02, 0xfd, 0x31, 0x35, 0x05, 0xfd, 0x20, 0x1d, 0x00, 0xfd, 0x5b, 0x94, 0x82, 0xfd, 0x89, 0xff, 0xf9, 0xfd, 0x75, 0xf3, 0xdf, 0xfd,
    0x82, 0xf8, 0xe7, 0xfd, 0x89, 0xf9, 0xeb, 0xfd, 0x8b, 0xf9, 0xec, 0xfd, 0x8b, 0xf9, 0xeb, 0xfd, 0x8a, 0xf9, 0xeb, 0xfd, 0x88, 0xf9, 0xe9, 0xfd,
    0x86, 0xf9, 0xe8, 0xfd, 0x85, 0xf9, 0xe7, 0xfd, 0x84, 0xf9, 0xe6, 0xfd, 0x83, 0xf9, 0xe5, 0xfd, 0x81, 0xf8, 0xe4, 0xfc, 0x84, 0xf9, 0xe5, 0xfd,
    0x8a, 0xff, 0xed, 0xfd, 0x4b, 0x91, 0x81, 0xfd, 0x0a, 0x28, 0x10, 0xfd, 0x01, 0x18, 0x00, 0xfc, 0x00, 0x13, 0x00, 0xfc, 0x00, 0x12, 0x00, 0xfc,
    0x02, 0x17, 0x00, 0xfd, 0x29, 0x58, 0x46, 0xfd, 0x76, 0xe2, 0xcf, 0xfd, 0x84, 0xfd, 0xe6, 0xfd, 0x7c, 0xf3, 0xda, 0xfc, 0x7c, 0xf4, 0xdc, 0xfc,
    0x7a, 0xf3, 0xdc, 0xfc, 0x7a, 0xf5, 0xdd, 0xfb, 0x7b, 0xf5, 0xdb, 0xfc, 0x7a, 0xf4, 0xdb, 0xfc, 0x79, 0xf4, 0xdd, 0xfb, 0x7a, 0xf4, 0xdc, 0xfb,
    0x7a, 0xf4, 0xdc, 0xfb, 0x7a, 0xf4, 0xdc, 0xfb, 0x79, 0xf4, 0xdc, 0xfb, 0x7b, 0xf4, 0xdc, 0xfb, 0x7c, 0xf4, 0xdb, 0xfc, 0x7b, 0xf3, 0xdb, 0xfc,
    0x7a, 0xf4, 0xdd, 0xfb, 0x7a, 0xf2, 0xdb, 0xfb, 0x85, 0xff, 0xeb, 0xfb, 0x5b, 0xb5, 0x9f, 0xfc, 0x01, 0x16, 0x00, 0xfc, 0x01, 0x1e, 0x00, 0xfc,
    0x0e, 0x27, 0x0b, 0xfd, 0x00, 0x18, 0x00, 0xfd, 0x06, 0x21, 0x01, 0xfd, 0x0b, 0x24, 0x03, 0xfd, 0x0a, 0x24, 0x03, 0xfd, 0x0b, 0x25, 0x03, 0xfd,
    0x11, 0x2e, 0x0a, 0xfd, 0x01, 0x1f, 0x01, 0xfd, 0x7e, 0x94, 0x83, 0xfd, 0xe3, 0xf7, 0xfa, 0xfd, 0x6c, 0xd9, 0xc2, 0xfd, 0x6d, 0xf2, 0xd4, 0xfd,
    0x64, 0xe9, 0xc9, 0xfd, 0x5a, 0xe2, 0xbd, 0xfd, 0x4f, 0xd1, 0xa2, 0xfd, 0x4e, 0xc9, 0x91, 0xfd, 0x4d, 0xbe, 0x7d, 0xfd, 0x59, 0xcf, 0x8a, 0xfd,
    0x47, 0x94, 0x6c, 0xfd, 0x17, 0x12, 0x00, 0xfd, 0x26, 0x28, 0x03, 0xfd, 0x2d, 0x2d, 0x01, 0xfd, 0x30, 0x31, 0x02, 0xfd, 0x31, 0x32, 0x02, 0xfd,
    0x32, 0x32, 0x01, 0xfd, 0x33, 0x34, 0x01, 0xfd, 0x34, 0x35, 0x01, 0xfd, 0x33, 0x34, 0x01, 0xfd, 0x34, 0x35, 0x01, 0xfd, 0x34, 0x35, 0x01, 0xfd,
    0x35, 0x36, 0x01, 0xfd, 0x36, 0x37, 0x01, 0xfd, 0x36, 0x39, 0x01, 0xfd, 0x37, 0x3a, 0x01, 0xfd, 0x38, 0x3a, 0x01, 0xfd, 0x39, 0x3b, 0x01, 0xfd,
    0x3a, 0x3d, 0x01, 0xfd, 0x3c, 0x3f, 0x01, 0xfd, 0x3e, 0x41, 0x03, 0xfd, 0x37, 0x36, 0x00, 0xfb, 0x5f, 0x7a, 0x2a, 0xff, 0xa5, 0xf6, 0x82, 0xdd,
    0x00, 0x2a, 0x00, 0x06, 0x00, 0x00, 0x00, 0x00, 0x00, 0xff, 0x00, 0x01, 0x00, 0x00, 0x00, 0x00, 0x00, 0x00, 0x00, 0x00, 0x00, 0xff, 0x00, 0x01,
    0x00, 0x00, 0x00, 0x00, 0x00, 0x38, 0x00, 0x09, 0xa7, 0xf7, 0x86, 0xe0, 0x61, 0x7a, 0x2c, 0xff, 0x35, 0x35, 0x00, 0xfb, 0x3e, 0x41, 0x03, 0xfd,
    0x3c, 0x3f, 0x01, 0xfd, 0x3b, 0x3f, 0x01, 0xfd, 0x3a, 0x3d, 0x01, 0xfd, 0x39, 0x3c, 0x01, 0xfd, 0x38, 0x3b, 0x01, 0xfd, 0x37, 0x3a, 0x01, 0xfd,
    0x37, 0x39, 0x01, 0xfd, 0x36, 0x38, 0x01, 0xfd, 0x35, 0x38, 0x01, 0xfd, 0x34, 0x37, 0x01, 0xfd, 0x32, 0x34, 0x02, 0xfd, 0x2d, 0x30, 0x01, 0xfd,
    0x26, 0x29, 0x07, 0xfd, 0x7b, 0xdb, 0xcf, 0xfd, 0x79, 0xfd, 0xeb, 0xfd, 0x76, 0xf6, 0xe2, 0xfd, 0x82, 0xf8, 0xe7, 0xfd, 0x89, 0xf9, 0xeb, 0xfd,
    0x8a, 0xf9, 0xeb, 0xfd, 0x87, 0xf9, 0xe9, 0xfd, 0x89, 0xf9, 0xea, 0xfd, 0x88, 0xf9, 0xe9, 0xfd, 0x85, 0xf8, 0xe7, 0xfd, 0x83, 0xf9, 0xe6, 0xfd,
    0x82, 0xf9, 0xe5, 0xfd, 0x82, 0xf8, 0xe3, 0xfd, 0x83, 0xf8, 0xe3, 0xfd, 0x8a, 0xfc, 0xec, 0xfd, 0x37, 0x6f, 0x59, 0xfd, 0x00, 0x06, 0x00, 0xfd,
    0x10, 0x27, 0x0e, 0xfd, 0x02, 0x1d, 0x03, 0xfc, 0x09, 0x22, 0x0a, 0xfb, 0x09, 0x23, 0x0a, 0xfb, 0x09, 0x22, 0x08, 0xfb, 0x00, 0x10, 0x00, 0xfc,
    0x17, 0x38, 0x24, 0xfd, 0x78, 0xe5, 0xd2, 0xfd, 0x80, 0xfa, 0xe2, 0xfc, 0x7b, 0xf2, 0xda, 0xfc, 0x7a, 0xf4, 0xdd, 0xfb, 0x78, 0xf4, 0xdd, 0xfb,
    0x7a, 0xf4, 0xdb, 0xfc, 0x79, 0xf4, 0xdc, 0xfb, 0x79, 0xf4, 0xdc, 0xfb, 0x79, 0xf3, 0xdd, 0xfb, 0x7a, 0xf3, 0xdd, 0xfb, 0x7b, 0xf3, 0xdb, 0xfc,
    0x7b, 0xf4, 0xda, 0xfc, 0x7b, 0xf3, 0xda, 0xfc, 0x7c, 0xf3, 0xda, 0xfc, 0x7c, 0xf3, 0xdb, 0xfc, 0x7b, 0xf4, 0xdd, 0xfb, 0x7b, 0xf3, 0xdb, 0xfb,
    0x85, 0xff, 0xe9, 0xfc, 0x5e, 0xb9, 0xa3, 0xfc, 0x01, 0x16, 0x00, 0xfc, 0x0b, 0x25, 0x09, 0xfc, 0x08, 0x24, 0x04, 0xfd, 0x0b, 0x25, 0x05, 0xfd,
    0x0b, 0x24, 0x03, 0xfd, 0x0a, 0x24, 0x02, 0xfd, 0x0b, 0x25, 0x03, 0xfd, 0x0b, 0x26, 0x03, 0xfd, 0x12, 0x31, 0x0b, 0xfd, 0x07, 0x2e, 0x00, 0xfd,
    0x66, 0x88, 0x6e, 0xfd, 0xed, 0xff, 0xff, 0xfd, 0x85, 0xea, 0xd6, 0xfd, 0x69, 0xef, 0xd2, 0xfd, 0x68, 0xeb, 0xcb, 0xfd, 0x5c, 0xe4, 0xbf, 0xfd,
    0x50, 0xd3, 0xa4, 0xfd, 0x4d, 0xc9, 0x90, 0xfd, 0x4d, 0xbd, 0x7b, 0xfd, 0x59, 0xce, 0x87, 0xfd, 0x4b, 0x9b, 0x70, 0xfd, 0x17, 0x14, 0x00, 0xfd,
    0x25, 0x28, 0x03, 0xfd, 0x2d, 0x2d, 0x02, 0xfd, 0x30, 0x30, 0x01, 0xfd, 0x31, 0x31, 0x01, 0xfd, 0x32, 0x32, 0x01, 0xfd, 0x33, 0x33, 0x01, 0xfd,
    0x33, 0x33, 0x01, 0xfd, 0x33, 0x34, 0x01, 0xfd, 0x34, 0x35, 0x01, 0xfd, 0x34, 0x35, 0x01, 0xfd, 0x35, 0x36, 0x01, 0xfd, 0x36, 0x37, 0x01, 0xfd,
    0x37, 0x39, 0x01, 0xfd, 0x38, 0x3a, 0x01, 0xfd, 0x38, 0x3b, 0x01, 0xfd, 0x39, 0x3b, 0x01, 0xfd, 0x39, 0x3c, 0x01, 0xfd, 0x3b, 0x3e, 0x01, 0xfd,
    0x3e, 0x42, 0x03, 0xfd, 0x37, 0x37, 0x00, 0xfb, 0x5f, 0x79, 0x29, 0xff, 0xa4, 0xf5, 0x81, 0xde, 0x00, 0x24, 0x00, 0x07, 0x00, 0x00, 0x00, 0x00,
    0x00, 0xff, 0x00, 0x01, 0x00, 0x00, 0x00, 0x00, 0x00, 0x00, 0x00, 0x00, 0x00, 0xff, 0x00, 0x01, 0x00, 0x00, 0x00, 0x00, 0x00, 0x00, 0x00, 0x07,
    0xa6, 0xf6, 0x86, 0xde, 0x60, 0x7a, 0x2b, 0xff, 0x35, 0x35, 0x00, 0xfb, 0x3d, 0x41, 0x03, 0xfd, 0x3b, 0x3f, 0x01, 0xfd, 0x3b, 0x3f, 0x02, 0xfd,
    0x3a, 0x3e, 0x02, 0xfd, 0x3a, 0x3c, 0x02, 0xfd, 0x38, 0x3b, 0x01, 0xfd, 0x37, 0x3a, 0x01, 0xfd, 0x36, 0x38, 0x01, 0xfd, 0x35, 0x38, 0x01, 0xfd,
    0x35, 0x37, 0x02, 0xfd, 0x33, 0x36, 0x01, 0xfd, 0x32, 0x35, 0x04, 0xfd, 0x25, 0x23, 0x00, 0xfd, 0x3c, 0x59, 0x40, 0xfd, 0x87, 0xff, 0xf4, 0xfd,
    0x71, 0xf4, 0xdf, 0xfd, 0x78, 0xf8, 0xe5, 0xfd, 0x82, 0xf9, 0xe7, 0xfd, 0x87, 0xf9, 0xea, 0xfd, 0x87, 0xf9, 0xe9, 0xfd, 0x83, 0xf8, 0xe8, 0xfd,
    0x85, 0xfa, 0xe8, 0xfd, 0x86, 0xf9, 0xe7, 0xfd, 0x83, 0xf9, 0xe6, 0xfd, 0x81, 0xf8, 0xe4, 0xfd, 0x80, 0xf8, 0xe4, 0xfd, 0x7e, 0xf6, 0xe0, 0xfd,
    0x89, 0xff, 0xf1, 0xfd, 0x4f, 0x93, 0x83, 0xfd, 0x12, 0x19, 0x07, 0xfd, 0x8e, 0xa2, 0x96, 0xfd, 0xdd, 0xe6, 0xe5, 0xfd, 0x73, 0x83, 0x79, 0xfd,
    0x02, 0x16, 0x01, 0xfb, 0x09, 0x21, 0x08, 0xfb, 0x08, 0x20, 0x05, 0xfb, 0x0b, 0x26, 0x0a, 0xfc, 0x00, 0x11, 0x00, 0xfd, 0x2e, 0x5e, 0x49, 0xfd,
    0x84, 0xff, 0xe8, 0xfc, 0x7b, 0xf3, 0xd9, 0xfc, 0x7b, 0xf3, 0xdc, 0xfc, 0x79, 0xf3, 0xdd, 0xfb, 0x7a, 0xf4, 0xdd, 0xfb, 0x79, 0xf4, 0xdd, 0xfb,
    0x79, 0xf3, 0xdc, 0xfb, 0x79, 0xf4, 0xdd, 0xfb, 0x7a, 0xf4, 0xdd, 0xfb, 0x7b, 0xf3, 0xdc, 0xfc, 0x7c, 0xf4, 0xdb, 0xfc, 0x7d, 0xf4, 0xdb, 0xfc,
    0x7d, 0xf4, 0xda, 0xfc, 0x7c, 0xf4, 0xdc, 0xfb, 0x7b, 0xf4, 0xdd, 0xfb, 0x7b, 0xf3, 0xdb, 0xfb, 0x82, 0xff, 0xe6, 0xfc, 0x69, 0xcf, 0xb9, 0xfc,
    0x07, 0x20, 0x03, 0xfd, 0x09, 0x24, 0x03, 0xfd, 0x0b, 0x24, 0x04, 0xfd, 0x0a, 0x24, 0x03, 0xfd, 0x0b, 0x26, 0x03, 0xfd, 0x0c, 0x27, 0x03, 0xfd,
    0x0c, 0x28, 0x03, 0xfd, 0x0b, 0x27, 0x03, 0xfd, 0x15, 0x38, 0x0f, 0xfd, 0x0b, 0x3b, 0x07, 0xfd, 0x65, 0x90, 0x72, 0xfd, 0xf1, 0xff, 0xff, 0xfd,
    0x8f, 0xf2, 0xdf, 0xfd, 0x68, 0xee, 0xd1, 0xfd, 0x69, 0xec, 0xcd, 0xfd, 0x5e, 0xe5, 0xc2, 0xfd, 0x51, 0xd4, 0xa6, 0xfd, 0x4e, 0xc9, 0x91, 0xfd,
    0x4d, 0xbe, 0x7c, 0xfd, 0x58, 0xcd, 0x85, 0xfd, 0x4b, 0x9d, 0x70, 0xfd, 0x18, 0x14, 0x00, 0xfd, 0x24, 0x27, 0x03, 0xfd, 0x2b, 0x2c, 0x02, 0xfd,
    0x2f, 0x2f, 0x01, 0xfd, 0x31, 0x31, 0x01, 0xfd, 0x31, 0x32, 0x01, 0xfd, 0x30, 0x31, 0x01, 0xfc, 0x31, 0x32, 0x01, 0xfc, 0x34, 0x35, 0x01, 0xfd,
    0x34, 0x35, 0x01, 0xfd, 0x34, 0x35, 0x01, 0xfd, 0x35, 0x36, 0x01, 0xfd, 0x35, 0x37, 0x01, 0xfd, 0x36, 0x37, 0x01, 0xfd, 0x37, 0x38, 0x01, 0xfd,
    0x38, 0x3a, 0x01, 0xfd, 0x38, 0x3b, 0x01, 0xfd, 0x39, 0x3c, 0x01, 0xfd, 0x3a, 0x3d, 0x01, 0xfd, 0x3d, 0x41, 0x03, 0xfd, 0x37, 0x36, 0x00, 0xfb,
    0x60, 0x7a, 0x2a, 0xff, 0xa5, 0xf6, 0x82, 0xdc, 0x00, 0x00, 0x00, 0x06, 0x00, 0x00, 0x00, 0x00, 0x00, 0xff, 0x00, 0x01, 0x00, 0x00, 0x00, 0x00,
    0x00, 0x00, 0x00, 0x00, 0x00, 0xff, 0x00, 0x01, 0x00, 0x00, 0x00, 0x00, 0x00, 0x24, 0x00, 0x07, 0xa5, 0xf6, 0x85, 0xde, 0x61, 0x7b, 0x2b, 0xff,
    0x35, 0x35, 0x00, 0xfb, 0x3d, 0x41, 0x03, 0xfd, 0x3b, 0x3e, 0x01, 0xfd, 0x3a, 0x3d, 0x01, 0xfd, 0x3a, 0x3d, 0x01, 0xfd, 0x3a, 0x3d, 0x02, 0xfd,
    0x38, 0x3b, 0x02, 0xfd, 0x36, 0x39, 0x01, 0xfd, 0x36, 0x38, 0x01, 0xfd, 0x36, 0x39, 0x02, 0xfd, 0x35, 0x37, 0x01, 0xfd, 0x33, 0x34, 0x02, 0xfd,
    0x32, 0x35, 0x05, 0xfd, 0x20, 0x1c, 0x00, 0xfd, 0x5a, 0x9c, 0x8a, 0xfd, 0x80, 0xff, 0xf5, 0xfd, 0x71, 0xf2, 0xdd, 0xfd, 0x7a, 0xf8, 0xe5, 0xfd,
    0x83, 0xf9, 0xe8, 0xfd, 0x84, 0xf9, 0xe9, 0xfe, 0x84, 0xf9, 0xe8, 0xfd, 0x82, 0xf8, 0xe6, 0xfd, 0x81, 0xf8, 0xe6, 0xfd, 0x82, 0xf8, 0xe6, 0xfd,
    0x82, 0xf8, 0xe5, 0xfd, 0x81, 0xf8, 0xe4, 0xfd, 0x7d, 0xf6, 0xe2, 0xfd, 0x86, 0xff, 0xeb, 0xfd, 0x6d, 0xd6, 0xc3, 0xfd, 0x37, 0x48, 0x37, 0xfd,
    0x71, 0x82, 0x76, 0xfd, 0xf4, 0xff, 0xff, 0xfd, 0xeb, 0xff, 0xff, 0xfd, 0xd2, 0xe3, 0xe3, 0xfd, 0x0b, 0x22, 0x07, 0xfc, 0x07, 0x20, 0x04, 0xfc,
    0x09, 0x22, 0x04, 0xfc, 0x08, 0x20, 0x04, 0xfc, 0x09, 0x23, 0x07, 0xfc, 0x02, 0x15, 0x00, 0xfc, 0x61, 0xbe, 0xa9, 0xfd, 0x83, 0xff, 0xe7, 0xfc,
    0x7a, 0xf2, 0xdb, 0xfb, 0x7a, 0xf3, 0xdd, 0xfb, 0x7a, 0xf3, 0xdd, 0xfb, 0x7a, 0xf4, 0xdd, 0xfb, 0x7a, 0xf4, 0xdd, 0xfb, 0x79, 0xf4, 0xdd, 0xfb,
    0x7b, 0xf3, 0xdb, 0xfc, 0x7d, 0xf3, 0xdb, 0xfc, 0x7e, 0xf4, 0xdb, 0xfc, 0x7e, 0xf4, 0xdb, 0xfc, 0x7d, 0xf4, 0xdb, 0xfc, 0x7c, 0xf4, 0xdc, 0xfc,
    0x7c, 0xf5, 0xde, 0xfb, 0x7c, 0xf5, 0xde, 0xfb, 0x7e, 0xf8, 0xdf, 0xfc, 0x7a, 0xef, 0xd9, 0xfc, 0x17, 0x39, 0x1e, 0xfd, 0x07, 0x20, 0x01, 0xfd,
    0x0b, 0x26, 0x04, 0xfd, 0x0b, 0x26, 0x03, 0xfd, 0x0d, 0x29, 0x03, 0xfd, 0x0e, 0x2b, 0x04, 0xfd, 0x0e, 0x2d, 0x05, 0xfd, 0x0d, 0x2b, 0x02, 0xfd,
    0x1a, 0x47, 0x19, 0xfd, 0x0c, 0x46, 0x14, 0xfd, 0x84, 0xa6, 0x8f, 0xfd, 0xef, 0xff, 0xff, 0xfd, 0x81, 0xf0, 0xdb, 0xfd, 0x6d, 0xef, 0xd3, 0xfd,
    0x69, 0xeb, 0xcd, 0xfd, 0x60, 0xe7, 0xc5, 0xfd, 0x53, 0xd5, 0xa9, 0xfd, 0x4f, 0xca, 0x93, 0xfd, 0x4e, 0xbf, 0x7d, 0xfd, 0x55, 0xcb, 0x83, 0xfd,
    0x4d, 0xa1, 0x72, 0xfd, 0x18, 0x16, 0x00, 0xfd, 0x23, 0x26, 0x02, 0xfd, 0x2a, 0x2b, 0x01, 0xfd, 0x2e, 0x2f, 0x01, 0xfd, 0x30, 0x30, 0x01, 0xfd,
    0x31, 0x32, 0x01, 0xfd, 0x31, 0x32, 0x01, 0xfc, 0x32, 0x33, 0x01, 0xfd, 0x33, 0x34, 0x01, 0xfd, 0x34, 0x35, 0x01, 0xfd, 0x34, 0x35, 0x01, 0xfd,
    0x35, 0x36, 0x01, 0xfd, 0x35, 0x36, 0x01, 0xfd, 0x35, 0x37, 0x01, 0xfd, 0x37, 0x38, 0x01, 0xfd, 0x38, 0x3a, 0x01, 0xfd, 0x38, 0x3b, 0x01, 0xfd,
    0x39, 0x3c, 0x01, 0xfd, 0x3b, 0x3e, 0x01, 0xfd, 0x3d, 0x41, 0x03, 0xfd, 0x35, 0x35, 0x00, 0xfb, 0x5f, 0x79, 0x2a, 0xff, 0xa5, 0xf5, 0x82, 0xde,
    0x00, 0x24, 0x00, 0x07, 0x00, 0x00, 0x00, 0x00, 0x00, 0xff, 0x00, 0x01, 0x00, 0x00, 0x00, 0x00, 0x00, 0x00, 0x00, 0x00, 0x00, 0xff, 0x00, 0x01,
    0x00, 0x00, 0x00, 0x00, 0x00, 0x24, 0x00, 0x07, 0xa7, 0xf8, 0x87, 0xde, 0x61, 0x7b, 0x2c, 0xff, 0x34, 0x34, 0x00, 0xfb, 0x3d, 0x41, 0x03, 0xfd,
    0x3a, 0x3f, 0x01, 0xfd, 0x3a, 0x3d, 0x01, 0xfd, 0x3a, 0x3c, 0x01, 0xfd, 0x39, 0x3c, 0x01, 0xfd, 0x37, 0x3a, 0x01, 0xfd, 0x36, 0x39, 0x01, 0xfd,
    0x36, 0x39, 0x02, 0xfd, 0x36, 0x39, 0x02, 0xfd, 0x35, 0x36, 0x02, 0xfd, 0x32, 0x34, 0x02, 0xfd, 0x2e, 0x31, 0x01, 0xfd, 0x23, 0x25, 0x03, 0xfd,
    0x72, 0xd3, 0xc5, 0xfd, 0x76, 0xff, 0xe9, 0xfd, 0x71, 0xf4, 0xde, 0xfd, 0x7b, 0xf8, 0xe5, 0xfd, 0x83, 0xf9, 0xe8, 0xfd, 0x83, 0xf9, 0xe8, 0xfe,
    0x82, 0xf9, 0xe7, 0xfd, 0x80, 0xf8, 0xe5, 0xfd, 0x7e, 0xf8, 0xe5, 0xfd, 0x7e, 0xf8, 0xe5, 0xfd, 0x80, 0xf9, 0xe5, 0xfd, 0x7d, 0xf8, 0xe4, 0xfd,
    0x7c, 0xf5, 0xe0, 0xfd, 0x84, 0xff, 0xec, 0xfd, 0x5f, 0x9b, 0x8d, 0xfd, 0x4b, 0x52, 0x43, 0xfd, 0x9a, 0xae, 0xa2, 0xfd, 0xf6, 0xff, 0xff, 0xfd,
    0xf8, 0xff, 0xff, 0xfd, 0x9c, 0xac, 0xa4, 0xfd, 0x01, 0x15, 0x00, 0xfd, 0x0a, 0x23, 0x06, 0xfc, 0x09, 0x21, 0x03, 0xfc, 0x09, 0x20, 0x02, 0xfc,
    0x0a, 0x23, 0x06, 0xfd, 0x00, 0x13, 0x00, 0xfc, 0x34, 0x68, 0x53, 0xfd, 0x85, 0xff, 0xeb, 0xfc, 0x7a, 0xf1, 0xd8, 0xfc, 0x7a, 0xf3, 0xdd, 0xfb,
    0x79, 0xf3, 0xdd, 0xfb, 0x7a, 0xf4, 0xdc, 0xfb, 0x7a, 0xf4, 0xdc, 0xfb, 0x7c, 0xf3, 0xdb, 0xfc, 0x7c, 0xf3, 0xda, 0xfc, 0x7c, 0xf4, 0xdc, 0xfb,
    0x7e, 0xf4, 0xdc, 0xfc, 0x7f, 0xf4, 0xdc, 0xfc, 0x7c, 0xf2, 0xd9, 0xfc, 0x7e, 0xf5, 0xdc, 0xfc, 0x7e, 0xf4, 0xdc, 0xfc, 0x7d, 0xf5, 0xdc, 0xfc,
    0x7b, 0xf1, 0xd9, 0xfc, 0x83, 0xff, 0xeb, 0xfc, 0x3f, 0x83, 0x67, 0xfd, 0x05, 0x1a, 0x00, 0xfd, 0x0f, 0x2d, 0x08, 0xfd, 0x0d, 0x29, 0x04, 0xfd,
    0x0e, 0x2c, 0x04, 0xfd, 0x0f, 0x30, 0x06, 0xfd, 0x0f, 0x30, 0x05, 0xfd, 0x12, 0x39, 0x0a, 0xfd, 0x1e, 0x5b, 0x29, 0xfd, 0x14, 0x5b, 0x26, 0xfd,
    0xb6, 0xd1, 0xca, 0xfd, 0xd6, 0xff, 0xff, 0xfd, 0x71, 0xf0, 0xd8, 0xfd, 0x72, 0xef, 0xd6, 0xfd, 0x6a, 0xec, 0xcf, 0xfd, 0x63, 0xe8, 0xc7, 0xfd,
    0x57, 0xda, 0xb0, 0xfd, 0x4e, 0xcb, 0x95, 0xfd, 0x4e, 0xc0, 0x81, 0xfd, 0x57, 0xca, 0x83, 0xfd, 0x50, 0xa7, 0x76, 0xfd, 0x18, 0x17, 0x00, 0xfd,
    0x23, 0x25, 0x02, 0xfd, 0x2a, 0x2b, 0x02, 0xfd, 0x2d, 0x2e, 0x01, 0xfd, 0x2f, 0x2f, 0x01, 0xfd, 0x31, 0x31, 0x01, 0xfd, 0x32, 0x32, 0x01, 0xfd,
    0x32, 0x33, 0x01, 0xfd, 0x33, 0x33, 0x01, 0xfd, 0x34, 0x35, 0x01, 0xfd, 0x35, 0x36, 0x02, 0xfd, 0x35, 0x36, 0x01, 0xfd, 0x36, 0x36, 0x01, 0xfd,
    0x35, 0x37, 0x01, 0xfd, 0x37, 0x39, 0x02, 0xfd, 0x39, 0x3c, 0x02, 0xfd, 0x39, 0x3c, 0x01, 0xfd, 0x3a, 0x3c, 0x01, 0xfd, 0x3b, 0x3d, 0x01, 0xfd,
    0x3d, 0x41, 0x03, 0xfd, 0x35, 0x35, 0x00, 0xfb, 0x5f, 0x79, 0x2a, 0xff, 0xa6, 0xf6, 0x83, 0xdd, 0x00, 0x2a, 0x00, 0x06, 0x00, 0x00, 0x00, 0x00,
    0x00, 0xff, 0x00, 0x01, 0x00, 0x00, 0x00, 0x00, 0x00, 0x00, 0x00, 0x00, 0x00, 0xff, 0x00, 0x01, 0x00, 0x00, 0x00, 0x00, 0x00, 0x00, 0x00, 0x06,
    0xa8, 0xf9, 0x87, 0xdc, 0x60, 0x7a, 0x2b, 0xff, 0x34, 0x34, 0x00, 0xfb, 0x3c, 0x41, 0x03, 0xfd, 0x3b, 0x3f, 0x02, 0xfd, 0x3a, 0x3d, 0x01, 0xfd,
    0x39, 0x3c, 0x01, 0xfd, 0x39, 0x3b, 0x02, 0xfd, 0x37, 0x3a, 0x01, 0xfd, 0x36, 0x38, 0x01, 0xfd, 0x36, 0x38, 0x02, 0xfd, 0x36, 0x37, 0x02, 0xfd,
    0x34, 0x36, 0x02, 0xfd, 0x32, 0x35, 0x03, 0xfd, 0x28, 0x27, 0x00, 0xfd, 0x31, 0x43, 0x25, 0xfd, 0x7b, 0xf5, 0xe7, 0xfd, 0x6d, 0xf5, 0xde, 0xfd,
    0x73, 0xf5, 0xe0, 0xfd, 0x7b, 0xf8, 0xe4, 0xfd, 0x81, 0xf9, 0xe7, 0xfd, 0x83, 0xf9, 0xe7, 0xfd, 0x81, 0xf9, 0xe6, 0xfd, 0x7c, 0xf8, 0xe5, 0xfd,
    0x7c, 0xf8, 0xe5, 0xfd, 0x7c, 0xf9, 0xe5, 0xfd, 0x7c, 0xf8, 0xe4, 0xfd, 0x7b, 0xf8, 0xe3, 0xfd, 0x81, 0xfa, 0xe5, 0xfd, 0x6e, 0xeb, 0xd4, 0xfd,
    0x71, 0x94, 0x8a, 0xfd, 0x4e, 0x5e, 0x48, 0xfd, 0x37, 0x49, 0x39, 0xfd, 0xd7, 0xdc, 0xda, 0xfd, 0xa5, 0xb4, 0xae, 0xfd, 0x1a, 0x2d, 0x16, 0xfd,
    0x06, 0x1d, 0x02, 0xfc, 0x0a, 0x23, 0x03, 0xfc, 0x09, 0x22, 0x01, 0xfc, 0x0a, 0x22, 0x01, 0xfc, 0x0b, 0x23, 0x03, 0xfd, 0x06, 0x1d, 0x00, 0xfd,
    0x19, 0x3a, 0x1e, 0xfd, 0x7b, 0xee, 0xd8, 0xfc, 0x7c, 0xf5, 0xdd, 0xfc, 0x7a, 0xf3, 0xdc, 0xfb, 0x7b, 0xf3, 0xdd, 0xfb, 0x7a, 0xf3, 0xdd, 0xfb,
    0x7a, 0xf3, 0xdb, 0xfb, 0x7c, 0xf3, 0xda, 0xfc, 0x7c, 0xf3, 0xda, 0xfc, 0x7c, 0xf2, 0xda, 0xfc, 0x7d, 0xf2, 0xda, 0xfc, 0x7f, 0xf6, 0xdc, 0xfc,
    0x86, 0xff, 0xea, 0xfc, 0x80, 0xf7, 0xde, 0xfd, 0x7e, 0xf9, 0xe1, 0xfd, 0x7c, 0xf5, 0xdd, 0xfc, 0x7d, 0xf3, 0xda, 0xfc, 0x80, 0xfa, 0xe0, 0xfc,
    0x76, 0xe4, 0xcf, 0xfc, 0x15, 0x37, 0x15, 0xfd, 0x0d, 0x2b, 0x01, 0xfd, 0x13, 0x36, 0x0d, 0xfd, 0x10, 0x33, 0x08, 0xfd, 0x11, 0x34, 0x08, 0xfd,
    0x13, 0x3a, 0x0c, 0xfd, 0x21, 0x5d, 0x2c, 0xfd, 0x0d, 0x5e, 0x25, 0xfd, 0x51, 0x8c, 0x64, 0xfd, 0xf0, 0xff, 0xff, 0xfd, 0x90, 0xf3, 0xe4, 0xfd,
    0x74, 0xf1, 0xda, 0xfc, 0x76, 0xef, 0xd8, 0xfc, 0x6d, 0xec, 0xd2, 0xfd, 0x68, 0xea, 0xcc, 0xfd, 0x5d, 0xe1, 0xbb, 0xfd, 0x51, 0xce, 0x9c, 0xfd,
    0x4f, 0xc3, 0x87, 0xfd, 0x58, 0xca, 0x84, 0xfd, 0x53, 0xaf, 0x7e, 0xfc, 0x17, 0x18, 0x02, 0xfd, 0x22, 0x24, 0x01, 0xfd, 0x29, 0x2a, 0x02, 0xfd,
    0x2c, 0x2d, 0x01, 0xfd, 0x2e, 0x2e, 0x01, 0xfd, 0x30, 0x30, 0x01, 0xfd, 0x31, 0x31, 0x01, 0xfd, 0x32, 0x33, 0x01, 0xfd, 0x34, 0x34, 0x02, 0xfd,
    0x34, 0x35, 0x02, 0xfd, 0x34, 0x35, 0x01, 0xfd, 0x35, 0x35, 0x01, 0xfd, 0x36, 0x37, 0x01, 0xfd, 0x36, 0x38, 0x01, 0xfd, 0x37, 0x39, 0x02, 0xfd,
    0x38, 0x3a, 0x01, 0xfd, 0x39, 0x3b, 0x01, 0xfd, 0x39, 0x3b, 0x01, 0xfd, 0x3a, 0x3d, 0x01, 0xfd, 0x3c, 0x41, 0x03, 0xfd, 0x35, 0x34, 0x00, 0xfb,
    0x5f, 0x78, 0x2a, 0xff, 0xa6, 0xf6, 0x84, 0xde, 0x00, 0x24, 0x00, 0x07, 0x00, 0x00, 0x00, 0x00, 0x00, 0xff, 0x00, 0x01, 0x00, 0x00, 0x00, 0x00,
    0x00, 0x00, 0x00, 0x00, 0x00, 0xff, 0x00, 0x01, 0x00, 0x00, 0x00, 0x00, 0x00, 0x1f, 0x00, 0x08, 0xa5, 0xf6, 0x84, 0xdf, 0x61, 0x7c, 0x2b, 0xff,
    0x35, 0x35, 0x00, 0xfb, 0x3d, 0x41, 0x03, 0xfd, 0x3a, 0x3e, 0x02, 0xfd, 0x3a, 0x3c, 0x01, 0xfd, 0x39, 0x3c, 0x02, 0xfd, 0x39, 0x3c, 0x02, 0xfd,
    0x37, 0x39, 0x01, 0xfd, 0x36, 0x38, 0x02, 0xfd, 0x36, 0x38, 0x02, 0xfd, 0x35, 0x37, 0x02, 0xfd, 0x33, 0x34, 0x01, 0xfd, 0x31, 0x35, 0x05, 0xfd,
    0x23, 0x1f, 0x00, 0xfd, 0x42, 0x6b, 0x55, 0xfd, 0x7b, 0xff, 0xf1, 0xfd, 0x6a, 0xf0, 0xd9, 0xfd, 0x72, 0xf6, 0xe0, 0xfd, 0x79, 0xf8, 0xe4, 0xfd,
    0x81, 0xf9, 0xe6, 0xfd, 0x7e, 0xf8, 0xe6, 0xfd, 0x7c, 0xf8, 0xe5, 0xfd, 0x7a, 0xf7, 0xe3, 0xfd, 0x7a, 0xf8, 0xe3, 0xfd, 0x7b, 0xf8, 0xe4, 0xfd,
    0x7c, 0xf9, 0xe3, 0xfd, 0x7b, 0xf7, 0xe1, 0xfd, 0x82, 0xff, 0xe9, 0xfd, 0x64, 0xd6, 0xbf, 0xfd, 0x90, 0xa8, 0xa4, 0xfd, 0x48, 0x5d, 0x48, 0xfd,
    0x00, 0x11, 0x00, 0xfd, 0x0d, 0x22, 0x08, 0xfd, 0x02, 0x1a, 0x00, 0xfd, 0x05, 0x1c, 0x00, 0xfd, 0x0a, 0x22, 0x02, 0xfd, 0x0a, 0x22, 0x02, 0xfc,
    0x0a, 0x22, 0x01, 0xfd, 0x0b, 0x24, 0x02, 0xfc, 0x0c, 0x25, 0x03, 0xfd, 0x0d, 0x28, 0x02, 0xfd, 0x0f, 0x2a, 0x08, 0xfd, 0x6c, 0xd5, 0xbf, 0xfc,
    0x7f, 0xfb, 0xe2, 0xfc, 0x7b, 0xf2, 0xdb, 0xfb, 0x7b, 0xf3, 0xdd, 0xfb, 0x7a, 0xf4, 0xdd, 0xfb, 0x7f, 0xfa, 0xe1, 0xfc, 0x7f, 0xf9, 0xe0, 0xfc,
    0x80, 0xfa, 0xe0, 0xfc, 0x83, 0xff, 0xe5, 0xfc, 0x87, 0xff, 0xed, 0xfc, 0x84, 0xfd, 0xe6, 0xfc, 0x57, 0xad, 0x99, 0xfd, 0x18, 0x36, 0x29, 0xfd,
    0x43, 0x8c, 0x75, 0xfd, 0x83, 0xff, 0xe9, 0xfc, 0x7c, 0xf2, 0xd9, 0xfc, 0x7c, 0xf2, 0xd8, 0xfc, 0x82, 0xff, 0xe8, 0xfc, 0x5f, 0xc1, 0xa8, 0xfd,
    0x13, 0x35, 0x0d, 0xfd, 0x0f, 0x31, 0x01, 0xfd, 0x16, 0x41, 0x11, 0xfd, 0x17, 0x4a, 0x17, 0xfd, 0x1a, 0x56, 0x21, 0xfd, 0x0f, 0x55, 0x1e, 0xfd,
    0x3a, 0x76, 0x48, 0xfd, 0xd0, 0xe9, 0xe5, 0xfd, 0xa0, 0xfb, 0xec, 0xfd, 0x73, 0xf6, 0xda, 0xfd, 0x7c, 0xf6, 0xdd, 0xfc, 0x77, 0xf4, 0xd9, 0xfc,
    0x71, 0xf1, 0xd4, 0xfd, 0x6b, 0xec, 0xd0, 0xfd, 0x65, 0xe7, 0xc7, 0xfd, 0x57, 0xd7, 0xaa, 0xfd, 0x51, 0xc9, 0x91, 0xfd, 0x54, 0xc7, 0x84, 0xfd,
    0x5a, 0xbc, 0x89, 0xfd, 0x1c, 0x22, 0x0b, 0xfd, 0x1f, 0x1f, 0x00, 0xfd, 0x29, 0x2a, 0x02, 0xfd, 0x2d, 0x2d, 0x01, 0xfd, 0x2e, 0x2e, 0x01, 0xfd,
    0x30, 0x30, 0x01, 0xfd, 0x32, 0x32, 0x01, 0xfd, 0x32, 0x32, 0x01, 0xfd, 0x32, 0x33, 0x01, 0xfd, 0x33, 0x33, 0x01, 0xfd, 0x33, 0x33, 0x01, 0xfd,
    0x34, 0x35, 0x01, 0xfd, 0x36, 0x37, 0x01, 0xfd, 0x37, 0x38, 0x01, 0xfd, 0x37, 0x39, 0x01, 0xfd, 0x37, 0x39, 0x01, 0xfd, 0x38, 0x3a, 0x01, 0xfd,
    0x3a, 0x3d, 0x01, 0xfd, 0x3b, 0x3f, 0x02, 0xfd, 0x3c, 0x41, 0x03, 0xfd, 0x35, 0x35, 0x00, 0xfb, 0x60, 0x79, 0x2a, 0xff, 0xa6, 0xf6, 0x82, 0xde,
    0x00, 0x24, 0x00, 0x07, 0x00, 0x00, 0x00, 0x00, 0x00, 0xff, 0x00, 0x01, 0x00, 0x00, 0x00, 0x00, 0x00, 0x00, 0x00, 0x00, 0x00, 0xff, 0x00, 0x01,
    0x00, 0x00, 0x00, 0x00, 0x1c, 0x38, 0x00, 0x09, 0xa7, 0xf7, 0x85, 0xe0, 0x62, 0x7c, 0x2c, 0xff, 0x35, 0x35, 0x00, 0xfb, 0x3c, 0x41, 0x03, 0xfd,
    0x3b, 0x3e, 0x02, 0xfd, 0x39, 0x3d, 0x01, 0xfd, 0x39, 0x3c, 0x02, 0xfd, 0x39, 0x3b, 0x02, 0xfd, 0x37, 0x39, 0x01, 0xfd, 0x36, 0x38, 0x01, 0xfd,
    0x36, 0x38, 0x02, 0xfd, 0x34, 0x36, 0x01, 0xfd, 0x32, 0x33, 0x01, 0xfd, 0x30, 0x34, 0x05, 0xfd, 0x1f, 0x19, 0x00, 0xfd, 0x53, 0x99, 0x86, 0xfd,
    0x77, 0xff, 0xef, 0xfd, 0x69, 0xef, 0xd7, 0xfd, 0x72, 0xf6, 0xe0, 0xfd, 0x7a, 0xf8, 0xe3, 0xfd, 0x7e, 0xf8, 0xe5, 0xfd, 0x7c, 0xf8, 0xe5, 0xfd,
    0x7b, 0xf8, 0xe4, 0xfd, 0x7a, 0xf7, 0xe3, 0xfd, 0x7b, 0xf8, 0xe3, 0xfd, 0x7b, 0xf8, 0xe3, 0xfd, 0x7b, 0xf8, 0xe3, 0xfd, 0x7a, 0xf6, 0xe1, 0xfd,
    0x81, 0xff, 0xe9, 0xfd, 0x60, 0xd1, 0xbb, 0xfd, 0xba, 0xc9, 0xc7, 0xfd, 0x4a, 0x5c, 0x49, 0xfd, 0x02, 0x17, 0x02, 0xfd, 0x0c, 0x24, 0x04, 0xfd,
    0x0b, 0x23, 0x04, 0xfd, 0x0c, 0x24, 0x03, 0xfd, 0x0b, 0x23, 0x02, 0xfd, 0x0b, 0x24, 0x02, 0xfd, 0x0b, 0x24, 0x02, 0xfd, 0x0c, 0x26, 0x03, 0xfd,
    0x0d, 0x27, 0x03, 0xfd, 0x10, 0x2d, 0x06, 0xfd, 0x0f, 0x2b, 0x04, 0xfd, 0x6a, 0xcd, 0xb5, 0xfc, 0x81, 0xfd, 0xe4, 0xfc, 0x7b, 0xf1, 0xda, 0xfb,
    0x7c, 0xf4, 0xdd, 0xfb, 0x82, 0xfa, 0xe2, 0xfb, 0x75, 0xe4, 0xcd, 0xfd, 0x78, 0xe8, 0xd3, 0xfd, 0x77, 0xe6, 0xd1, 0xfd, 0x6c, 0xcf, 0xbb, 0xfd,
    0x4d, 0x9e, 0x88, 0xfd, 0x20, 0x4b, 0x36, 0xfc, 0x04, 0x19, 0x00, 0xfc, 0x00, 0x0f, 0x00, 0xfc, 0x22, 0x4c, 0x35, 0xfd, 0x82, 0xff, 0xe6, 0xfc,
    0x7b, 0xf2, 0xda, 0xfc, 0x7a, 0xf4, 0xdd, 0xfb, 0x7b, 0xf2, 0xd9, 0xfc, 0x83, 0xff, 0xe9, 0xfc, 0x68, 0xd1, 0xb9, 0xfd, 0x32, 0x72, 0x4c, 0xfd,
    0x1d, 0x52, 0x22, 0xfd, 0x1b, 0x54, 0x22, 0xfd, 0x28, 0x64, 0x34, 0xfd, 0x5d, 0x95, 0x72, 0xfd, 0xaa, 0xe8, 0xdb, 0xfd, 0x8e, 0xfd, 0xe9, 0xfd,
    0x74, 0xec, 0xe0, 0xfd, 0x81, 0xda, 0xee, 0xfd, 0x80, 0xd0, 0xf1, 0xfd, 0x81, 0xd1, 0xf2, 0xfd, 0x7b, 0xde, 0xe8, 0xfd, 0x71, 0xee, 0xd5, 0xfd,
    0x69, 0xeb, 0xcd, 0xfd, 0x5d, 0xe1, 0xbd, 0xfd, 0x51, 0xcf, 0x9e, 0xfd, 0x53, 0xc6, 0x89, 0xfd, 0x60, 0xcf, 0x97, 0xfd, 0x24, 0x38, 0x1e, 0xfd,
    0x1b, 0x19, 0x01, 0xfd, 0x28, 0x29, 0x03, 0xfd, 0x2d, 0x2e, 0x02, 0xfd, 0x2f, 0x2f, 0x01, 0xfd, 0x30, 0x30, 0x01, 0xfd, 0x32, 0x32, 0x01, 0xfd,
    0x31, 0x32, 0x01, 0xfd, 0x32, 0x33, 0x01, 0xfd, 0x33, 0x33, 0x01, 0xfd, 0x33, 0x34, 0x01, 0xfd, 0x35, 0x35, 0x01, 0xfd, 0x36, 0x37, 0x01, 0xfd,
    0x36, 0x38, 0x01, 0xfd, 0x37, 0x39, 0x01, 0xfd, 0x38, 0x3a, 0x01, 0xfd, 0x38, 0x3a, 0x02, 0xfd, 0x3a, 0x3d, 0x02, 0xfd, 0x3b, 0x3f, 0x02, 0xfd,
    0x3d, 0x41, 0x03, 0xfd, 0x36, 0x36, 0x00, 0xfb, 0x5f, 0x7a, 0x2a, 0xff, 0xa5, 0xf5, 0x81, 0xde, 0x00, 0x24, 0x00, 0x07, 0x00, 0x00, 0x00, 0x00,
    0x00, 0xff, 0x00, 0x01, 0x00, 0x00, 0x00, 0x00, 0x00, 0x00, 0x00, 0x00, 0x00, 0xff, 0x00, 0x01, 0x00, 0x00, 0x00, 0x00, 0x00, 0x00, 0x00, 0x07,
    0xa7, 0xf8, 0x84, 0xdd, 0x61, 0x7b, 0x2b, 0xff, 0x34, 0x34, 0x00, 0xfb, 0x3c, 0x41, 0x03, 0xfd, 0x3a, 0x3e, 0x01, 0xfd, 0x39, 0x3d, 0x01, 0xfd,
    0x39, 0x3b, 0x02, 0xfd, 0x39, 0x3b, 0x02, 0xfd, 0x37, 0x39, 0x01, 0xfd, 0x36, 0x38, 0x01, 0xfd, 0x35, 0x37, 0x01, 0xfd, 0x33, 0x35, 0x01, 0xfd,
    0x31, 0x33, 0x01, 0xfd, 0x2e, 0x31, 0x03, 0xfd, 0x1f, 0x1d, 0x00, 0xfd, 0x61, 0xbf, 0xad, 0xfd, 0x71, 0xff, 0xe8, 0xfd, 0x6a, 0xf0, 0xd8, 0xfd,
    0x73, 0xf6, 0xe0, 0xfd, 0x79, 0xf8, 0xe3, 0xfd, 0x7b, 0xf9, 0xe5, 0xfd, 0x7b, 0xf8, 0xe4, 0xfd, 0x7b, 0xf8, 0xe3, 0xfd, 0x7a, 0xf8, 0xe3, 0xfd,
    0x7a, 0xf7, 0xe2, 0xfd, 0x7b, 0xf7, 0xe2, 0xfd, 0x7c, 0xf8, 0xe2, 0xfd, 0x7a, 0xf6, 0xe0, 0xfd, 0x7c, 0xfc, 0xe5, 0xfd, 0x6b, 0xdb, 0xc5, 0xfd,
    0xcc, 0xe2, 0xe3, 0xfd, 0x5c, 0x71, 0x60, 0xfd, 0x01, 0x1a, 0x01, 0xfd, 0x12, 0x2a, 0x08, 0xfd, 0x0d, 0x26, 0x04, 0xfd, 0x0c, 0x26, 0x03, 0xfd,
    0x0d, 0x27, 0x03, 0xfd, 0x0d, 0x28, 0x04, 0xfd, 0x0e, 0x29, 0x03, 0xfd, 0x0f, 0x2b, 0x04, 0xfd, 0x0f, 0x2c, 0x05, 0xfd, 0x13, 0x36, 0x0a, 0xfd,
    0x13, 0x36, 0x0b, 0xfd, 0x6d, 0xd5, 0xbc, 0xfc, 0x81, 0xfc, 0xe3, 0xfc, 0x7c, 0xf0, 0xd8, 0xfc, 0x84, 0xff, 0xe7, 0xfc, 0x62, 0xbf, 0xaa, 0xfc,
    0x0a, 0x20, 0x10, 0xfd, 0x12, 0x30, 0x18, 0xfd, 0x11, 0x30, 0x15, 0xfd, 0x06, 0x1a, 0x04, 0xfc, 0x00, 0x14, 0x00, 0xfc, 0x02, 0x15, 0x00, 0xfc,
    0x0b, 0x25, 0x08, 0xfc, 0x04, 0x1a, 0x03, 0xfc, 0x32, 0x69, 0x51, 0xfc, 0x82, 0xff, 0xea, 0xfc, 0x7a, 0xf2, 0xd9, 0xfc, 0x7b, 0xf3, 0xdb, 0xfc,
    0x7c, 0xf4, 0xdb, 0xfc, 0x7c, 0xf1, 0xd8, 0xfc, 0x80, 0xfc, 0xe4, 0xfc, 0x81, 0xff, 0xe7, 0xfc, 0x70, 0xe4, 0xcc, 0xfd, 0x6a, 0xda, 0xc1, 0xfd,
    0x7b, 0xe9, 0xd2, 0xfd, 0x8b, 0xff, 0xea, 0xfd, 0x78, 0xf4, 0xe7, 0xfd, 0x7b, 0xd0, 0xef, 0xfd, 0x8b, 0xbf, 0xfc, 0xfd, 0x95, 0xc1, 0xfd, 0xfd,
    0x97, 0xc3, 0xfd, 0xfd, 0x84, 0xb8, 0xfd, 0xfd, 0x87, 0xb8, 0xff, 0xfd, 0x7b, 0xd2, 0xed, 0xfd, 0x6b, 0xee, 0xd0, 0xfd, 0x65, 0xe8, 0xcb, 0xfd,
    0x5a, 0xde, 0xb7, 0xfd, 0x50, 0xca, 0x95, 0xfd, 0x5f, 0xdb, 0x9f, 0xfd, 0x38, 0x6c, 0x4c, 0xfd, 0x16, 0x10, 0x00, 0xfd, 0x26, 0x2a, 0x04, 0xfd,
    0x2b, 0x2c, 0x02, 0xfd, 0x2d, 0x2e, 0x02, 0xfd, 0x2f, 0x30, 0x01, 0xfd, 0x31, 0x32, 0x01, 0xfd, 0x31, 0x32, 0x01, 0xfd, 0x32, 0x32, 0x01, 0xfd,
    0x34, 0x34, 0x01, 0xfd, 0x34, 0x35, 0x01, 0xfd, 0x34, 0x34, 0x01, 0xfc, 0x35, 0x36, 0x01, 0xfd, 0x36, 0x37, 0x01, 0xfd, 0x37, 0x39, 0x01, 0xfd,
    0x38, 0x3a, 0x01, 0xfd, 0x38, 0x3a, 0x01, 0xfd, 0x39, 0x3d, 0x01, 0xfd, 0x3b, 0x3f, 0x02, 0xfd, 0x3e, 0x41, 0x03, 0xfd, 0x36, 0x36, 0x00, 0xfb,
    0x5e, 0x79, 0x29, 0xff, 0xa5, 0xf5, 0x82, 0xdd, 0x00, 0x00, 0x00, 0x06, 0x00, 0x00, 0x00, 0x00, 0x00, 0xff, 0x00, 0x01, 0x00, 0x00, 0x00, 0x00,
    0x00, 0x00, 0x00, 0x00, 0x00, 0xff, 0x00, 0x01, 0x00, 0x00, 0x00, 0x00, 0x00, 0x00, 0x00, 0x06, 0xa5, 0xf6, 0x83, 0xdd, 0x61, 0x7b, 0x2b, 0xff,
    0x35, 0x34, 0x00, 0xfb, 0x3d, 0x41, 0x03, 0xfd, 0x39, 0x3d, 0x01, 0xfd, 0x39, 0x3c, 0x01, 0xfd, 0x38, 0x3b, 0x02, 0xfd, 0x38, 0x3b, 0x02, 0xfd,
    0x38, 0x3a, 0x02, 0xfd, 0x36, 0x38, 0x01, 0xfd, 0x34, 0x36, 0x01, 0xfd, 0x32, 0x34, 0x01, 0xfd, 0x31, 0x32, 0x02, 0xfd, 0x2b, 0x2d, 0x00, 0xfd,
    0x24, 0x28, 0x07, 0xfd, 0x6b, 0xda, 0xc8, 0xfd, 0x6d, 0xf9, 0xe0, 0xfd, 0x6c, 0xf1, 0xd9, 0xfd, 0x73, 0xf5, 0xdf, 0xfd, 0x79, 0xf7, 0xe2, 0xfd,
    0x7b, 0xf8, 0xe4, 0xfd, 0x7b, 0xf8, 0xe4, 0xfd, 0x7b, 0xf8, 0xe3, 0xfd, 0x79, 0xf7, 0xe2, 0xfd, 0x79, 0xf7, 0xe2, 0xfd, 0x79, 0xf7, 0xe2, 0xfd,
    0x7a, 0xf7, 0xe1, 0xfd, 0x7a, 0xf6, 0xe0, 0xfd, 0x7c, 0xf9, 0xe2, 0xfd, 0x75, 0xec, 0xd5, 0xfd, 0xd2, 0xf7, 0xf8, 0xfd, 0x96, 0xa9, 0x9b, 0xfd,
    0x03, 0x21, 0x00, 0xfd, 0x15, 0x32, 0x0c, 0xfd, 0x0f, 0x2c, 0x04, 0xfd, 0x0e, 0x2a, 0x04, 0xfd, 0x0e, 0x2a, 0x04, 0xfd, 0x0f, 0x2c, 0x05, 0xfd,
    0x10, 0x2f, 0x05, 0xfd, 0x10, 0x30, 0x06, 0xfd, 0x12, 0x32, 0x08, 0xfd, 0x14, 0x3a, 0x0c, 0xfd, 0x1d, 0x48, 0x22, 0xfd, 0x79, 0xeb, 0xd5, 0xfc,
    0x7f, 0xf8, 0xdf, 0xfc, 0x7c, 0xf2, 0xd9, 0xfc, 0x84, 0xff, 0xe8, 0xfc, 0x5e, 0xb9, 0xa4, 0xfc, 0x00, 0x0f, 0x00, 0xfd, 0x08, 0x21, 0x02, 0xfc,
    0x06, 0x1b, 0x00, 0xfc, 0x0d, 0x2a, 0x07, 0xfc, 0x13, 0x30, 0x0e, 0xfc, 0x15, 0x38, 0x11, 0xfc, 0x13, 0x34, 0x10, 0xfc, 0x06, 0x1a, 0x00, 0xfc,
    0x5b, 0xb5, 0x9a, 0xfc, 0x82, 0xff, 0xe9, 0xfc, 0x7b, 0xf2, 0xd9, 0xfc, 0x7b, 0xf3, 0xda, 0xfc, 0x7b, 0xf2, 0xda, 0xfc, 0x7c, 0xf3, 0xda, 0xfc,
    0x7b, 0xf2, 0xdb, 0xfb, 0x7b, 0xf3, 0xdb, 0xfc, 0x7f, 0xfa, 0xe2, 0xfc, 0x7e, 0xfa, 0xe5, 0xfd, 0x79, 0xf9, 0xdf, 0xfd, 0x78, 0xea, 0xe0, 0xfd,
    0x86, 0xc0, 0xf9, 0xfd, 0x8b, 0xbb, 0xff, 0xfd, 0x87, 0xbd, 0xfb, 0xfd, 0xae, 0xd4, 0xfb, 0xfd, 0xa9, 0xd2, 0xfc, 0xfd, 0x83, 0xbd, 0xfa, 0xfd,
    0x87, 0xbc, 0xfc, 0xfd, 0x80, 0xc0, 0xf7, 0xfd, 0x6e, 0xee, 0xd5, 0xfd, 0x6a, 0xeb, 0xcf, 0xfd, 0x66, 0xe9, 0xca, 0xfd, 0x59, 0xdb, 0xb2, 0xfd,
    0x55, 0xd4, 0x9d, 0xfd, 0x54, 0xbd, 0x93, 0xfd, 0x1c, 0x1f, 0x08, 0xfd, 0x20, 0x22, 0x02, 0xfd, 0x28, 0x2a, 0x03, 0xfd, 0x2c, 0x2c, 0x02, 0xfd,
    0x2f, 0x2f, 0x01, 0xfd, 0x31, 0x31, 0x01, 0xfd, 0x32, 0x32, 0x01, 0xfd, 0x32, 0x32, 0x01, 0xfd, 0x33, 0x33, 0x01, 0xfd, 0x34, 0x34, 0x01, 0xfd,
    0x33, 0x34, 0x01, 0xfc, 0x34, 0x35, 0x01, 0xfd, 0x36, 0x37, 0x01, 0xfd, 0x37, 0x39, 0x01, 0xfd, 0x37, 0x39, 0x01, 0xfd, 0x39, 0x3a, 0x01, 0xfd,
    0x3a, 0x3c, 0x01, 0xfd, 0x3a, 0x3e, 0x01, 0xfd, 0x3d, 0x41, 0x03, 0xfd, 0x35, 0x34, 0x00, 0xfb, 0x5e, 0x79, 0x2a, 0xff, 0xa5, 0xf6, 0x84, 0xdc,
    0x00, 0x00, 0x00, 0x06, 0x00, 0x00, 0x00, 0x00, 0x00, 0xff, 0x00, 0x01, 0x00, 0x00, 0x00, 0x00, 0x00, 0x00, 0x00, 0x00, 0x00, 0xff, 0x00, 0x01,
    0x00, 0x00, 0x00, 0x00, 0x00, 0x00, 0x00, 0x07, 0xa3, 0xf6, 0x83, 0xdd, 0x60, 0x7a, 0x2a, 0xff, 0x36, 0x35, 0x00, 0xfb, 0x3d, 0x41, 0x03, 0xfd,
    0x3a, 0x3d, 0x01, 0xfd, 0x3a, 0x3d, 0x02, 0xfd, 0x39, 0x3c, 0x02, 0xfd, 0x37, 0x3a, 0x01, 0xfd, 0x37, 0x39, 0x02, 0xfd, 0x36, 0x38, 0x01, 0xfd,
    0x35, 0x36, 0x01, 0xfd, 0x33, 0x35, 0x01, 0xfd, 0x31, 0x33, 0x03, 0xfd, 0x28, 0x28, 0x00, 0xfd, 0x29, 0x36, 0x1a, 0xfd, 0x6f, 0xeb, 0xd8, 0xfd,
    0x69, 0xf3, 0xd9, 0xfd, 0x6c, 0xf1, 0xd9, 0xfd, 0x71, 0xf5, 0xde, 0xfd, 0x78, 0xf7, 0xe1, 0xfd, 0x7b, 0xf7, 0xe2, 0xfd, 0x7a, 0xf8, 0xe3, 0xfd,
    0x78, 0xf6, 0xe1, 0xfd, 0x78, 0xf7, 0xe1, 0xfd, 0x78, 0xf7, 0xe1, 0xfd, 0x79, 0xf7, 0xe1, 0xfd, 0x7a, 0xf7, 0xe1, 0xfd, 0x7a, 0xf7, 0xe0, 0xfd,
    0x7e, 0xf6, 0xe0, 0xfd, 0x76, 0xf6, 0xdd, 0xfd, 0xbe, 0xff, 0xf6, 0xfd, 0xda, 0xe6, 0xe6, 0xfd, 0x1a, 0x3b, 0x14, 0xfd, 0x14, 0x3b, 0x0c, 0xfd,
    0x16, 0x3a, 0x0e, 0xfd, 0x0f, 0x2c, 0x04, 0xfd, 0x0f, 0x2d, 0x04, 0xfd, 0x10, 0x31, 0x06, 0xfd, 0x11, 0x31, 0x06, 0xfd, 0x10, 0x30, 0x05, 0xfd,
    0x18, 0x43, 0x16, 0xfd, 0x11, 0x38, 0x06, 0xfd, 0x3c, 0x85, 0x61, 0xfd, 0x83, 0xff, 0xeb, 0xfc, 0x7d, 0xf2, 0xda, 0xfc, 0x7e, 0xf4, 0xdc, 0xfc,
    0x7d, 0xf6, 0xdd, 0xfb, 0x85, 0xfa, 0xe5, 0xfb, 0x28, 0x53, 0x37, 0xfd, 0x01, 0x12, 0x00, 0xfd, 0x19, 0x3f, 0x16, 0xfc, 0x22, 0x51, 0x1f, 0xfc,
    0x23, 0x57, 0x22, 0xfc, 0x22, 0x57, 0x21, 0xfc, 0x17, 0x42, 0x0a, 0xfd, 0x37, 0x7a, 0x56, 0xfd, 0x7d, 0xfb, 0xe3, 0xfc, 0x7b, 0xf6, 0xdd, 0xfb,
    0x7b, 0xf4, 0xdd, 0xfb, 0x7b, 0xf4, 0xdb, 0xfc, 0x7c, 0xf3, 0xda, 0xfc, 0x7c, 0xf3, 0xdb, 0xfc, 0x7c, 0xf4, 0xdd, 0xfb, 0x7d, 0xf5, 0xde, 0xfb,
    0x7d, 0xf4, 0xdd, 0xfc, 0x7d, 0xf2, 0xdc, 0xfc, 0x7a, 0xf6, 0xdc, 0xfd, 0x84, 0xcb, 0xf3, 0xfd, 0x87, 0xb9, 0xfd, 0xfd, 0x87, 0xc0, 0xfb, 0xfc,
    0x8a, 0xc0, 0xfb, 0xfd, 0x89, 0xbe, 0xfb, 0xfd, 0x85, 0xbd, 0xfb, 0xfd, 0x86, 0xbd, 0xfc, 0xfd, 0x85, 0xb6, 0xff, 0xfd, 0x7c, 0xd8, 0xeb, 0xfd,
    0x71, 0xf3, 0xd7, 0xfd, 0x6e, 0xed, 0xd3, 0xfd, 0x6a, 0xeb, 0xce, 0xfc, 0x64, 0xe8, 0xc8, 0xfd, 0x58, 0xda, 0xb1, 0xfd, 0x5c, 0xe2, 0xb2, 0xfd,
    0x41, 0x88, 0x6a, 0xfd, 0x16, 0x0e, 0x00, 0xfd, 0x24, 0x28, 0x04, 0xfd, 0x29, 0x2b, 0x02, 0xfd, 0x2c, 0x2c, 0x01, 0xfd, 0x2f, 0x2f, 0x01, 0xfd,
    0x31, 0x31, 0x01, 0xfd, 0x32, 0x31, 0x01, 0xfd, 0x33, 0x33, 0x02, 0xfd, 0x33, 0x34, 0x01, 0xfd, 0x31, 0x32, 0x01, 0xfc, 0x33, 0x34, 0x01, 0xfc,
    0x36, 0x37, 0x01, 0xfd, 0x37, 0x38, 0x01, 0xfd, 0x37, 0x39, 0x01, 0xfd, 0x38, 0x3b, 0x01, 0xfd, 0x3a, 0x3c, 0x01, 0xfd, 0x3a, 0x3e, 0x01, 0xfd,
    0x3c, 0x41, 0x03, 0xfd, 0x35, 0x34, 0x00, 0xfb, 0x5f, 0x79, 0x2a, 0xff, 0xa7, 0xf8, 0x84, 0xdb, 0x00, 0x00, 0x00, 0x05, 0x00, 0x00, 0x00, 0x00,
    0x00, 0xff, 0x00, 0x01, 0x00, 0x00, 0x00, 0x00, 0x00, 0x00, 0x00, 0x00, 0x00, 0xff, 0x00, 0x01, 0x00, 0x00, 0x00, 0x00, 0x00, 0x1f, 0x00, 0x08,
    0xa3, 0xf5, 0x83, 0xdf, 0x60, 0x7b, 0x2b, 0xff, 0x35, 0x35, 0x00, 0xfb, 0x3d, 0x41, 0x03, 0xfd, 0x3a, 0x3e, 0x01, 0xfd, 0x39, 0x3d, 0x02, 0xfd,
    0x39, 0x3c, 0x02, 0xfd, 0x38, 0x3a, 0x02, 0xfd, 0x37, 0x39, 0x01, 0xfd, 0x36, 0x38, 0x01, 0xfd, 0x35, 0x36, 0x01, 0xfd, 0x33, 0x35, 0x01, 0xfd,
    0x31, 0x33, 0x03, 0xfd, 0x25, 0x23, 0x00, 0xfd, 0x30, 0x45, 0x2b, 0xfd, 0x74, 0xf6, 0xe1, 0xfd, 0x67, 0xf0, 0xd5, 0xfd, 0x6d, 0xf2, 0xd9, 0xfd,
    0x71, 0xf5, 0xde, 0xfd, 0x75, 0xf6, 0xe0, 0xfd, 0x78, 0xf7, 0xe1, 0xfd, 0x7a, 0xf7, 0xe2, 0xfd, 0x79, 0xf7, 0xe1, 0xfd, 0x79, 0xf7, 0xe1, 0xfd,
    0x78, 0xf7, 0xe1, 0xfd, 0x79, 0xf7, 0xe1, 0xfd, 0x7a, 0xf7, 0xe0, 0xfd, 0x78, 0xf6, 0xdf, 0xfd, 0x7d, 0xf6, 0xe0, 0xfc, 0x77, 0xf6, 0xde, 0xfd,
    0x94, 0xf5, 0xe1, 0xfd, 0xf0, 0xff, 0xff, 0xfd, 0x8a, 0xa7, 0x94, 0xfd, 0x06, 0x37, 0x02, 0xfd, 0x1a, 0x47, 0x1b, 0xfd, 0x1c, 0x4d, 0x1e, 0xfd,
    0x17, 0x44, 0x14, 0xfd, 0x14, 0x3c, 0x0d, 0xfd, 0x15, 0x3e, 0x10, 0xfd, 0x1a, 0x4e, 0x1e, 0xfc, 0x17, 0x4e, 0x17, 0xfc, 0x1b, 0x4e, 0x21, 0xfd,
    0x71, 0xe0, 0xc8, 0xfc, 0x7e, 0xfa, 0xe2, 0xfc, 0x7b, 0xf3, 0xdc, 0xfb, 0x7c, 0xf4, 0xdd, 0xfb, 0x7c, 0xf4, 0xdc, 0xfb, 0x84, 0xfd, 0xe5, 0xfb,
    0x72, 0xde, 0xca, 0xfd, 0x2c, 0x60, 0x40, 0xfd, 0x1e, 0x4c, 0x14, 0xfd, 0x1a, 0x48, 0x13, 0xfd, 0x1b, 0x50, 0x16, 0xfd, 0x1f, 0x55, 0x1f, 0xfd,
    0x43, 0x95, 0x6c, 0xfd, 0x78, 0xf6, 0xdc, 0xfd, 0x7b, 0xf7, 0xdf, 0xfc, 0x7b, 0xf4, 0xde, 0xfb, 0x7b, 0xf4, 0xdd, 0xfb, 0x7a, 0xf3, 0xdc, 0xfb,
    0x7a, 0xf3, 0xdb, 0xfb, 0x7b, 0xf3, 0xdc, 0xfb, 0x7c, 0xf4, 0xdd, 0xfb, 0x7c, 0xf4, 0xde, 0xfb, 0x7c, 0xf5, 0xdf, 0xfb, 0x7e, 0xf4, 0xdd, 0xfc,
    0x7b, 0xf6, 0xdd, 0xfd, 0x84, 0xc9, 0xf5, 0xfd, 0x88, 0xb8, 0xff, 0xfd, 0x88, 0xbd, 0xfc, 0xfd, 0x8a, 0xbd, 0xfd, 0xfd, 0x89, 0xbb, 0xfd, 0xfd,
    0x88, 0xb9, 0xff, 0xfd, 0x86, 0xbc, 0xfb, 0xfd, 0x7c, 0xd7, 0xec, 0xfd, 0x75, 0xf4, 0xdb, 0xfd, 0x73, 0xf0, 0xd8, 0xfd, 0x6f, 0xee, 0xd4, 0xfd,
    0x6a, 0xed, 0xcf, 0xfd, 0x66, 0xea, 0xca, 0xfd, 0x63, 0xe9, 0xc8, 0xfd, 0x5a, 0xde, 0xb6, 0xfd, 0x5c, 0xe5, 0xba, 0xfd, 0x3c, 0x78, 0x5d, 0xfd,
    0x19, 0x11, 0x00, 0xfd, 0x24, 0x26, 0x02, 0xfd, 0x2a, 0x2c, 0x02, 0xfd, 0x2d, 0x2d, 0x01, 0xfd, 0x2f, 0x2f, 0x01, 0xfd, 0x31, 0x31, 0x01, 0xfd,
    0x32, 0x32, 0x01, 0xfd, 0x33, 0x33, 0x01, 0xfd, 0x32, 0x32, 0x01, 0xfc, 0x33, 0x34, 0x01, 0xfd, 0x35, 0x36, 0x01, 0xfd, 0x36, 0x37, 0x01, 0xfd,
    0x38, 0x39, 0x01, 0xfd, 0x38, 0x3b, 0x01, 0xfd, 0x39, 0x3c, 0x02, 0xfd, 0x3a, 0x3d, 0x01, 0xfd, 0x3d, 0x41, 0x03, 0xfd, 0x37, 0x37, 0x00, 0xfb,
    0x60, 0x7a, 0x2b, 0xff, 0xa8, 0xf8, 0x84, 0xdd, 0x00, 0x00, 0x00, 0x06, 0x00, 0x00, 0x00, 0x00, 0x00, 0xff, 0x00, 0x01, 0x00, 0x00, 0x00, 0x00,
    0x00, 0x00, 0x00, 0x00, 0x00, 0xff, 0x00, 0x01, 0x00, 0x00, 0x00, 0x00, 0x1c, 0x38, 0x00, 0x09, 0xa5, 0xf7, 0x84, 0xe0, 0x60, 0x7b, 0x2b, 0xff,
    0x35, 0x35, 0x00, 0xfb, 0x3c, 0x41, 0x03, 0xfd, 0x39, 0x3d, 0x01, 0xfd, 0x39, 0x3c, 0x01, 0xfd, 0x38, 0x3c, 0x02, 0xfd, 0x37, 0x3a, 0x02, 0xfd,
    0x37, 0x39, 0x02, 0xfd, 0x35, 0x38, 0x01, 0xfd, 0x34, 0x36, 0x01, 0xfd, 0x32, 0x34, 0x01, 0xfd, 0x30, 0x33, 0x04, 0xfd, 0x24, 0x20, 0x00, 0xfd,
    0x34, 0x53, 0x3c, 0xfd, 0x74, 0xfc, 0xe6, 0xfd, 0x65, 0xed, 0xd2, 0xfd, 0x6d, 0xf2, 0xd9, 0xfd, 0x71, 0xf4, 0xdd, 0xfd, 0x74, 0xf6, 0xdf, 0xfd,
    0x76, 0xf6, 0xdf, 0xfd, 0x7a, 0xf6, 0xe0, 0xfd, 0x7a, 0xf7, 0xe1, 0xfd, 0x7a, 0xf7, 0xe1, 0xfd, 0x78, 0xf7, 0xe0, 0xfd, 0x78, 0xf7, 0xe0, 0xfd,
    0x79, 0xf7, 0xe0, 0xfd, 0x78, 0xf6, 0xdf, 0xfd, 0x79, 0xf5, 0xde, 0xfd, 0x7c, 0xf5, 0xde, 0xfd, 0x76, 0xf5, 0xdb, 0xfd, 0xae, 0xf7, 0xec, 0xfd,
    0xf6, 0xff, 0xff, 0xfd, 0x72, 0x92, 0x7a, 0xfd, 0x0e, 0x4c, 0x16, 0xfd, 0x14, 0x5d, 0x25, 0xfd, 0x19, 0x60, 0x2b, 0xfd, 0x17, 0x5b, 0x28, 0xfd,
    0x16, 0x5c, 0x26, 0xfd, 0x15, 0x55, 0x1b, 0xfd, 0x20, 0x5d, 0x2b, 0xfd, 0x62, 0xcd, 0xb2, 0xfd, 0x81, 0xff, 0xe7, 0xfc, 0x7a, 0xf3, 0xdc, 0xfb,
    0x7a, 0xf3, 0xde, 0xfb, 0x7b, 0xf3, 0xdd, 0xfb, 0x7b, 0xf4, 0xde, 0xfb, 0x7b, 0xf4, 0xdc, 0xfb, 0x81, 0xfc, 0xe4, 0xfc, 0x82, 0xfc, 0xe2, 0xfc,
    0x5f, 0xc5, 0xa6, 0xfc, 0x56, 0xb1, 0x8c, 0xfd, 0x55, 0xb9, 0x95, 0xfd, 0x6b, 0xde, 0xc1, 0xfd, 0x80, 0xff, 0xe8, 0xfc, 0x7c, 0xf6, 0xde, 0xfc,
    0x7a, 0xf4, 0xdd, 0xfb, 0x7b, 0xf5, 0xde, 0xfb, 0x7a, 0xf3, 0xdc, 0xfb, 0x7a, 0xf3, 0xdb, 0xfb, 0x7a, 0xf3, 0xdb, 0xfb, 0x7b, 0xf3, 0xdb, 0xfb,
    0x7c, 0xf4, 0xdc, 0xfb, 0x7b, 0xf4, 0xde, 0xfb, 0x7b, 0xf4, 0xde, 0xfb, 0x7e, 0xf4, 0xdf, 0xfb, 0x7e, 0xf6, 0xde, 0xfc, 0x80, 0xed, 0xe4, 0xfc,
    0x85, 0xcf, 0xf3, 0xfd, 0x86, 0xc4, 0xf8, 0xfd, 0x86, 0xc4, 0xf8, 0xfd, 0x85, 0xcb, 0xf5, 0xfd, 0x81, 0xd9, 0xee, 0xfd, 0x79, 0xeb, 0xe2, 0xfd,
    0x76, 0xf6, 0xda, 0xfd, 0x75, 0xf1, 0xda, 0xfd, 0x72, 0xf0, 0xd7, 0xfd, 0x6f, 0xef, 0xd3, 0xfd, 0x6c, 0xee, 0xd1, 0xfd, 0x68, 0xec, 0xcd, 0xfd,
    0x64, 0xe9, 0xc8, 0xfd, 0x61, 0xe7, 0xc5, 0xfd, 0x5c, 0xe3, 0xbc, 0xfd, 0x5e, 0xe9, 0xc0, 0xfd, 0x44, 0x8f, 0x72, 0xfd, 0x1d, 0x1b, 0x03, 0xfd,
    0x24, 0x23, 0x00, 0xfd, 0x2a, 0x2c, 0x03, 0xfd, 0x2d, 0x2d, 0x01, 0xfd, 0x31, 0x31, 0x01, 0xfd, 0x32, 0x32, 0x01, 0xfd, 0x32, 0x33, 0x01, 0xfd,
    0x32, 0x33, 0x01, 0xfc, 0x34, 0x35, 0x01, 0xfd, 0x36, 0x37, 0x01, 0xfd, 0x36, 0x38, 0x01, 0xfd, 0x37, 0x39, 0x01, 0xfd, 0x38, 0x3b, 0x02, 0xfd,
    0x3a, 0x3d, 0x02, 0xfd, 0x3a, 0x3e, 0x01, 0xfd, 0x3d, 0x41, 0x03, 0xfd, 0x36, 0x36, 0x00, 0xfb, 0x60, 0x7a, 0x2b, 0xff, 0xa8, 0xf6, 0x84, 0xde,
    0x00, 0x24, 0x00, 0x07, 0x00, 0x00, 0x00, 0x00, 0x00, 0xff, 0x00, 0x01, 0x00, 0x00, 0x00, 0x00, 0x00, 0x00, 0x00, 0x00, 0x00, 0xff, 0x00, 0x01,
    0x00, 0x00, 0x00, 0x00, 0x00, 0x1f, 0x00, 0x08, 0xa5, 0xf7, 0x84, 0xe0, 0x5f, 0x7a, 0x2a, 0xff, 0x35, 0x34, 0x00, 0xfb, 0x3d, 0x41, 0x04, 0xfd,
    0x3a, 0x3d, 0x02, 0xfd, 0x3a, 0x3d, 0x02, 0xfd, 0x38, 0x3b, 0x02, 0xfd, 0x37, 0x3a, 0x02, 0xfd, 0x36, 0x39, 0x02, 0xfd, 0x36, 0x38, 0x01, 0xfd,
    0x34, 0x36, 0x01, 0xfd, 0x32, 0x34, 0x01, 0xfd, 0x30, 0x33, 0x04, 0xfd, 0x23, 0x1f, 0x00, 0xfd, 0x36, 0x5c, 0x44, 0xfd, 0x71, 0xfc, 0xe5, 0xfd,
    0x64, 0xec, 0xd0, 0xfd, 0x6b, 0xf1, 0xd7, 0xfd, 0x72, 0xf4, 0xdc, 0xfd, 0x75, 0xf5, 0xdf, 0xfd, 0x76, 0xf6, 0xdf, 0xfd, 0x78, 0xf6, 0xdf, 0xfd,
    0x78, 0xf6, 0xdf, 0xfd, 0x78, 0xf7, 0xe0, 0xfd, 0x79, 0xf7, 0xe0, 0xfd, 0x7a, 0xf7, 0xe0, 0xfd, 0x7a, 0xf6, 0xdf, 0xfd, 0x7a, 0xf6, 0xdf, 0xfd,
    0x7a, 0xf5, 0xdd, 0xfd, 0x7b, 0xf4, 0xdc, 0xfd, 0x7d, 0xf5, 0xde, 0xfc, 0x79, 0xf4, 0xdc, 0xfd, 0x9e, 0xf6, 0xe8, 0xfd, 0xe1, 0xff, 0xff, 0xfd,
    0xb0, 0xcb, 0xbc, 0xfd, 0x57, 0x88, 0x65, 0xfd, 0x36, 0x6e, 0x43, 0xfd, 0x32, 0x71, 0x42, 0xfd, 0x3b, 0x81, 0x51, 0xfd, 0x4e, 0xa3, 0x7c, 0xfd,
    0x73, 0xe7, 0xce, 0xfc, 0x81, 0xff, 0xe7, 0xfc, 0x7a, 0xf2, 0xdc, 0xfb, 0x7b, 0xf4, 0xde, 0xfb, 0x7c, 0xf3, 0xdd, 0xfb, 0x7d, 0xf3, 0xdd, 0xfb,
    0x7c, 0xf3, 0xdd, 0xfb, 0x7b, 0xf3, 0xde, 0xfb, 0x7c, 0xf3, 0xdd, 0xfb, 0x7c, 0xf5, 0xde, 0xfb, 0x82, 0xff, 0xe7, 0xfc, 0x84, 0xff, 0xea, 0xfc,
    0x81, 0xff, 0xe9, 0xfc, 0x7f, 0xfb, 0xe3, 0xfc, 0x7b, 0xf4, 0xdb, 0xfb, 0x7a, 0xf3, 0xdd, 0xfb, 0x7b, 0xf4, 0xdd, 0xfb, 0x7b, 0xf3, 0xdc, 0xfb,
    0x7b, 0xf3, 0xdb, 0xfb, 0x7c, 0xf3, 0xdb, 0xfb, 0x7c, 0xf3, 0xdb, 0xfb, 0x7d, 0xf3, 0xda, 0xfc, 0x7e, 0xf3, 0xda, 0xfc, 0x7c, 0xf4, 0xdc, 0xfb,
    0x7c, 0xf3, 0xdc, 0xfb, 0x7d, 0xf4, 0xde, 0xfb, 0x80, 0xf4, 0xdf, 0xfb, 0x7d, 0xf5, 0xdd, 0xfc, 0x7b, 0xf7, 0xdd, 0xfc, 0x79, 0xf2, 0xdf, 0xfd,
    0x79, 0xf2, 0xe0, 0xfd, 0x79, 0xf6, 0xde, 0xfd, 0x79, 0xf7, 0xdc, 0xfd, 0x7a, 0xf4, 0xdb, 0xfc, 0x78, 0xf1, 0xdb, 0xfc, 0x74, 0xf0, 0xd7, 0xfd,
    0x71, 0xf0, 0xd5, 0xfd, 0x6e, 0xef, 0xd2, 0xfd, 0x6c, 0xed, 0xd0, 0xfd, 0x69, 0xec, 0xcd, 0xfd, 0x65, 0xea, 0xc9, 0xfd, 0x63, 0xe9, 0xc6, 0xfd,
    0x61, 0xe8, 0xc4, 0xfd, 0x5b, 0xe1, 0xbb, 0xfd, 0x5f, 0xed, 0xc4, 0xfd, 0x4c, 0xac, 0x8c, 0xfd, 0x21, 0x25, 0x0d, 0xfd, 0x23, 0x21, 0x00, 0xfd,
    0x2b, 0x2d, 0x03, 0xfd, 0x2d, 0x2e, 0x01, 0xfd, 0x31, 0x31, 0x01, 0xfd, 0x32, 0x33, 0x01, 0xfd, 0x33, 0x34, 0x02, 0xfd, 0x35, 0x35, 0x01, 0xfd,
    0x35, 0x36, 0x01, 0xfd, 0x36, 0x37, 0x01, 0xfd, 0x37, 0x39, 0x01, 0xfd, 0x38, 0x3a, 0x02, 0xfd, 0x39, 0x3c, 0x01, 0xfd, 0x3a, 0x3e, 0x01, 0xfd,
    0x3d, 0x41, 0x03, 0xfd, 0x36, 0x36, 0x00, 0xfb, 0x60, 0x79, 0x2b, 0xff, 0xa7, 0xf6, 0x85, 0xde, 0x00, 0x24, 0x00, 0x07, 0x00, 0x00, 0x00, 0x00,
    0x00, 0xff, 0x00, 0x01, 0x00, 0x00, 0x00, 0x00, 0x00, 0x00, 0x00, 0x00, 0x00, 0xff, 0x00, 0x01, 0x00, 0x00, 0x00, 0x00, 0x00, 0x1f, 0x00, 0x08,
    0xa6, 0xf6, 0x85, 0xdf, 0x61, 0x7b, 0x2c, 0xff, 0x34, 0x34, 0x00, 0xfb, 0x3c, 0x40, 0x03, 0xfd, 0x3a, 0x3d, 0x02, 0xfd, 0x3a, 0x3d, 0x01, 0xfd,
    0x38, 0x3b, 0x01, 0xfd, 0x37, 0x39, 0x01, 0xfd, 0x36, 0x39, 0x01, 0xfd, 0x36, 0x38, 0x01, 0xfd, 0x35, 0x37, 0x01, 0xfd, 0x33, 0x34, 0x01, 0xfd,
    0x30, 0x33, 0x04, 0xfd, 0x22, 0x1e, 0x00, 0xfd, 0x39, 0x61, 0x4a, 0xfd, 0x71, 0xfd, 0xe7, 0xfd, 0x64, 0xeb, 0xcf, 0xfd, 0x6a, 0xf0, 0xd6, 0xfd,
    0x6f, 0xf3, 0xda, 0xfd, 0x73, 0xf5, 0xdd, 0xfd, 0x75, 0xf5, 0xdd, 0xfd, 0x76, 0xf6, 0xde, 0xfd, 0x76, 0xf6, 0xde, 0xfd, 0x78, 0xf7, 0xdf, 0xfd,
    0x79, 0xf6, 0xdf, 0xfd, 0x7a, 0xf6, 0xde, 0xfd, 0x7a, 0xf5, 0xdd, 0xfd, 0x7c, 0xf5, 0xde, 0xfc, 0x7d, 0xf5, 0xdd, 0xfc, 0x7e, 0xf4, 0xdd, 0xfc,
    0x7e, 0xf4, 0xde, 0xfc, 0x7e, 0xf8, 0xdd, 0xfc, 0x74, 0xf9, 0xdb, 0xfd, 0x7c, 0xf8, 0xdd, 0xfd, 0x9c, 0xff, 0xef, 0xfd, 0xa4, 0xff, 0xef, 0xfd,
    0x97, 0xf0, 0xdb, 0xfd, 0x8f, 0xea, 0xd7, 0xfd, 0x86, 0xf6, 0xe0, 0xfd, 0x83, 0xff, 0xea, 0xfd, 0x7e, 0xf9, 0xe2, 0xfc, 0x7b, 0xf2, 0xdc, 0xfb,
    0x7e, 0xf4, 0xde, 0xfa, 0x7c, 0xf3, 0xdc, 0xfb, 0x7c, 0xf3, 0xdd, 0xfb, 0x7d, 0xf3, 0xdc, 0xfb, 0x7c, 0xf3, 0xdc, 0xfb, 0x7c, 0xf3, 0xdd, 0xfb,
    0x7b, 0xf4, 0xdd, 0xfb, 0x7d, 0xf5, 0xde, 0xfa, 0x7e, 0xf3, 0xdc, 0xfa, 0x79, 0xf2, 0xdb, 0xfb, 0x79, 0xf2, 0xda, 0xfb, 0x7a, 0xf3, 0xdb, 0xfb,
    0x7b, 0xf4, 0xdd, 0xfb, 0x7b, 0xf3, 0xdc, 0xfb, 0x7a, 0xf2, 0xdb, 0xfb, 0x7b, 0xf3, 0xdb, 0xfb, 0x7e, 0xf3, 0xd9, 0xfc, 0x7e, 0xf3, 0xd9, 0xfc,
    0x7e, 0xf3, 0xd9, 0xfc, 0x7f, 0xf4, 0xda, 0xfc, 0x7f, 0xf4, 0xda, 0xfc, 0x7f, 0xf3, 0xd9, 0xfc, 0x7c, 0xf3, 0xdb, 0xfb, 0x7d, 0xf3, 0xdd, 0xfb,
    0x7f, 0xf4, 0xde, 0xfa, 0x7e, 0xf4, 0xe0, 0xfa, 0x7b, 0xf3, 0xdf, 0xfb, 0x7d, 0xf4, 0xdd, 0xfc, 0x7d, 0xf4, 0xde, 0xfc, 0x7d, 0xf3, 0xde, 0xfc,
    0x7d, 0xf2, 0xdd, 0xfc, 0x7b, 0xf2, 0xdb, 0xfc, 0x77, 0xf1, 0xd8, 0xfc, 0x72, 0xf0, 0xd6, 0xfd, 0x71, 0xf0, 0xd4, 0xfd, 0x6e, 0xef, 0xd2, 0xfd,
    0x6a, 0xed, 0xcf, 0xfd, 0x69, 0xec, 0xcd, 0xfd, 0x67, 0xeb, 0xca, 0xfd, 0x64, 0xe9, 0xc7, 0xfd, 0x61, 0xe8, 0xc4, 0xfd, 0x5f, 0xe6, 0xc2, 0xfd,
    0x5a, 0xdf, 0xb9, 0xfd, 0x5c, 0xea, 0xbc, 0xfd, 0x52, 0xb9, 0x95, 0xfd, 0x22, 0x26, 0x0e, 0xfd, 0x23, 0x22, 0x01, 0xfd, 0x2a, 0x2c, 0x03, 0xfd,
    0x2e, 0x2f, 0x01, 0xfd, 0x31, 0x32, 0x01, 0xfd, 0x33, 0x34, 0x01, 0xfd, 0x34, 0x35, 0x02, 0xfd, 0x35, 0x36, 0x01, 0xfd, 0x36, 0x37, 0x01, 0xfd,
    0x37, 0x38, 0x01, 0xfd, 0x37, 0x39, 0x01, 0xfd, 0x38, 0x3b, 0x01, 0xfd, 0x3a, 0x3e, 0x01, 0xfd, 0x3e, 0x41, 0x03, 0xfd, 0x37, 0x37, 0x00, 0xfb,
    0x60, 0x7a, 0x2a, 0xff, 0xa6, 0xf6, 0x82, 0xde, 0x00, 0x24, 0x00, 0x07, 0x00, 0x00, 0x00, 0x00, 0x00, 0xff, 0x00, 0x01, 0x00, 0x00, 0x00, 0x00,
    0x00, 0x00, 0x00, 0x00, 0x00, 0xff, 0x00, 0x01, 0x00, 0x00, 0x00, 0x00, 0x00, 0x1f, 0x00, 0x08, 0xa6, 0xf8, 0x85, 0xdf, 0x61, 0x7b, 0x2c, 0xff,
    0x33, 0x33, 0x00, 0xfb, 0x3b, 0x41, 0x03, 0xfd, 0x3a, 0x3d, 0x02, 0xfd, 0x39, 0x3c, 0x02, 0xfd, 0x38, 0x3b, 0x01, 0xfd, 0x36, 0x39, 0x01, 0xfd,
    0x37, 0x39, 0x01, 0xfd, 0x37, 0x38, 0x01, 0xfd, 0x35, 0x36, 0x01, 0xfd, 0x33, 0x35, 0x01, 0xfd, 0x30, 0x33, 0x04, 0xfd, 0x22, 0x1d, 0x00, 0xfd,
    0x3a, 0x63, 0x4a, 0xfd, 0x70, 0xfc, 0xe5, 0xfd, 0x62, 0xea, 0xce, 0xfd, 0x68, 0xef, 0xd4, 0xfd, 0x6c, 0xf3, 0xd9, 0xfd, 0x70, 0xf4, 0xda, 0xfd,
    0x73, 0xf4, 0xdb, 0xfd, 0x75, 0xf5, 0xdd, 0xfd, 0x75, 0xf5, 0xdd, 0xfd, 0x76, 0xf6, 0xde, 0xfd, 0x78, 0xf6, 0xde, 0xfd, 0x79, 0xf6, 0xde, 0xfd,
    0x7b, 0xf5, 0xdd, 0xfc, 0x7d, 0xf5, 0xdd, 0xfc, 0x7e, 0xf4, 0xdd, 0xfc, 0x7d, 0xf7, 0xdc, 0xfd, 0x80, 0xf6, 0xde, 0xfd, 0x80, 0xe6, 0xe6, 0xfd,
    0x83, 0xd8, 0xef, 0xfd, 0x84, 0xd4, 0xf2, 0xfd, 0x7c, 0xd2, 0xee, 0xfd, 0x7a, 0xd9, 0xeb, 0xfd, 0x79, 0xef, 0xe7, 0xfd, 0x76, 0xfa, 0xe1, 0xfd,
    0x78, 0xf4, 0xde, 0xfd, 0x7c, 0xf2, 0xda, 0xfc, 0x7b, 0xf3, 0xdd, 0xfb, 0x7c, 0xf3, 0xdd, 0xfb, 0x7c, 0xf2, 0xdd, 0xfb, 0x7c, 0xf2, 0xdc, 0xfb,
    0x7b, 0xf2, 0xdb, 0xfb, 0x7b, 0xf2, 0xdb, 0xfb, 0x7c, 0xf3, 0xdc, 0xfb, 0x7c, 0xf3, 0xdb, 0xfb, 0x7a, 0xf3, 0xdb, 0xfb, 0x7b, 0xf3, 0xdc, 0xfb,
    0x7b, 0xf3, 0xdc, 0xfb, 0x7a, 0xf4, 0xdc, 0xfb, 0x79, 0xf4, 0xdc, 0xfb, 0x79, 0xf3, 0xdb, 0xfb, 0x7a, 0xf3, 0xdb, 0xfb, 0x7b, 0xf3, 0xdb, 0xfb,
    0x7c, 0xf2, 0xda, 0xfc, 0x7d, 0xf3, 0xda, 0xfc, 0x7e, 0xf3, 0xda, 0xfc, 0x7e, 0xf3, 0xd9, 0xfc, 0x7d, 0xf3, 0xd9, 0xfc, 0x7e, 0xf3, 0xd9, 0xfc,
    0x7f, 0xf3, 0xd9, 0xfc, 0x7e, 0xf3, 0xd9, 0xfc, 0x7c, 0xf4, 0xda, 0xfb, 0x7c, 0xf3, 0xdc, 0xfb, 0x7e, 0xf4, 0xde, 0xfa, 0x7d, 0xf3, 0xde, 0xfb,
    0x7e, 0xf4, 0xdc, 0xfc, 0x7d, 0xf4, 0xdc, 0xfc, 0x7c, 0xf3, 0xdc, 0xfc, 0x7b, 0xf3, 0xdb, 0xfc, 0x79, 0xf2, 0xda, 0xfc, 0x77, 0xf2, 0xd9, 0xfc,
    0x73, 0xf1, 0xd7, 0xfd, 0x71, 0xf1, 0xd5, 0xfd, 0x70, 0xf1, 0xd3, 0xfd, 0x6d, 0xef, 0xd0, 0xfd, 0x6a, 0xed, 0xcd, 0xfd, 0x68, 0xec, 0xcb, 0xfd,
    0x66, 0xea, 0xc8, 0xfd, 0x63, 0xe8, 0xc5, 0xfd, 0x61, 0xe8, 0xc4, 0xfd, 0x61, 0xe6, 0xc1, 0xfd, 0x60, 0xe6, 0xc1, 0xfd, 0x58, 0xda, 0xb2, 0xfd,
    0x5b, 0xe4, 0xb2, 0xfd, 0x51, 0xad, 0x8b, 0xfd, 0x1d, 0x1c, 0x05, 0xfd, 0x25, 0x26, 0x03, 0xfd, 0x2a, 0x2c, 0x02, 0xfd, 0x2e, 0x2f, 0x01, 0xfd,
    0x32, 0x33, 0x01, 0xfd, 0x34, 0x35, 0x01, 0xfd, 0x35, 0x36, 0x01, 0xfd, 0x36, 0x37, 0x01, 0xfd, 0x36, 0x38, 0x01, 0xfd, 0x37, 0x39, 0x01, 0xfd,
    0x39, 0x3b, 0x01, 0xfd, 0x3a, 0x3e, 0x02, 0xfd, 0x3e, 0x41, 0x03, 0xfd, 0x37, 0x36, 0x00, 0xfb, 0x5f, 0x79, 0x29, 0xff, 0xa3, 0xf5, 0x81, 0xdd,
    0x00, 0x2a, 0x00, 0x06, 0x00, 0x00, 0x00, 0x00, 0x00, 0xff, 0x00, 0x01, 0x00, 0x00, 0x00, 0x00, 0x00, 0x00, 0x00, 0x00, 0x00, 0xff, 0x00, 0x01,
    0x00, 0x00, 0x00, 0x00, 0x00, 0x1c, 0x00, 0x09, 0xa6, 0xf7, 0x85, 0xe0, 0x60, 0x7a, 0x2b, 0xff, 0x34, 0x33, 0x00, 0xfb, 0x3c, 0x41, 0x03, 0xfd,
    0x3a, 0x3e, 0x01, 0xfd, 0x39, 0x3c, 0x01, 0xfd, 0x38, 0x3b, 0x01, 0xfd, 0x37, 0x3a, 0x01, 0xfd, 0x36, 0x38, 0x01, 0xfd, 0x35, 0x37, 0x01, 0xfd,
    0x34, 0x36, 0x01, 0xfd, 0x32, 0x34, 0x01, 0xfd, 0x30, 0x34, 0x04, 0xfd, 0x24, 0x1f, 0x00, 0xfd, 0x36, 0x5c, 0x44, 0xfd, 0x6e, 0xfa, 0xe2, 0xfd,
    0x61, 0xe9, 0xcc, 0xfd, 0x66, 0xee, 0xd3, 0xfd, 0x6c, 0xf1, 0xd7, 0xfd, 0x72, 0xf3, 0xd9, 0xfe, 0x73, 0xf4, 0xdb, 0xfd, 0x76, 0xf5, 0xdd, 0xfd,
    0x76, 0xf5, 0xdd, 0xfd, 0x76, 0xf6, 0xdd, 0xfd, 0x77, 0xf5, 0xdd, 0xfd, 0x77, 0xf5, 0xdd, 0xfd, 0x7a, 0xf5, 0xdd, 0xfc, 0x7d, 0xf5, 0xde, 0xfc,
    0x7e, 0xf7, 0xdd, 0xfc, 0x80, 0xec, 0xe4, 0xfd, 0x87, 0xc9, 0xf6, 0xfd, 0x93, 0xc2, 0xff, 0xfd, 0x9a, 0xc5, 0xff, 0xfd, 0x8a, 0xbb, 0xff, 0xfd,
    0x8b, 0xbb, 0xfd, 0xfd, 0x8d, 0xbb, 0xff, 0xfd, 0x8c, 0xbd, 0xfc, 0xfd, 0x82, 0xe2, 0xe8, 0xfd, 0x7d, 0xf7, 0xdc, 0xfc, 0x7e, 0xf3, 0xdd, 0xfc,
    0x7b, 0xf3, 0xde, 0xfb, 0x7c, 0xf3, 0xdd, 0xfb, 0x7c, 0xf3, 0xdc, 0xfb, 0x7b, 0xf2, 0xdb, 0xfb, 0x7a, 0xf2, 0xdb, 0xfb, 0x7b, 0xf2, 0xdb, 0xfb,
    0x7c, 0xf3, 0xdb, 0xfb, 0x7c, 0xf3, 0xdb, 0xfb, 0x7c, 0xf3, 0xdb, 0xfb, 0x7d, 0xf4, 0xdc, 0xfb, 0x7d, 0xf3, 0xdc, 0xfb, 0x7d, 0xf4, 0xdc, 0xfb,
    0x7b, 0xf3, 0xdb, 0xfb, 0x7a, 0xf2, 0xda, 0xfb, 0x7c, 0xf2, 0xd9, 0xfc, 0x7e, 0xf3, 0xd9, 0xfc, 0x7e, 0xf3, 0xd9, 0xfc, 0x7e, 0xf3, 0xd9, 0xfc,
    0x7d, 0xf3, 0xda, 0xfc, 0x7e, 0xf3, 0xd9, 0xfc, 0x7e, 0xf3, 0xd9, 0xfc, 0x7e, 0xf3, 0xd9, 0xfc, 0x7f, 0xf3, 0xd9, 0xfc, 0x7e, 0xf3, 0xd9, 0xfc,
    0x7d, 0xf3, 0xd9, 0xfc, 0x7d, 0xf3, 0xda, 0xfb, 0x7d, 0xf3, 0xdc, 0xfb, 0x7d, 0xf4, 0xdc, 0xfb, 0x7d, 0xf3, 0xda, 0xfc, 0x7b, 0xf3, 0xda, 0xfc,
    0x79, 0xf2, 0xda, 0xfc, 0x77, 0xf1, 0xd8, 0xfc, 0x76, 0xf2, 0xd8, 0xfc, 0x73, 0xf1, 0xd6, 0xfd, 0x72, 0xf1, 0xd5, 0xfd, 0x70, 0xf0, 0xd3, 0xfd,
    0x6f, 0xf0, 0xd2, 0xfd, 0x6c, 0xee, 0xce, 0xfd, 0x68, 0xec, 0xcb, 0xfd, 0x66, 0xea, 0xc9, 0xfd, 0x65, 0xea, 0xc8, 0xfd, 0x64, 0xe9, 0xc5, 0xfd,
    0x62, 0xe8, 0xc3, 0xfd, 0x60, 0xe6, 0xc1, 0xfd, 0x5d, 0xe3, 0xbe, 0xfd, 0x5c, 0xe2, 0xbd, 0xfd, 0x53, 0xd2, 0xa5, 0xfd, 0x5d, 0xe2, 0xb0, 0xfd,
    0x46, 0x89, 0x69, 0xfd, 0x1a, 0x13, 0x00, 0xfd, 0x27, 0x2a, 0x03, 0xfd, 0x2c, 0x2c, 0x01, 0xfd, 0x30, 0x31, 0x02, 0xfd, 0x33, 0x34, 0x01, 0xfd,
    0x35, 0x37, 0x01, 0xfd, 0x36, 0x38, 0x02, 0xfd, 0x36, 0x39, 0x01, 0xfd, 0x37, 0x3a, 0x01, 0xfd, 0x38, 0x3c, 0x01, 0xfd, 0x3a, 0x3e, 0x02, 0xfd,
    0x3d, 0x41, 0x03, 0xfd, 0x36, 0x36, 0x00, 0xfb, 0x5e, 0x7a, 0x29, 0xff, 0xa3, 0xf5, 0x81, 0xdc, 0x00, 0x00, 0x00, 0x06, 0x00, 0x00, 0x00, 0x00,
    0x00, 0xff, 0x00, 0x01, 0x00, 0x00, 0x00, 0x00, 0x00, 0x00, 0x00, 0x00, 0x00, 0xff, 0x00, 0x01, 0x00, 0x00, 0x00, 0x00, 0x00, 0x00, 0x00, 0x07,
    0xa7, 0xf6, 0x85, 0xde, 0x60, 0x7a, 0x2b, 0xff, 0x34, 0x33, 0x00, 0xfb, 0x3c, 0x41, 0x03, 0xfd, 0x39, 0x3d, 0x01, 0xfd, 0x39, 0x3c, 0x01, 0xfd,
    0x38, 0x3b, 0x02, 0xfd, 0x37, 0x39, 0x02, 0xfd, 0x36, 0x37, 0x01, 0xfd, 0x35, 0x37, 0x01, 0xfd, 0x34, 0x36, 0x01, 0xfd, 0x33, 0x34, 0x01, 0xfd,
    0x30, 0x33, 0x04, 0xfd, 0x24, 0x20, 0x00, 0xfd, 0x33, 0x52, 0x3a, 0xfd, 0x6e, 0xf7, 0xdf, 0xfd, 0x60, 0xe8, 0xcb, 0xfd, 0x65, 0xed, 0xd1, 0xfd,
    0x6b, 0xf0, 0xd5, 0xfe, 0x6e, 0xf2, 0xd7, 0xfe, 0x71, 0xf4, 0xd9, 0xfd, 0x75, 0xf5, 0xdc, 0xfd, 0x76, 0xf6, 0xdd, 0xfd, 0x77, 0xf5, 0xdd, 0xfd,
    0x76, 0xf5, 0xdd, 0xfd, 0x77, 0xf5, 0xdc, 0xfd, 0x79, 0xf5, 0xdd, 0xfd, 0x7a, 0xf5, 0xdd, 0xfd, 0x7b, 0xf2, 0xdf, 0xfd, 0x86, 0xc3, 0xf8, 0xfd,
    0x87, 0xb9, 0xff, 0xfd, 0xa2, 0xcd, 0xfc, 0xfd, 0xb3, 0xd7, 0xfb, 0xfd, 0x89, 0xbe, 0xfb, 0xfd, 0x8a, 0xbf, 0xfc, 0xfd, 0x8a, 0xc1, 0xfa, 0xfd,
    0x8c, 0xba, 0xff, 0xfd, 0x86, 0xd0, 0xf3, 0xfd, 0x7d, 0xf9, 0xdd, 0xfc, 0x7d, 0xf3, 0xde, 0xfc, 0x7a, 0xf3, 0xdd, 0xfb, 0x7b, 0xf3, 0xdd, 0xfb,
    0x7c, 0xf3, 0xdc, 0xfb, 0x7b, 0xf2, 0xdb, 0xfb, 0x7c, 0xf2, 0xdb, 0xfb, 0x7d, 0xf3, 0xdb, 0xfb, 0x7e, 0xf2, 0xd9, 0xfc, 0x7e, 0xf2, 0xd9, 0xfc,
    0x7e, 0xf2, 0xd9, 0xfc, 0x7f, 0xf3, 0xda, 0xfc, 0x7e, 0xf3, 0xda, 0xfc, 0x7d, 0xf3, 0xd9, 0xfc, 0x7d, 0xf2, 0xd9, 0xfc, 0x7d, 0xf2, 0xd8, 0xfc,
    0x7f, 0xf3, 0xd9, 0xfc, 0x7f, 0xf3, 0xd9, 0xfc, 0x7e, 0xf2, 0xd9, 0xfc, 0x7c, 0xf2, 0xda, 0xfb, 0x7d, 0xf3, 0xd9, 0xfc, 0x7d, 0xf4, 0xdb, 0xfb,
    0x7d, 0xf2, 0xd9, 0xfc, 0x7e, 0xf3, 0xd9, 0xfc, 0x7e, 0xf3, 0xd9, 0xfc, 0x7e, 0xf3, 0xd9, 0xfc, 0x7e, 0xf3, 0xd9, 0xfc, 0x7e, 0xf3, 0xd9, 0xfc,
    0x7e, 0xf3, 0xd9, 0xfc, 0x7d, 0xf2, 0xd9, 0xfc, 0x7a, 0xf2, 0xd9, 0xfc, 0x77, 0xf1, 0xd8, 0xfc, 0x77, 0xf1, 0xd7, 0xfc, 0x75, 0xf1, 0xd6, 0xfc,
    0x75, 0xf1, 0xd6, 0xfc, 0x73, 0xf1, 0xd4, 0xfd, 0x6f, 0xef, 0xd2, 0xfd, 0x6d, 0xee, 0xd0, 0xfd, 0x6c, 0xef, 0xcf, 0xfd, 0x6a, 0xee, 0xcd, 0xfd,
    0x66, 0xec, 0xc9, 0xfd, 0x65, 0xea, 0xc7, 0xfd, 0x65, 0xe9, 0xc6, 0xfd, 0x63, 0xe9, 0xc4, 0xfd, 0x62, 0xe7, 0xc2, 0xfd, 0x61, 0xe6, 0xc0, 0xfd,
    0x5f, 0xe3, 0xbe, 0xfd, 0x5c, 0xdf, 0xb9, 0xfd, 0x59, 0xdb, 0xb2, 0xfd, 0x52, 0xcc, 0x98, 0xfd, 0x60, 0xdc, 0xac, 0xfd, 0x30, 0x50, 0x36, 0xfd,
    0x1d, 0x18, 0x00, 0xfd, 0x2a, 0x2d, 0x04, 0xfd, 0x2e, 0x2f, 0x01, 0xfd, 0x31, 0x32, 0x01, 0xfd, 0x34, 0x35, 0x01, 0xfd, 0x36, 0x37, 0x01, 0xfd,
    0x37, 0x39, 0x01, 0xfd, 0x37, 0x3a, 0x01, 0xfd, 0x38, 0x3b, 0x01, 0xfd, 0x3a, 0x3d, 0x01, 0xfd, 0x3d, 0x41, 0x03, 0xfd, 0x36, 0x35, 0x00, 0xfb,
    0x5e, 0x79, 0x29, 0xff, 0xa4, 0xf6, 0x81, 0xde, 0x00, 0x24, 0x00, 0x07, 0x00, 0x00, 0x00, 0x00, 0x00, 0xff, 0x00, 0x01, 0x00, 0x00, 0x00, 0x00,
    0x00, 0x00, 0x00, 0x00, 0x00, 0xff, 0x00, 0x01, 0x00, 0x00, 0x00, 0x00, 0x00, 0x1f, 0x00, 0x08, 0xa5, 0xf6, 0x84, 0xdf, 0x60, 0x7a, 0x2b, 0xff,
    0x34, 0x34, 0x00, 0xfb, 0x3c, 0x41, 0x03, 0xfd, 0x39, 0x3d, 0x01, 0xfd, 0x38, 0x3c, 0x02, 0xfd, 0x38, 0x3b, 0x02, 0xfd, 0x37, 0x39, 0x02, 0xfd,
    0x35, 0x38, 0x01, 0xfd, 0x35, 0x37, 0x01, 0xfd, 0x36, 0x37, 0x02, 0xfd, 0x33, 0x35, 0x02, 0xfd, 0x2f, 0x32, 0x03, 0xfd, 0x24, 0x22, 0x00, 0xfd,
    0x2e, 0x45, 0x29, 0xfd, 0x6d, 0xf0, 0xd8, 0xfd, 0x61, 0xe9, 0xcb, 0xfd, 0x63, 0xeb, 0xce, 0xfd, 0x67, 0xef, 0xd2, 0xfd, 0x69, 0xf0, 0xd4, 0xfd,
    0x6d, 0xf1, 0xd6, 0xfd, 0x73, 0xf3, 0xd9, 0xfd, 0x74, 0xf4, 0xdb, 0xfd, 0x75, 0xf4, 0xdc, 0xfd, 0x77, 0xf5, 0xdc, 0xfd, 0x78, 0xf5, 0xdc, 0xfd,
    0x78, 0xf3, 0xdc, 0xfd, 0x79, 0xf8, 0xdb, 0xfd, 0x7c, 0xe7, 0xe4, 0xfd, 0x88, 0xb8, 0xff, 0xfd, 0x89, 0xbf, 0xfb, 0xfd, 0x8a, 0xbf, 0xfc, 0xfd,
    0x89, 0xbe, 0xfb, 0xfd, 0x8c, 0xc0, 0xfb, 0xfd, 0x8b, 0xbf, 0xfb, 0xfd, 0x8b, 0xbc, 0xfd, 0xfd, 0x8c, 0xbd, 0xfd, 0xfd, 0x83, 0xe9, 0xe8, 0xfc,
    0x7e, 0xf7, 0xdd, 0xfc, 0x7c, 0xf4, 0xdf, 0xfb, 0x79, 0xf3, 0xdd, 0xfb, 0x7a, 0xf3, 0xdc, 0xfb, 0x7d, 0xf3, 0xdb, 0xfb, 0x7e, 0xf2, 0xda, 0xfc,
    0x7d, 0xf2, 0xd9, 0xfc, 0x7e, 0xf3, 0xd9, 0xfc, 0x7e, 0xf3, 0xd9, 0xfc, 0x7e, 0xf3, 0xd9, 0xfc, 0x7e, 0xf3, 0xd9, 0xfc, 0x7f, 0xf2, 0xd9, 0xfc,
    0x7e, 0xf2, 0xd9, 0xfc, 0x7d, 0xf3, 0xd9, 0xfc, 0x7d, 0xf2, 0xd9, 0xfc, 0x7e, 0xf2, 0xd8, 0xfc, 0x7e, 0xf2, 0xd8, 0xfc, 0x7c, 0xf3, 0xda, 0xfb,
    0x7d, 0xf2, 0xd8, 0xfc, 0x7d, 0xf3, 0xd8, 0xfc, 0x7d, 0xf3, 0xd9, 0xfc, 0x7c, 0xf4, 0xdb, 0xfb, 0x7d, 0xf2, 0xd9, 0xfc, 0x7e, 0xf2, 0xd8, 0xfc,
    0x7f, 0xf3, 0xd9, 0xfc, 0x7f, 0xf3, 0xd9, 0xfc, 0x7e, 0xf2, 0xd9, 0xfc, 0x7e, 0xf2, 0xd8, 0xfc, 0x7a, 0xf2, 0xda, 0xfb, 0x79, 0xf1, 0xd8, 0xfc,
    0x78, 0xf1, 0xd7, 0xfc, 0x76, 0xf1, 0xd6, 0xfc, 0x75, 0xf0, 0xd5, 0xfc, 0x73, 0xf0, 0xd4, 0xfd, 0x72, 0xf0, 0xd3, 0xfd, 0x70, 0xef, 0xd1, 0xfd,
    0x6d, 0xee, 0xcf, 0xfd, 0x6a, 0xed, 0xcd, 0xfd, 0x69, 0xed, 0xcc, 0xfd, 0x68, 0xed, 0xcb, 0xfd, 0x66, 0xeb, 0xc8, 0xfd, 0x64, 0xea, 0xc5, 0xfd,
    0x63, 0xe9, 0xc3, 0xfd, 0x62, 0xe8, 0xc3, 0xfd, 0x62, 0xe7, 0xc2, 0xfd, 0x60, 0xe5, 0xc0, 0xfd, 0x5e, 0xe2, 0xbd, 0xfd, 0x5c, 0xdf, 0xb8, 0xfd,
    0x5b, 0xdc, 0xb3, 0xfd, 0x55, 0xcf, 0x9f, 0xfd, 0x58, 0xd2, 0x98, 0xfd, 0x55, 0xb9, 0x90, 0xfd, 0x1d, 0x1e, 0x08, 0xfd, 0x25, 0x26, 0x02, 0xfd,
    0x2c, 0x2c, 0x02, 0xfd, 0x30, 0x30, 0x01, 0xfd, 0x33, 0x34, 0x01, 0xfd, 0x36, 0x37, 0x01, 0xfd, 0x37, 0x39, 0x01, 0xfd, 0x37, 0x39, 0x02, 0xfd,
    0x38, 0x3b, 0x01, 0xfd, 0x3a, 0x3e, 0x01, 0xfd, 0x3d, 0x41, 0x03, 0xfd, 0x35, 0x35, 0x00, 0xfb, 0x5e, 0x78, 0x2a, 0xff, 0xa5, 0xf8, 0x82, 0xde,
    0x00, 0x2a, 0x00, 0x06, 0x00, 0x00, 0x00, 0x00, 0x00, 0xff, 0x00, 0x01, 0x00, 0x00, 0x00, 0x00, 0x00, 0x00, 0x00, 0x00, 0x00, 0xff, 0x00, 0x01,
    0x00, 0x00, 0x00, 0x00, 0x00, 0x1f, 0x00, 0x08, 0xa5, 0xf8, 0x85, 0xdf, 0x60, 0x7a, 0x2b, 0xff, 0x35, 0x34, 0x00, 0xfb, 0x3c, 0x41, 0x03, 0xfd,
    0x39, 0x3c, 0x01, 0xfd, 0x38, 0x3b, 0x01, 0xfd, 0x38, 0x3a, 0x02, 0xfd, 0x37, 0x39, 0x02, 0xfd, 0x36, 0x38, 0x01, 0xfd, 0x35, 0x37, 0x01, 0xfd,
    0x35, 0x36, 0x02, 0xfd, 0x33, 0x34, 0x02, 0xfd, 0x30, 0x32, 0x03, 0xfd, 0x27, 0x26, 0x00, 0xfd, 0x28, 0x35, 0x19, 0xfd, 0x67, 0xe5, 0xcd, 0xfd,
    0x63, 0xeb, 0xcc, 0xfd, 0x63, 0xea, 0xcb, 0xfd, 0x65, 0xed, 0xd0, 0xfd, 0x69, 0xef, 0xd2, 0xfd, 0x6c, 0xf0, 0xd4, 0xfd, 0x72, 0xf3, 0xd8, 0xfd,
    0x74, 0xf5, 0xda, 0xfd, 0x75, 0xf5, 0xdb, 0xfd, 0x76, 0xf4, 0xda, 0xfd, 0x76, 0xf4, 0xdb, 0xfd, 0x77, 0xf4, 0xdb, 0xfd, 0x79, 0xf5, 0xdc, 0xfd,
    0x79, 0xf4, 0xdd, 0xfd, 0x83, 0xcd, 0xf3, 0xfd, 0x8b, 0xb9, 0xff, 0xfd, 0x8d, 0xbb, 0xff, 0xfd, 0x8c, 0xba, 0xfd, 0xfd, 0x8b, 0xba, 0xfd, 0xfd,
    0x8b, 0xbd, 0xfc, 0xfd, 0x88, 0xca, 0xf6, 0xfd, 0x80, 0xe8, 0xe6, 0xfd, 0x7d, 0xf6, 0xdd, 0xfc, 0x7c, 0xf3, 0xde, 0xfb, 0x7b, 0xf4, 0xde, 0xfb,
    0x7b, 0xf3, 0xdc, 0xfb, 0x7b, 0xf3, 0xda, 0xfb, 0x7e, 0xf3, 0xd9, 0xfc, 0x7e, 0xf4, 0xdb, 0xfb, 0x7b, 0xf3, 0xdb, 0xfb, 0x7c, 0xf3, 0xd9, 0xfc,
    0x7d, 0xf3, 0xd9, 0xfc, 0x7d, 0xf3, 0xd9, 0xfc, 0x7d, 0xf3, 0xd9, 0xfc, 0x7d, 0xf2, 0xda, 0xfb, 0x7d, 0xf1, 0xd8, 0xfc, 0x7f, 0xf3, 0xd9, 0xfc,
    0x7f, 0xf2, 0xd8, 0xfc, 0x7f, 0xf2, 0xd8, 0xfc, 0x7f, 0xf2, 0xd8, 0xfc, 0x7d, 0xf3, 0xd9, 0xfb, 0x7b, 0xf3, 0xda, 0xfb, 0x7d, 0xf2, 0xd8, 0xfc,
    0x7d, 0xf3, 0xd8, 0xfc, 0x7c, 0xf3, 0xd9, 0xfc, 0x7d, 0xf2, 0xd9, 0xfc, 0x7e, 0xf2, 0xd8, 0xfc, 0x7f, 0xf3, 0xd9, 0xfc, 0x7e, 0xf3, 0xd8, 0xfc,
    0x7d, 0xf2, 0xd8, 0xfc, 0x7b, 0xf1, 0xd7, 0xfc, 0x78, 0xf1, 0xd6, 0xfc, 0x77, 0xf0, 0xd6, 0xfc, 0x76, 0xf1, 0xd6, 0xfd, 0x72, 0xf0, 0xd4, 0xfd,
    0x71, 0xef, 0xd2, 0xfd, 0x70, 0xef, 0xd2, 0xfd, 0x6e, 0xef, 0xd0, 0xfd, 0x6d, 0xef, 0xcf, 0xfd, 0x6b, 0xed, 0xcd, 0xfd, 0x68, 0xec, 0xcb, 0xfd,
    0x67, 0xec, 0xca, 0xfd, 0x66, 0xeb, 0xc9, 0xfd, 0x65, 0xea, 0xc6, 0xfd, 0x62, 0xe8, 0xc3, 0xfd, 0x61, 0xe7, 0xc0, 0xfd, 0x64, 0xe8, 0xc2, 0xfd,
    0x62, 0xe6, 0xc0, 0xfd, 0x5f, 0xe4, 0xbe, 0xfd, 0x5e, 0xe1, 0xbb, 0xfd, 0x5c, 0xde, 0xb6, 0xfd, 0x5b, 0xdb, 0xb2, 0xfd, 0x5a, 0xd5, 0xa5, 0xfd,
    0x52, 0xc3, 0x89, 0xfd, 0x5f, 0xd8, 0x9e, 0xfd, 0x39, 0x68, 0x49, 0xfd, 0x1a, 0x14, 0x00, 0xfd, 0x29, 0x2c, 0x04, 0xfd, 0x2e, 0x2f, 0x01, 0xfd,
    0x32, 0x33, 0x01, 0xfd, 0x35, 0x36, 0x01, 0xfd, 0x37, 0x38, 0x01, 0xfd, 0x37, 0x39, 0x01, 0xfd, 0x38, 0x3b, 0x02, 0xfd, 0x3a, 0x3e, 0x02, 0xfd,
    0x3d, 0x41, 0x03, 0xfd, 0x36, 0x35, 0x00, 0xfb, 0x5f, 0x7a, 0x2b, 0xff, 0xa7, 0xf8, 0x85, 0xde, 0x00, 0x2a, 0x00, 0x06, 0x00, 0x00, 0x00, 0x00,
    0x00, 0xff, 0x00, 0x01, 0x00, 0x00, 0x00, 0x00, 0x00, 0x00, 0x00, 0x00, 0x00, 0xff, 0x00, 0x01, 0x00, 0x00, 0x00, 0x00, 0x00, 0x1f, 0x00, 0x08,
    0xa6, 0xf7, 0x85, 0xe0, 0x60, 0x7a, 0x2b, 0xff, 0x34, 0x34, 0x00, 0xfb, 0x3c, 0x41, 0x03, 0xfd, 0x39, 0x3c, 0x02, 0xfd, 0x39, 0x3c, 0x02, 0xfd,
    0x39, 0x3b, 0x02, 0xfd, 0x38, 0x3a, 0x02, 0xfd, 0x37, 0x39, 0x01, 0xfd, 0x35, 0x37, 0x01, 0xfd, 0x34, 0x35, 0x01, 0xfd, 0x33, 0x34, 0x02, 0xfd,
    0x30, 0x32, 0x02, 0xfd, 0x2a, 0x2b, 0x00, 0xfd, 0x22, 0x26, 0x07, 0xfd, 0x63, 0xd3, 0xbd, 0xfd, 0x66, 0xef, 0xd0, 0xfd, 0x61, 0xe6, 0xc8, 0xfd,
    0x64, 0xec, 0xce, 0xfd, 0x68, 0xee, 0xd1, 0xfd, 0x6a, 0xef, 0xd3, 0xfd, 0x6d, 0xf1, 0xd5, 0xfd, 0x71, 0xf3, 0xd9, 0xfd, 0x74, 0xf4, 0xd9, 0xfd,
    0x74, 0xf3, 0xd9, 0xfd, 0x74, 0xf3, 0xd9, 0xfd, 0x76, 0xf3, 0xd9, 0xfd, 0x78, 0xf3, 0xdb, 0xfd, 0x78, 0xf5, 0xdb, 0xfd, 0x78, 0xf5, 0xdc, 0xfd,
    0x7e, 0xe6, 0xe6, 0xfd, 0x82, 0xdb, 0xed, 0xfd, 0x83, 0xda, 0xee, 0xfd, 0x7e, 0xdf, 0xeb, 0xfd, 0x7e, 0xea, 0xe5, 0xfd, 0x7b, 0xf5, 0xdf, 0xfd,
    0x7d, 0xf7, 0xdc, 0xfc, 0x7e, 0xf2, 0xdd, 0xfc, 0x7b, 0xf3, 0xde, 0xfb, 0x7c, 0xf3, 0xdb, 0xfc, 0x7c, 0xf3, 0xd9, 0xfc, 0x7c, 0xf2, 0xd8, 0xfc,
    0x7d, 0xf3, 0xd9, 0xfc, 0x7c, 0xf3, 0xdb, 0xfb, 0x7b, 0xf3, 0xdb, 0xfb, 0x7c, 0xf2, 0xd9, 0xfc, 0x7d, 0xf3, 0xd8, 0xfc, 0x7d, 0xf3, 0xd8, 0xfc,
    0x7c, 0xf3, 0xd9, 0xfc, 0x7e, 0xf3, 0xd9, 0xfc, 0x7d, 0xf2, 0xda, 0xfb, 0x7e, 0xf2, 0xd9, 0xfc, 0x7f, 0xf3, 0xd8, 0xfc, 0x7f, 0xf2, 0xd8, 0xfc,
    0x7f, 0xf3, 0xd8, 0xfc, 0x7e, 0xf2, 0xd8, 0xfc, 0x7c, 0xf3, 0xd9, 0xfb, 0x7d, 0xf2, 0xd8, 0xfc, 0x7d, 0xf3, 0xd9, 0xfc, 0x7c, 0xf3, 0xda, 0xfb,
    0x7c, 0xf3, 0xda, 0xfb, 0x7d, 0xf2, 0xd8, 0xfc, 0x7c, 0xf2, 0xd7, 0xfc, 0x7b, 0xf1, 0xd6, 0xfc, 0x79, 0xf1, 0xd6, 0xfc, 0x78, 0xf1, 0xd6, 0xfc,
    0x76, 0xf0, 0xd5, 0xfc, 0x76, 0xf1, 0xd5, 0xfc, 0x74, 0xf1, 0xd4, 0xfd, 0x6f, 0xef, 0xd2, 0xfd, 0x6e, 0xef, 0xd1, 0xfd, 0x6e, 0xef, 0xd0, 0xfd,
    0x6d, 0xee, 0xcf, 0xfd, 0x6c, 0xee, 0xce, 0xfd, 0x69, 0xec, 0xcb, 0xfd, 0x67, 0xeb, 0xc8, 0xfd, 0x66, 0xeb, 0xc7, 0xfd, 0x65, 0xea, 0xc7, 0xfd,
    0x64, 0xe9, 0xc5, 0xfd, 0x63, 0xe7, 0xc2, 0xfd, 0x63, 0xe7, 0xc1, 0xfd, 0x63, 0xe6, 0xc0, 0xfd, 0x60, 0xe4, 0xbe, 0xfd, 0x60, 0xe3, 0xbc, 0xfd,
    0x5e, 0xe0, 0xb8, 0xfd, 0x5b, 0xdc, 0xb2, 0xfd, 0x5b, 0xda, 0xaf, 0xfd, 0x5b, 0xd5, 0xa5, 0xfd, 0x53, 0xc4, 0x8b, 0xfd, 0x58, 0xc9, 0x88, 0xfd,
    0x59, 0xb5, 0x87, 0xfd, 0x1c, 0x1d, 0x06, 0xfd, 0x24, 0x24, 0x01, 0xfd, 0x2c, 0x2d, 0x02, 0xfd, 0x32, 0x32, 0x01, 0xfd, 0x34, 0x35, 0x01, 0xfd,
    0x36, 0x38, 0x01, 0xfd, 0x37, 0x39, 0x01, 0xfd, 0x39, 0x3b, 0x02, 0xfd, 0x3a, 0x3e, 0x02, 0xfd, 0x3c, 0x41, 0x03, 0xfd, 0x36, 0x36, 0x00, 0xfb,
    0x5f, 0x7a, 0x2a, 0xff, 0xa7, 0xf6, 0x84, 0xde, 0x24, 0x24, 0x00, 0x07, 0x00, 0x00, 0x00, 0x00, 0x00, 0xff, 0x00, 0x01, 0x00, 0x00, 0x00, 0x00,
    0x00, 0x00, 0x00, 0x00, 0x00, 0xff, 0x00, 0x01, 0x00, 0x00, 0x00, 0x00, 0x00, 0x1f, 0x00, 0x08, 0xa6, 0xf8, 0x84, 0xdf, 0x60, 0x7a, 0x2c, 0xff,
    0x34, 0x33, 0x00, 0xfb, 0x3c, 0x40, 0x03, 0xfd, 0x3a, 0x3d, 0x02, 0xfd, 0x39, 0x3c, 0x02, 0xfd, 0x39, 0x3b, 0x02, 0xfd, 0x38, 0x39, 0x02, 0xfd,
    0x37, 0x38, 0x02, 0xfd, 0x36, 0x37, 0x01, 0xfd, 0x35, 0x36, 0x01, 0xfd, 0x34, 0x35, 0x02, 0xfd, 0x31, 0x32, 0x01, 0xfd, 0x2c, 0x2e, 0x02, 0xfd,
    0x1e, 0x1a, 0x00, 0xfd, 0x5b, 0xba, 0xa4, 0xfd, 0x68, 0xf4, 0xd5, 0xfd, 0x5e, 0xe3, 0xc4, 0xfd, 0x62, 0xe9, 0xca, 0xfd, 0x66, 0xec, 0xce, 0xfd,
    0x68, 0xee, 0xd0, 0xfd, 0x6a, 0xef, 0xd2, 0xfd, 0x6e, 0xf1, 0xd5, 0xfd, 0x71, 0xf3, 0xd8, 0xfd, 0x71, 0xf2, 0xd7, 0xfd, 0x73, 0xf3, 0xd7, 0xfd,
    0x75, 0xf3, 0xd8, 0xfd, 0x77, 0xf3, 0xd9, 0xfd, 0x79, 0xf3, 0xda, 0xfd, 0x7a, 0xf3, 0xdb, 0xfd, 0x79, 0xf6, 0xd9, 0xfd, 0x79, 0xf7, 0xdb, 0xfd,
    0x7c, 0xf8, 0xdd, 0xfc, 0x7c, 0xf7, 0xdd, 0xfc, 0x7d, 0xf6, 0xdd, 0xfc, 0x7e, 0xf4, 0xde, 0xfc, 0x7f, 0xf3, 0xdd, 0xfc, 0x7d, 0xf3, 0xdd, 0xfc,
    0x7b, 0xf3, 0xdd, 0xfb, 0x7d, 0xf3, 0xda, 0xfc, 0x7d, 0xf3, 0xda, 0xfc, 0x7c, 0xf2, 0xd9, 0xfc, 0x7d, 0xf2, 0xd8, 0xfc, 0x7e, 0xf2, 0xd8, 0xfc,
    0x7d, 0xf3, 0xd9, 0xfc, 0x7d, 0xf2, 0xd8, 0xfc, 0x7d, 0xf3, 0xd8, 0xfc, 0x7e, 0xf3, 0xd9, 0xfc, 0x7e, 0xf3, 0xd9, 0xfc, 0x7f, 0xf3, 0xd9, 0xfc,
    0x7d, 0xf3, 0xda, 0xfb, 0x7d, 0xf3, 0xda, 0xfb, 0x7d, 0xf2, 0xd8, 0xfc, 0x7e, 0xf3, 0xd8, 0xfc, 0x7f, 0xf3, 0xd9, 0xfc, 0x7e, 0xf3, 0xd9, 0xfc,
    0x7d, 0xf3, 0xd8, 0xfc, 0x7d, 0xf2, 0xd8, 0xfc, 0x7d, 0xf2, 0xd8, 0xfc, 0x7b, 0xf3, 0xda, 0xfb, 0x79, 0xf1, 0xd9, 0xfb, 0x79, 0xf0, 0xd8, 0xfb,
    0x79, 0xf0, 0xd6, 0xfc, 0x79, 0xf1, 0xd6, 0xfc, 0x78, 0xf1, 0xd5, 0xfc, 0x77, 0xf1, 0xd5, 0xfc, 0x73, 0xf0, 0xd4, 0xfd, 0x72, 0xf0, 0xd3, 0xfd,
    0x71, 0xef, 0xd1, 0xfd, 0x6e, 0xee, 0xcf, 0xfd, 0x6c, 0xee, 0xcf, 0xfd, 0x6c, 0xee, 0xce, 0xfd, 0x6c, 0xed, 0xcd, 0xfd, 0x6a, 0xec, 0xcb, 0xfd,
    0x67, 0xea, 0xc7, 0xfd, 0x66, 0xea, 0xc6, 0xfd, 0x65, 0xea, 0xc6, 0xfd, 0x65, 0xe9, 0xc4, 0xfd, 0x63, 0xe7, 0xc2, 0xfd, 0x63, 0xe6, 0xc1, 0xfd,
    0x62, 0xe6, 0xc0, 0xfd, 0x61, 0xe4, 0xbd, 0xfd, 0x60, 0xe2, 0xbb, 0xfd, 0x5f, 0xe2, 0xba, 0xfd, 0x5e, 0xdf, 0xb7, 0xfd, 0x5a, 0xda, 0xb0, 0xfd,
    0x59, 0xd8, 0xab, 0xfd, 0x5a, 0xd3, 0xa4, 0xfd, 0x55, 0xc5, 0x8c, 0xfd, 0x52, 0xbd, 0x79, 0xfd, 0x64, 0xd3, 0x95, 0xfd, 0x30, 0x4e, 0x30, 0xfd,
    0x1c, 0x17, 0x00, 0xfd, 0x2a, 0x2d, 0x04, 0xfd, 0x30, 0x31, 0x01, 0xfd, 0x33, 0x34, 0x01, 0xfd, 0x35, 0x37, 0x01, 0xfd, 0x37, 0x3a, 0x01, 0xfd,
    0x39, 0x3c, 0x01, 0xfd, 0x3a, 0x3e, 0x02, 0xfd, 0x3d, 0x41, 0x03, 0xfd, 0x36, 0x36, 0x00, 0xfb, 0x5f, 0x79, 0x2a, 0xff, 0xa6, 0xf6, 0x82, 0xdd,
    0x00, 0x24, 0x00, 0x07, 0x00, 0x00, 0x00, 0x00, 0x00, 0xff, 0x00, 0x01, 0x00, 0x00, 0x00, 0x00, 0x00, 0x00, 0x00, 0x00, 0x00, 0xff, 0x00, 0x01,
    0x00, 0x00, 0x00, 0x00, 0x00, 0x1f, 0x00, 0x08, 0xa8, 0xf8, 0x85, 0xdf, 0x5f, 0x79, 0x2b, 0xff, 0x33, 0x33, 0x00, 0xfb, 0x3b, 0x41, 0x03, 0xfd,
    0x39, 0x3c, 0x01, 0xfd, 0x38, 0x3b, 0x02, 0xfd, 0x37, 0x3a, 0x02, 0xfd, 0x37, 0x38, 0x01, 0xfd, 0x36, 0x38, 0x01, 0xfd, 0x35, 0x37, 0x01, 0xfd,
    0x35, 0x37, 0x02, 0xfd, 0x34, 0x35, 0x01, 0xfd, 0x31, 0x32, 0x01, 0xfd, 0x2d, 0x31, 0x04, 0xfd, 0x1d, 0x16, 0x00, 0xfd, 0x4c, 0x95, 0x7e, 0xfd,
    0x6c, 0xf8, 0xda, 0xfd, 0x5c, 0xe1, 0xc0, 0xfd, 0x60, 0xe6, 0xc6, 0xfd, 0x64, 0xea, 0xcb, 0xfd, 0x67, 0xec, 0xcd, 0xfd, 0x69, 0xee, 0xd0, 0xfd,
    0x6b, 0xef, 0xd2, 0xfd, 0x6d, 0xf1, 0xd5, 0xfd, 0x70, 0xf2, 0xd5, 0xfd, 0x72, 0xf2, 0xd6, 0xfd, 0x73, 0xf2, 0xd6, 0xfd, 0x75, 0xf2, 0xd7, 0xfd,
    0x77, 0xf2, 0xd8, 0xfd, 0x7a, 0xf3, 0xd9, 0xfd, 0x7c, 0xf3, 0xdb, 0xfc, 0x7d, 0xf2, 0xdc, 0xfc, 0x7d, 0xf2, 0xdc, 0xfc, 0x7f, 0xf3, 0xdd, 0xfc,
    0x7f, 0xf3, 0xdd, 0xfc, 0x7f, 0xf4, 0xdd, 0xfc, 0x7f, 0xf4, 0xdc, 0xfc, 0x7e, 0xf4, 0xdc, 0xfc, 0x7d, 0xf4, 0xdc, 0xfb, 0x7d, 0xf3, 0xda, 0xfc,
    0x7e, 0xf3, 0xd9, 0xfc, 0x7d, 0xf2, 0xd8, 0xfc, 0x7e, 0xf2, 0xd8, 0xfc, 0x7c, 0xf2, 0xd9, 0xfb, 0x7d, 0xf3, 0xd9, 0xfb, 0x7e, 0xf3, 0xd8, 0xfc,
    0x7e, 0xf3, 0xd8, 0xfc, 0x7f, 0xf4, 0xd9, 0xfc, 0x7e, 0xf3, 0xd8, 0xfc, 0x7e, 0xf2, 0xd7, 0xfc, 0x7c, 0xf2, 0xd8, 0xfc, 0x7c, 0xf3, 0xda, 0xfb,
    0x7e, 0xf3, 0xd8, 0xfc, 0x7f, 0xf3, 0xd8, 0xfc, 0x7f, 0xf3, 0xd9, 0xfc, 0x7e, 0xf3, 0xd8, 0xfc, 0x7c, 0xf2, 0xd8, 0xfc, 0x7c, 0xf2, 0xd8, 0xfc,
    0x7b, 0xf1, 0xd7, 0xfc, 0x78, 0xf1, 0xd8, 0xfb, 0x77, 0xf0, 0xd7, 0xfb, 0x77, 0xf0, 0xd7, 0xfb, 0x77, 0xf0, 0xd6, 0xfb, 0x78, 0xf1, 0xd5, 0xfc,
    0x76, 0xf1, 0xd5, 0xfc, 0x73, 0xf0, 0xd4, 0xfd, 0x72, 0xf0, 0xd2, 0xfd, 0x72, 0xef, 0xd2, 0xfd, 0x6f, 0xef, 0xd0, 0xfd, 0x6d, 0xef, 0xce, 0xfd,
    0x6c, 0xee, 0xcd, 0xfd, 0x6a, 0xed, 0xcc, 0xfd, 0x69, 0xec, 0xca, 0xfd, 0x67, 0xea, 0xc7, 0xfd, 0x65, 0xe8, 0xc4, 0xfd, 0x64, 0xe9, 0xc3, 0xfd,
    0x64, 0xe8, 0xc4, 0xfd, 0x64, 0xe7, 0xc1, 0xfd, 0x63, 0xe5, 0xbf, 0xfd, 0x61, 0xe4, 0xbd, 0xfd, 0x60, 0xe2, 0xbc, 0xfd, 0x60, 0xe2, 0xbb, 0xfd,
    0x5f, 0xe1, 0xb9, 0xfd, 0x5d, 0xdf, 0xb7, 0xfd, 0x5d, 0xde, 0xb4, 0xfd, 0x5b, 0xda, 0xae, 0xfd, 0x59, 0xd6, 0xa7, 0xfd, 0x58, 0xd1, 0x9f, 0xfd,
    0x55, 0xc4, 0x89, 0xfd, 0x50, 0xb9, 0x72, 0xfd, 0x60, 0xce, 0x87, 0xfd, 0x49, 0x89, 0x60, 0xfd, 0x19, 0x13, 0x00, 0xfd, 0x28, 0x2b, 0x03, 0xfd,
    0x2e, 0x2f, 0x01, 0xfd, 0x33, 0x33, 0x01, 0xfd, 0x35, 0x36, 0x01, 0xfd, 0x36, 0x38, 0x01, 0xfd, 0x38, 0x3a, 0x01, 0xfd, 0x3a, 0x3d, 0x01, 0xfd,
    0x3d, 0x41, 0x03, 0xfd, 0x37, 0x37, 0x00, 0xfb, 0x60, 0x7a, 0x2a, 0xff, 0xa8, 0xf6, 0x84, 0xdd, 0x00, 0x2a, 0x00, 0x06, 0x00, 0x00, 0x00, 0x00,
    0x00, 0xff, 0x00, 0x01, 0x00, 0x00, 0x00, 0x00, 0x00, 0x00, 0x00, 0x00, 0x00, 0xff, 0x00, 0x01, 0x00, 0x00, 0x00, 0x00, 0x19, 0x4c, 0x00, 0x0a,
    0xa6, 0xf8, 0x84, 0xe1, 0x60, 0x79, 0x2a, 0xff, 0x33, 0x34, 0x00, 0xfb, 0x3b, 0x40, 0x03, 0xfd, 0x39, 0x3d, 0x02, 0xfd, 0x38, 0x3b, 0x02, 0xfd,
    0x38, 0x3a, 0x02, 0xfd, 0x37, 0x39, 0x02, 0xfd, 0x36, 0x38, 0x01, 0xfd, 0x35, 0x37, 0x01, 0xfd, 0x34, 0x36, 0x02, 0xfd, 0x34, 0x35, 0x01, 0xfd,
    0x32, 0x33, 0x01, 0xfd, 0x2e, 0x31, 0x04, 0xfd, 0x20, 0x1a, 0x00, 0xfd, 0x3b, 0x67, 0x4f, 0xfd, 0x6c, 0xf7, 0xda, 0xfd, 0x5d, 0xe1, 0xbf, 0xfd,
    0x5f, 0xe5, 0xc3, 0xfd, 0x63, 0xe8, 0xc8, 0xfd, 0x64, 0xea, 0xca, 0xfd, 0x66, 0xeb, 0xcc, 0xfd, 0x69, 0xed, 0xce, 0xfd, 0x6a, 0xef, 0xd1, 0xfd,
    0x6c, 0xf0, 0xd3, 0xfd, 0x6f, 0xf0, 0xd4, 0xfd, 0x71, 0xf1, 0xd4, 0xfd, 0x73, 0xf2, 0xd6, 0xfd, 0x75, 0xf2, 0xd7, 0xfd, 0x77, 0xf2, 0xd8, 0xfd,
    0x78, 0xf3, 0xd8, 0xfd, 0x7b, 0xf3, 0xd9, 0xfc, 0x7c, 0xf3, 0xda, 0xfc, 0x7e, 0xf3, 0xdb, 0xfc, 0x7e, 0xf3, 0xda, 0xfc, 0x7e, 0xf3, 0xda, 0xfc,
    0x7d, 0xf3, 0xd9, 0xfc, 0x7c, 0xf3, 0xd9, 0xfc, 0x7d, 0xf3, 0xd9, 0xfc, 0x7d, 0xf2, 0xd9, 0xfc, 0x7d, 0xf3, 0xd8, 0xfc, 0x7d, 0xf2, 0xd8, 0xfc,
    0x7e, 0xf2, 0xd8, 0xfc, 0x7d, 0xf2, 0xd9, 0xfb, 0x7e, 0xf3, 0xd9, 0xfb, 0x7f, 0xf3, 0xd8, 0xfc, 0x7e, 0xf3, 0xd8, 0xfc, 0x7e, 0xf2, 0xd7, 0xfc,
    0x7e, 0xf3, 0xd8, 0xfc, 0x7d, 0xf2, 0xd8, 0xfc, 0x7d, 0xf3, 0xd8, 0xfc, 0x7e, 0xf3, 0xd8, 0xfc, 0x7e, 0xf3, 0xd8, 0xfc, 0x7d, 0xf3, 0xd8, 0xfc,
    0x7d, 0xf2, 0xd7, 0xfc, 0x7c, 0xf2, 0xd7, 0xfc, 0x7a, 0xf1, 0xd6, 0xfc, 0x7a, 0xf1, 0xd7, 0xfc, 0x7a, 0xf2, 0xd7, 0xfc, 0x79, 0xf0, 0xd6, 0xfc,
    0x76, 0xf0, 0xd6, 0xfb, 0x76, 0xf0, 0xd6, 0xfb, 0x77, 0xf0, 0xd4, 0xfc, 0x76, 0xf1, 0xd4, 0xfc, 0x73, 0xf0, 0xd4, 0xfd, 0x72, 0xf0, 0xd2, 0xfd,
    0x72, 0xef, 0xd1, 0xfd, 0x71, 0xef, 0xd0, 0xfd, 0x6e, 0xee, 0xcf, 0xfd, 0x6c, 0xee, 0xcc, 0xfd, 0x6b, 0xed, 0xcb, 0xfd, 0x6a, 0xed, 0xca, 0xfd,
    0x68, 0xec, 0xc8, 0xfd, 0x66, 0xe9, 0xc5, 0xfd, 0x65, 0xe7, 0xc3, 0xfd, 0x64, 0xe8, 0xc3, 0xfd, 0x64, 0xe7, 0xc1, 0xfd, 0x63, 0xe6, 0xc0, 0xfd,
    0x62, 0xe4, 0xbe, 0xfd, 0x61, 0xe3, 0xbc, 0xfd, 0x60, 0xe2, 0xbb, 0xfd, 0x60, 0xe1, 0xb9, 0xfd, 0x5f, 0xdf, 0xb7, 0xfd, 0x5c, 0xdd, 0xb3, 0xfd,
    0x5b, 0xda, 0xae, 0xfd, 0x59, 0xd7, 0xa9, 0xfd, 0x59, 0xd3, 0xa3, 0xfd, 0x57, 0xce, 0x9a, 0xfd, 0x52, 0xc0, 0x80, 0xfd, 0x50, 0xb8, 0x6e, 0xfd,
    0x5a, 0xc0, 0x74, 0xfd, 0x5b, 0xb2, 0x7d, 0xfd, 0x1c, 0x1f, 0x05, 0xfd, 0x24, 0x24, 0x01, 0xfd, 0x2c, 0x2d, 0x02, 0xfd, 0x31, 0x32, 0x01, 0xfd,
    0x35, 0x36, 0x01, 0xfd, 0x37, 0x38, 0x01, 0xfd, 0x38, 0x3a, 0x01, 0xfd, 0x39, 0x3d, 0x02, 0xfd, 0x3c, 0x41, 0x03, 0xfd, 0x36, 0x36, 0x00, 0xfb,
    0x60, 0x7a, 0x2a, 0xff, 0xa6, 0xf6, 0x83, 0xdd, 0x00, 0x2a, 0x00, 0x06, 0x00, 0x00, 0x00, 0x00, 0x00, 0xff, 0x00, 0x01, 0x00, 0x00, 0x00, 0x00,
    0x00, 0x00, 0x00, 0x00, 0x00, 0xff, 0x00, 0x01, 0x00, 0x00, 0x00, 0x00, 0x00, 0x1f, 0x00, 0x08, 0xa5, 0xf6, 0x83, 0xdf, 0x61, 0x7b, 0x2b, 0xff,
    0x35, 0x34, 0x00, 0xfb, 0x3a, 0x3f, 0x03, 0xfc, 0x39, 0x3d, 0x01, 0xfd, 0x39, 0x3b, 0x02, 0xfd, 0x38, 0x3a, 0x01, 0xfd, 0x37, 0x39, 0x02, 0xfd,
    0x37, 0x38, 0x02, 0xfd, 0x36, 0x37, 0x02, 0xfd, 0x34, 0x36, 0x02, 0xfd, 0x33, 0x35, 0x01, 0xfd, 0x32, 0x33, 0x02, 0xfd, 0x30, 0x31, 0x03, 0xfd,
    0x25, 0x23, 0x00, 0xfd, 0x2b, 0x3d, 0x22, 0xfd, 0x69, 0xe9, 0xce, 0xfd, 0x5e, 0xe4, 0xc1, 0xfd, 0x5d, 0xe2, 0xc0, 0xfd, 0x60, 0xe6, 0xc4, 0xfd,
    0x62, 0xe8, 0xc7, 0xfd, 0x62, 0xe8, 0xc7, 0xfd, 0x66, 0xeb, 0xcb, 0xfd, 0x67, 0xec, 0xcd, 0xfd, 0x6a, 0xed, 0xce, 0xfd, 0x6d, 0xef, 0xd0, 0xfd,
    0x70, 0xf0, 0xd3, 0xfd, 0x71, 0xf1, 0xd4, 0xfd, 0x73, 0xf2, 0xd5, 0xfd, 0x76, 0xf2, 0xd6, 0xfd, 0x77, 0xf3, 0xd7, 0xfd, 0x77, 0xf2, 0xd7, 0xfd,
    0x7a, 0xf2, 0xd8, 0xfc, 0x7b, 0xf2, 0xd8, 0xfc, 0x7c, 0xf2, 0xd8, 0xfc, 0x7c, 0xf2, 0xd8, 0xfc, 0x7c, 0xf2, 0xd9, 0xfc, 0x7c, 0xf2, 0xd8, 0xfc,
    0x7e, 0xf3, 0xd8, 0xfc, 0x7e, 0xf2, 0xd8, 0xfc, 0x7e, 0xf3, 0xd9, 0xfc, 0x7e, 0xf3, 0xd9, 0xfc, 0x7e, 0xf2, 0xd8, 0xfc, 0x7e, 0xf2, 0xd7, 0xfc,
    0x7f, 0xf2, 0xd8, 0xfc, 0x7f, 0xf3, 0xd8, 0xfc, 0x7d, 0xf2, 0xd7, 0xfd, 0x7e, 0xf2, 0xd8, 0xfc, 0x7d, 0xf2, 0xd8, 0xfc, 0x7d, 0xf2, 0xd8, 0xfc,
    0x7c, 0xf2, 0xd8, 0xfc, 0x7c, 0xf2, 0xd8, 0xfc, 0x7b, 0xf2, 0xd8, 0xfb, 0x79, 0xf1, 0xd7, 0xfc, 0x7a, 0xf0, 0xd6, 0xfc, 0x7a, 0xf0, 0xd5, 0xfc,
    0x78, 0xf0, 0xd5, 0xfc, 0x78, 0xf0, 0xd4, 0xfc, 0x78, 0xf1, 0xd5, 0xfc, 0x78, 0xf1, 0xd5, 0xfc, 0x77, 0xf0, 0xd4, 0xfc, 0x76, 0xf0, 0xd4, 0xfc,
    0x74, 0xf0, 0xd2, 0xfd, 0x73, 0xf0, 0xd2, 0xfd, 0x72, 0xef, 0xd1, 0xfd, 0x70, 0xef, 0xd0, 0xfd, 0x70, 0xef, 0xcf, 0xfd, 0x6e, 0xed, 0xcd, 0xfd,
    0x6d, 0xec, 0xcc, 0xfd, 0x6b, 0xec, 0xca, 0xfd, 0x69, 0xeb, 0xc9, 0xfd, 0x69, 0xeb, 0xc7, 0xfd, 0x67, 0xe9, 0xc5, 0xfd, 0x65, 0xe8, 0xc3, 0xfd,
    0x64, 0xe7, 0xc1, 0xfd, 0x64, 0xe7, 0xc0, 0xfd, 0x64, 0xe6, 0xc0, 0xfd, 0x63, 0xe6, 0xbf, 0xfd, 0x61, 0xe4, 0xbe, 0xfd, 0x60, 0xe2, 0xbb, 0xfd,
    0x60, 0xe1, 0xb9, 0xfd, 0x5f, 0xe0, 0xb7, 0xfd, 0x5e, 0xdd, 0xb4, 0xfd, 0x5a, 0xda, 0xaf, 0xfd, 0x5a, 0xd7, 0xaa, 0xfd, 0x59, 0xd4, 0xa4, 0xfd,
    0x58, 0xd0, 0x9e, 0xfd, 0x57, 0xca, 0x95, 0xfd, 0x52, 0xbd, 0x79, 0xfd, 0x51, 0xb6, 0x6b, 0xfd, 0x56, 0xb7, 0x68, 0xfd, 0x63, 0xc6, 0x85, 0xfd,
    0x26, 0x36, 0x1a, 0xfd, 0x1f, 0x1c, 0x00, 0xfd, 0x2a, 0x2b, 0x02, 0xfd, 0x30, 0x30, 0x01, 0xfd, 0x34, 0x35, 0x01, 0xfd, 0x37, 0x38, 0x01, 0xfd,
    0x38, 0x3b, 0x01, 0xfd, 0x3a, 0x3d, 0x01, 0xfd, 0x3d, 0x41, 0x03, 0xfd, 0x35, 0x35, 0x00, 0xfb, 0x5f, 0x7b, 0x2a, 0xff, 0xa6, 0xf6, 0x82, 0xdd,
    0x00, 0x00, 0x00, 0x06, 0x00, 0x00, 0x00, 0x00, 0x00, 0xff, 0x00, 0x01, 0x00, 0x00, 0x00, 0x00, 0x00, 0x00, 0x00, 0x00, 0x00, 0xff, 0x00, 0x01,
    0x00, 0x00, 0x00, 0x00, 0x00, 0x1f, 0x00, 0x08, 0xa6, 0xf8, 0x85, 0xdf, 0x61, 0x7b, 0x2b, 0xff, 0x34, 0x33, 0x00, 0xfb, 0x3c, 0x41, 0x03, 0xfd,
    0x39, 0x3d, 0x02, 0xfd, 0x38, 0x3b, 0x01, 0xfd, 0x38, 0x3a, 0x01, 0xfd, 0x38, 0x39, 0x01, 0xfd, 0x37, 0x38, 0x01, 0xfd, 0x36, 0x37, 0x02, 0xfd,
    0x35, 0x36, 0x02, 0xfd, 0x33, 0x34, 0x01, 0xfd, 0x32, 0x33, 0x01, 0xfd, 0x2f, 0x30, 0x01, 0xfd, 0x2a, 0x2b, 0x01, 0xfd, 0x1f, 0x1f, 0x03, 0xfd,
    0x5e, 0xc6, 0xae, 0xfd, 0x61, 0xea, 0xc8, 0xfd, 0x5b, 0xdf, 0xbc, 0xfd, 0x5e, 0xe4, 0xc0, 0xfd, 0x5f, 0xe5, 0xc2, 0xfd, 0x5f, 0xe6, 0xc4, 0xfd,
    0x62, 0xe8, 0xc7, 0xfd, 0x66, 0xea, 0xc9, 0xfd, 0x69, 0xec, 0xcb, 0xfd, 0x6a, 0xed, 0xcd, 0xfd, 0x6b, 0xed, 0xce, 0xfd, 0x6d, 0xef, 0xd0, 0xfd,
    0x71, 0xf1, 0xd3, 0xfd, 0x73, 0xf1, 0xd3, 0xfd, 0x75, 0xf1, 0xd4, 0xfd, 0x76, 0xf1, 0xd5, 0xfd, 0x76, 0xf1, 0xd6, 0xfd, 0x77, 0xf2, 0xd6, 0xfd,
    0x77, 0xf1, 0xd6, 0xfd, 0x79, 0xf1, 0xd6, 0xfd, 0x7b, 0xf2, 0xd7, 0xfc, 0x7c, 0xf2, 0xd7, 0xfc, 0x7d, 0xf3, 0xd8, 0xfc, 0x7e, 0xf3, 0xd8, 0xfc,
    0x7e, 0xf3, 0xd9, 0xfc, 0x7d, 0xf2, 0xd8, 0xfc, 0x7d, 0xf2, 0xd8, 0xfc, 0x7d, 0xf2, 0xd7, 0xfc, 0x7d, 0xf2, 0xd7, 0xfc, 0x7d, 0xf3, 0xd8, 0xfc,
    0x7e, 0xf3, 0xd8, 0xfc, 0x7e, 0xf2, 0xd8, 0xfc, 0x7b, 0xf1, 0xd7, 0xfc, 0x7a, 0xf1, 0xd8, 0xfc, 0x78, 0xf1, 0xd7, 0xfb, 0x79, 0xf0, 0xd5, 0xfc,
    0x79, 0xf0, 0xd5, 0xfc, 0x77, 0xf0, 0xd5, 0xfc, 0x77, 0xf1, 0xd5, 0xfc, 0x77, 0xf0, 0xd4, 0xfc, 0x75, 0xef, 0xd4, 0xfc, 0x76, 0xf0, 0xd4, 0xfc,
    0x76, 0xf0, 0xd4, 0xfc, 0x75, 0xf0, 0xd4, 0xfc, 0x74, 0xf0, 0xd3, 0xfc, 0x73, 0xf0, 0xd3, 0xfc, 0x71, 0xf0, 0xd1, 0xfd, 0x71, 0xef, 0xd0, 0xfd,
    0x70, 0xef, 0xcf, 0xfd, 0x6f, 0xee, 0xce, 0xfd, 0x6f, 0xee, 0xcd, 0xfd, 0x6d, 0xed, 0xcb, 0xfd, 0x6a, 0xeb, 0xc9, 0xfd, 0x6a, 0xeb, 0xc8, 0xfd,
    0x69, 0xea, 0xc6, 0xfd, 0x67, 0xe8, 0xc4, 0xfd, 0x65, 0xe7, 0xc2, 0xfd, 0x64, 0xe6, 0xc0, 0xfd, 0x64, 0xe5, 0xbf, 0xfd, 0x63, 0xe5, 0xbf, 0xfd,
    0x63, 0xe4, 0xbe, 0xfd, 0x63, 0xe4, 0xbe, 0xfd, 0x62, 0xe3, 0xbb, 0xfd, 0x62, 0xe1, 0xb9, 0xfd, 0x61, 0xe0, 0xb8, 0xfd, 0x60, 0xde, 0xb4, 0xfd,
    0x5e, 0xdb, 0xaf, 0xfd, 0x5c, 0xd8, 0xab, 0xfd, 0x5a, 0xd4, 0xa6, 0xfd, 0x59, 0xd0, 0x9f, 0xfd, 0x58, 0xcc, 0x99, 0xfd, 0x56, 0xc5, 0x8c, 0xfd,
    0x52, 0xb9, 0x72, 0xfd, 0x51, 0xb4, 0x69, 0xfd, 0x53, 0xb0, 0x60, 0xfd, 0x67, 0xc9, 0x80, 0xfd, 0x33, 0x50, 0x2f, 0xfd, 0x1a, 0x16, 0x00, 0xfd,
    0x2a, 0x2c, 0x03, 0xfd, 0x30, 0x30, 0x01, 0xfd, 0x34, 0x35, 0x01, 0xfd, 0x36, 0x37, 0x01, 0xfd, 0x38, 0x3b, 0x01, 0xfd, 0x3a, 0x3e, 0x01, 0xfd,
    0x3d, 0x41, 0x03, 0xfd, 0x36, 0x36, 0x00, 0xfb, 0x5f, 0x7a, 0x29, 0xff, 0xa5, 0xf6, 0x80, 0xde, 0x00, 0x24, 0x00, 0x07, 0x00, 0x00, 0x00, 0x00,
    0x00, 0xff, 0x00, 0x01, 0x00, 0x00, 0x00, 0x00, 0x00, 0x00, 0x00, 0x00, 0x00, 0xff, 0x00, 0x01, 0x00, 0x00, 0x00, 0x00, 0x00, 0x1f, 0x00, 0x08,
    0xa8, 0xf6, 0x85, 0xdf, 0x61, 0x7a, 0x2c, 0xff, 0x34, 0x34, 0x00, 0xfb, 0x3c, 0x41, 0x04, 0xfd, 0x3a, 0x3d, 0x02, 0xfd, 0x39, 0x3b, 0x01, 0xfd,
    0x38, 0x3a, 0x01, 0xfd, 0x38, 0x39, 0x01, 0xfd, 0x36, 0x37, 0x01, 0xfd, 0x35, 0x37, 0x01, 0xfd, 0x35, 0x36, 0x01, 0xfd, 0x35, 0x36, 0x01, 0xfd,
    0x33, 0x34, 0x01, 0xfd, 0x2f, 0x31, 0x02, 0xfd, 0x2d, 0x2f, 0x04, 0xfd, 0x1c, 0x15, 0x00, 0xfd, 0x48, 0x8d, 0x75, 0xfd, 0x69, 0xf4, 0xd3, 0xfd,
    0x59, 0xda, 0xb7, 0xfd, 0x5b, 0xe0, 0xbc, 0xfd, 0x5d, 0xe2, 0xbf, 0xfd, 0x60, 0xe4, 0xc1, 0xfd, 0x61, 0xe5, 0xc2, 0xfd, 0x63, 0xe7, 0xc4, 0xfd,
    0x65, 0xe9, 0xc7, 0xfd, 0x66, 0xea, 0xc9, 0xfd, 0x67, 0xeb, 0xca, 0xfd, 0x69, 0xed, 0xcc, 0xfd, 0x6d, 0xee, 0xcf, 0xfd, 0x70, 0xef, 0xd1, 0xfd,
    0x73, 0xf0, 0xd3, 0xfd, 0x74, 0xf0, 0xd4, 0xfd, 0x75, 0xf1, 0xd5, 0xfd, 0x76, 0xf1, 0xd5, 0xfd, 0x77, 0xf1, 0xd5, 0xfd, 0x77, 0xf1, 0xd5, 0xfd,
    0x79, 0xf1, 0xd6, 0xfd, 0x7a, 0xf1, 0xd6, 0xfc, 0x7a, 0xf1, 0xd6, 0xfc, 0x7b, 0xf2, 0xd7, 0xfc, 0x7b, 0xf2, 0xd7, 0xfc, 0x7c, 0xf2, 0xd7, 0xfc,
    0x79, 0xf1, 0xd7, 0xfd, 0x7b, 0xf1, 0xd7, 0xfc, 0x7a, 0xf1, 0xd6, 0xfc, 0x77, 0xf0, 0xd5, 0xfd, 0x7a, 0xf1, 0xd6, 0xfc, 0x7b, 0xf1, 0xd6, 0xfc,
    0x79, 0xf0, 0xd5, 0xfc, 0x77, 0xf0, 0xd5, 0xfc, 0x76, 0xef, 0xd4, 0xfc, 0x77, 0xf0, 0xd4, 0xfc, 0x77, 0xf0, 0xd4, 0xfc, 0x77, 0xf0, 0xd4, 0xfc,
    0x75, 0xf0, 0xd3, 0xfd, 0x74, 0xf0, 0xd3, 0xfd, 0x72, 0xf0, 0xd2, 0xfd, 0x72, 0xef, 0xd1, 0xfd, 0x71, 0xef, 0xd1, 0xfd, 0x73, 0xef, 0xd1, 0xfc,
    0x71, 0xef, 0xd0, 0xfd, 0x6e, 0xee, 0xce, 0xfd, 0x6f, 0xee, 0xce, 0xfd, 0x6f, 0xee, 0xce, 0xfd, 0x6e, 0xee, 0xcd, 0xfd, 0x6c, 0xec, 0xcb, 0xfd,
    0x6c, 0xec, 0xca, 0xfd, 0x6c, 0xeb, 0xc9, 0xfd, 0x6a, 0xeb, 0xc8, 0xfd, 0x69, 0xea, 0xc6, 0xfd, 0x68, 0xe8, 0xc4, 0xfd, 0x67, 0xe7, 0xc2, 0xfd,
    0x67, 0xe7, 0xc2, 0xfc, 0x65, 0xe5, 0xbf, 0xfd, 0x63, 0xe4, 0xbf, 0xfd, 0x62, 0xe3, 0xbd, 0xfd, 0x63, 0xe2, 0xbc, 0xfd, 0x62, 0xe2, 0xba, 0xfd,
    0x61, 0xe1, 0xb8, 0xfd, 0x62, 0xe0, 0xb7, 0xfd, 0x62, 0xde, 0xb3, 0xfd, 0x5f, 0xdb, 0xaf, 0xfd, 0x5d, 0xd8, 0xaa, 0xfd, 0x5b, 0xd5, 0xa6, 0xfd,
    0x58, 0xd0, 0xa0, 0xfd, 0x57, 0xcb, 0x98, 0xfd, 0x57, 0xc9, 0x94, 0xfd, 0x54, 0xc0, 0x80, 0xfd, 0x50, 0xb6, 0x6c, 0xfd, 0x53, 0xb3, 0x67, 0xfd,
    0x51, 0xaa, 0x5a, 0xfd, 0x66, 0xc6, 0x76, 0xfd, 0x3f, 0x66, 0x3f, 0xfd, 0x18, 0x13, 0x00, 0xfd, 0x2a, 0x2c, 0x04, 0xfd, 0x30, 0x30, 0x01, 0xfd,
    0x34, 0x35, 0x01, 0xfd, 0x36, 0x38, 0x01, 0xfd, 0x38, 0x3a, 0x01, 0xfd, 0x39, 0x3d, 0x01, 0xfd, 0x3d, 0x41, 0x03, 0xfd, 0x35, 0x35, 0x00, 0xfb,
    0x5f, 0x7a, 0x29, 0xff, 0xa5, 0xf6, 0x7f, 0xdc, 0x00, 0x00, 0x00, 0x06, 0x00, 0x00, 0x00, 0x00, 0x00, 0xff, 0x00, 0x01, 0x00, 0x00, 0x00, 0x00,
    0x00, 0x00, 0x00, 0x00, 0x00, 0xff, 0x00, 0x01, 0x00, 0x00, 0x00, 0x00, 0x00, 0x00, 0x00, 0x07, 0xa6, 0xf8, 0x84, 0xde, 0x61, 0x7b, 0x2b, 0xff,
    0x36, 0x35, 0x00, 0xfb, 0x3d, 0x41, 0x03, 0xfd, 0x3a, 0x3e, 0x02, 0xfd, 0x39, 0x3c, 0x01, 0xfd, 0x38, 0x3a, 0x01, 0xfd, 0x37, 0x39, 0x02, 0xfd,
    0x36, 0x37, 0x01, 0xfd, 0x35, 0x37, 0x01, 0xfd, 0x35, 0x36, 0x02, 0xfd, 0x34, 0x35, 0x01, 0xfd, 0x33, 0x35, 0x02, 0xfd, 0x31, 0x33, 0x02, 0xfd,
    0x2e, 0x30, 0x04, 0xfd, 0x20, 0x1c, 0x00, 0xfd, 0x30, 0x4c, 0x33, 0xfd, 0x6d, 0xef, 0xd1, 0xfd, 0x5b, 0xdc, 0xb9, 0xfd, 0x59, 0xdc, 0xb8, 0xfd,
    0x5b, 0xde, 0xbb, 0xfd, 0x60, 0xe3, 0xbf, 0xfd, 0x60, 0xe3, 0xc0, 0xfd, 0x60, 0xe4, 0xc0, 0xfd, 0x62, 0xe6, 0xc3, 0xfd, 0x65, 0xe9, 0xc6, 0xfd,
    0x66, 0xea, 0xc8, 0xfd, 0x67, 0xea, 0xc9, 0xfd, 0x69, 0xeb, 0xcb, 0xfd, 0x6c, 0xed, 0xcd, 0xfd, 0x6e, 0xed, 0xce, 0xfd, 0x6f, 0xee, 0xcf, 0xfd,
    0x72, 0xf0, 0xd2, 0xfd, 0x73, 0xf0, 0xd2, 0xfd, 0x76, 0xf0, 0xd3, 0xfd, 0x77, 0xf0, 0xd4, 0xfd, 0x76, 0xf0, 0xd4, 0xfd, 0x75, 0xf0, 0xd3, 0xfd,
    0x75, 0xf0, 0xd3, 0xfd, 0x76, 0xf0, 0xd4, 0xfd, 0x77, 0xf0, 0xd4, 0xfd, 0x77, 0xf0, 0xd4, 0xfd, 0x76, 0xf0, 0xd5, 0xfd, 0x76, 0xf1, 0xd4, 0xfd,
    0x76, 0xf0, 0xd4, 0xfd, 0x75, 0xef, 0xd3, 0xfd, 0x75, 0xef, 0xd3, 0xfd, 0x76, 0xf0, 0xd3, 0xfd, 0x77, 0xf0, 0xd4, 0xfc, 0x77, 0xef, 0xd4, 0xfc,
    0x75, 0xef, 0xd3, 0xfc, 0x75, 0xef, 0xd4, 0xfc, 0x75, 0xf0, 0xd3, 0xfc, 0x74, 0xef, 0xd2, 0xfd, 0x73, 0xf0, 0xd2, 0xfd, 0x72, 0xef, 0xd1, 0xfd,
    0x72, 0xef, 0xd0, 0xfd, 0x71, 0xef, 0xd0, 0xfd, 0x70, 0xee, 0xcf, 0xfd, 0x70, 0xee, 0xce, 0xfd, 0x6f, 0xee, 0xcd, 0xfd, 0x6e, 0xed, 0xcd, 0xfd,
    0x6e, 0xed, 0xcc, 0xfd, 0x6e, 0xed, 0xcc, 0xfd, 0x6d, 0xed, 0xcb, 0xfd, 0x6b, 0xeb, 0xc9, 0xfd, 0x68, 0xea, 0xc7, 0xfd, 0x6a, 0xea, 0xc7, 0xfc,
    0x68, 0xe9, 0xc4, 0xfd, 0x67, 0xe8, 0xc3, 0xfd, 0x68, 0xe8, 0xc2, 0xfd, 0x67, 0xe7, 0xc1, 0xfd, 0x67, 0xe6, 0xc1, 0xfc, 0x65, 0xe4, 0xbf, 0xfd,
    0x64, 0xe3, 0xbd, 0xfd, 0x63, 0xe2, 0xbb, 0xfd, 0x62, 0xe1, 0xb9, 0xfd, 0x5f, 0xde, 0xb5, 0xfd, 0x5e, 0xdc, 0xb2, 0xfd, 0x5f, 0xdc, 0xb1, 0xfd,
    0x60, 0xda, 0xad, 0xfd, 0x5d, 0xd7, 0xaa, 0xfd, 0x5b, 0xd5, 0xa5, 0xfd, 0x5a, 0xd1, 0x9f, 0xfd, 0x59, 0xcc, 0x9a, 0xfd, 0x58, 0xc8, 0x94, 0xfd,
    0x57, 0xc4, 0x8b, 0xfd, 0x50, 0xb8, 0x71, 0xfd, 0x50, 0xb3, 0x67, 0xfd, 0x51, 0xae, 0x5f, 0xfd, 0x50, 0xa6, 0x56, 0xfd, 0x66, 0xc3, 0x6e, 0xfd,
    0x47, 0x75, 0x47, 0xfd, 0x17, 0x12, 0x00, 0xfd, 0x29, 0x2b, 0x03, 0xfd, 0x2f, 0x30, 0x01, 0xfd, 0x33, 0x34, 0x01, 0xfd, 0x35, 0x37, 0x01, 0xfd,
    0x36, 0x39, 0x01, 0xfd, 0x39, 0x3d, 0x01, 0xfd, 0x3d, 0x41, 0x03, 0xfd, 0x36, 0x35, 0x00, 0xfb, 0x60, 0x7b, 0x2a, 0xff, 0xa6, 0xf7, 0x80, 0xda,
    0x00, 0x00, 0x00, 0x05, 0x00, 0x00, 0x00, 0x00, 0x00, 0xff, 0x00, 0x01, 0x00, 0x00, 0x00, 0x00, 0x00, 0x00, 0x00, 0x00, 0x00, 0xff, 0x00, 0x01,
    0x00, 0x00, 0x00, 0x00, 0x00, 0x00, 0x00, 0x07, 0xa6, 0xf6, 0x85, 0xde, 0x63, 0x7d, 0x2c, 0xff, 0x36, 0x35, 0x00, 0xfb, 0x3d, 0x41, 0x03, 0xfd,
    0x3a, 0x3d, 0x02, 0xfd, 0x39, 0x3b, 0x01, 0xfd, 0x38, 0x3a, 0x02, 0xfd, 0x36, 0x38, 0x02, 0xfd, 0x36, 0x38, 0x01, 0xfd, 0x36, 0x37, 0x01, 0xfd,
    0x35, 0x36, 0x01, 0xfd, 0x33, 0x35, 0x01, 0xfd, 0x32, 0x34, 0x02, 0xfd, 0x32, 0x33, 0x01, 0xfd, 0x2f, 0x2f, 0x02, 0xfd, 0x27, 0x29, 0x01, 0xfd,
    0x1f, 0x1f, 0x05, 0xfd, 0x60, 0xc7, 0xae, 0xfd, 0x63, 0xe9, 0xc5, 0xfd, 0x57, 0xd9, 0xb4, 0xfd, 0x59, 0xdb, 0xb5, 0xfd, 0x5c, 0xde, 0xba, 0xfd,
    0x5e, 0xe1, 0xbf, 0xfd, 0x5e, 0xe2, 0xbe, 0xfd, 0x61, 0xe5, 0xc0, 0xfd, 0x65, 0xe7, 0xc2, 0xfe, 0x65, 0xe7, 0xc4, 0xfd, 0x66, 0xe8, 0xc6, 0xfd,
    0x69, 0xea, 0xc9, 0xfd, 0x6b, 0xeb, 0xca, 0xfd, 0x69, 0xea, 0xc8, 0xfd, 0x6c, 0xec, 0xcb, 0xfd, 0x6e, 0xed, 0xcd, 0xfd, 0x70, 0xee, 0xcf, 0xfd,
    0x72, 0xee, 0xcf, 0xfd, 0x73, 0xef, 0xd0, 0xfd, 0x72, 0xef, 0xd0, 0xfd, 0x71, 0xef, 0xd0, 0xfd, 0x73, 0xef, 0xd0, 0xfd, 0x74, 0xef, 0xd1, 0xfd,
    0x74, 0xef, 0xd2, 0xfd, 0x75, 0xf0, 0xd1, 0xfd, 0x75, 0xf0, 0xd2, 0xfd, 0x74, 0xf0, 0xd2, 0xfd, 0x72, 0xee, 0xd1, 0xfd, 0x73, 0xef, 0xd1, 0xfd,
    0x72, 0xef, 0xd1, 0xfd, 0x72, 0xee, 0xd1, 0xfd, 0x73, 0xef, 0xd1, 0xfd, 0x73, 0xef, 0xd1, 0xfd, 0x72, 0xef, 0xd0, 0xfd, 0x71, 0xef, 0xd0, 0xfd,
    0x71, 0xee, 0xcf, 0xfd, 0x72, 0xef, 0xcf, 0xfd, 0x72, 0xee, 0xcf, 0xfd, 0x70, 0xee, 0xcf, 0xfd, 0x6f, 0xed, 0xce, 0xfd, 0x6e, 0xed, 0xcd, 0xfd,
    0x6f, 0xed, 0xcd, 0xfd, 0x6e, 0xed, 0xcc, 0xfd, 0x6d, 0xec, 0xcb, 0xfd, 0x6d, 0xec, 0xcb, 0xfd, 0x6c, 0xeb, 0xca, 0xfd, 0x6b, 0xeb, 0xc8, 0xfd,
    0x6a, 0xea, 0xc7, 0xfd, 0x69, 0xea, 0xc6, 0xfd, 0x68, 0xe9, 0xc5, 0xfd, 0x67, 0xe7, 0xc3, 0xfd, 0x65, 0xe6, 0xc0, 0xfd, 0x66, 0xe6, 0xc0, 0xfd,
    0x66, 0xe6, 0xc0, 0xfd, 0x66, 0xe5, 0xbf, 0xfd, 0x65, 0xe4, 0xbe, 0xfd, 0x64, 0xe2, 0xbc, 0xfd, 0x64, 0xe1, 0xbb, 0xfd, 0x62, 0xe1, 0xb9, 0xfd,
    0x5f, 0xde, 0xb5, 0xfd, 0x5e, 0xdb, 0xb1, 0xfd, 0x5e, 0xda, 0xae, 0xfd, 0x5d, 0xd7, 0xab, 0xfd, 0x5d, 0xd6, 0xa8, 0xfd, 0x5d, 0xd5, 0xa5, 0xfd,
    0x5b, 0xd1, 0xa0, 0xfd, 0x59, 0xcc, 0x99, 0xfd, 0x59, 0xc9, 0x94, 0xfd, 0x59, 0xc7, 0x90, 0xfd, 0x52, 0xbb, 0x79, 0xfd, 0x4f, 0xb4, 0x6a, 0xfd,
    0x4f, 0xaf, 0x61, 0xfd, 0x4f, 0xa9, 0x58, 0xfd, 0x4f, 0xa2, 0x51, 0xfd, 0x67, 0xbf, 0x69, 0xfd, 0x4b, 0x7b, 0x48, 0xfd, 0x17, 0x13, 0x00, 0xfd,
    0x28, 0x2a, 0x03, 0xfd, 0x2e, 0x2f, 0x01, 0xfd, 0x33, 0x34, 0x01, 0xfd, 0x35, 0x37, 0x01, 0xfd, 0x37, 0x39, 0x01, 0xfd, 0x38, 0x3c, 0x01, 0xfd,
    0x3d, 0x41, 0x03, 0xfd, 0x36, 0x36, 0x00, 0xfb, 0x60, 0x7a, 0x2a, 0xff, 0xa6, 0xf8, 0x82, 0xdc, 0x00, 0x00, 0x00, 0x06, 0x00, 0x00, 0x00, 0x00,
    0x00, 0xff, 0x00, 0x01, 0x00, 0x00, 0x00, 0x00, 0x00, 0x00, 0x00, 0x00, 0x00, 0xff, 0x00, 0x01, 0x00, 0x00, 0x00, 0x00, 0x1c, 0x38, 0x00, 0x09,
    0xa7, 0xf7, 0x86, 0xe0, 0x61, 0x7b, 0x2c, 0xff, 0x35, 0x34, 0x00, 0xfb, 0x3c, 0x41, 0x03, 0xfd, 0x39, 0x3d, 0x01, 0xfd, 0x39, 0x3b, 0x01, 0xfd,
    0x38, 0x3a, 0x01, 0xfd, 0x37, 0x39, 0x01, 0xfd, 0x37, 0x38, 0x01, 0xfd, 0x36, 0x38, 0x01, 0xfd, 0x35, 0x36, 0x01, 0xfd, 0x34, 0x34, 0x01, 0xfd,
    0x32, 0x33, 0x01, 0xfd, 0x32, 0x33, 0x01, 0xfd, 0x30, 0x30, 0x01, 0xfd, 0x2c, 0x2e, 0x04, 0xfd, 0x1b, 0x13, 0x00, 0xfd, 0x40, 0x78, 0x62, 0xfd,
    0x69, 0xf2, 0xcf, 0xfd, 0x55, 0xd5, 0xaf, 0xfd, 0x56, 0xd8, 0xb0, 0xfd, 0x57, 0xd9, 0xb2, 0xfd, 0x5c, 0xde, 0xba, 0xfd, 0x5d, 0xe0, 0xbc, 0xfd,
    0x5e, 0xe1, 0xbd, 0xfd, 0x5f, 0xe3, 0xbe, 0xfd, 0x60, 0xe3, 0xbf, 0xfd, 0x63, 0xe5, 0xc1, 0xfd, 0x66, 0xe7, 0xc4, 0xfd, 0x68, 0xe8, 0xc5, 0xfd,
    0x68, 0xe9, 0xc6, 0xfd, 0x6b, 0xeb, 0xc8, 0xfd, 0x6c, 0xec, 0xc9, 0xfd, 0x6c, 0xec, 0xca, 0xfd, 0x6e, 0xec, 0xcb, 0xfd, 0x6e, 0xec, 0xcb, 0xfd,
    0x6e, 0xec, 0xcc, 0xfd, 0x6f, 0xed, 0xcd, 0xfd, 0x71, 0xee, 0xce, 0xfd, 0x71, 0xee, 0xce, 0xfd, 0x71, 0xee, 0xce, 0xfd, 0x72, 0xee, 0xcf, 0xfd,
    0x72, 0xee, 0xcf, 0xfd, 0x71, 0xed, 0xcf, 0xfd, 0x72, 0xee, 0xce, 0xfd, 0x72, 0xee, 0xcf, 0xfd, 0x71, 0xee, 0xcf, 0xfd, 0x71, 0xee, 0xcf, 0xfd,
    0x70, 0xed, 0xcd, 0xfd, 0x6f, 0xed, 0xcd, 0xfd, 0x6f, 0xee, 0xce, 0xfd, 0x6f, 0xed, 0xcd, 0xfd, 0x6f, 0xed, 0xcc, 0xfd, 0x6f, 0xed, 0xcd, 0xfd,
    0x70, 0xed, 0xcd, 0xfd, 0x6e, 0xed, 0xcd, 0xfd, 0x6d, 0xec, 0xcc, 0xfd, 0x6d, 0xec, 0xcb, 0xfd, 0x6c, 0xeb, 0xca, 0xfd, 0x6c, 0xeb, 0xca, 0xfd,
    0x6d, 0xeb, 0xc9, 0xfd, 0x6b, 0xeb, 0xc8, 0xfd, 0x69, 0xea, 0xc7, 0xfd, 0x69, 0xe8, 0xc5, 0xfd, 0x68, 0xe7, 0xc4, 0xfd, 0x67, 0xe7, 0xc3, 0xfd,
    0x68, 0xe8, 0xc2, 0xfd, 0x66, 0xe6, 0xc1, 0xfd, 0x66, 0xe5, 0xbf, 0xfd, 0x65, 0xe4, 0xbf, 0xfd, 0x65, 0xe3, 0xbe, 0xfd, 0x64, 0xe2, 0xbc, 0xfd,
    0x64, 0xe1, 0xbb, 0xfd, 0x62, 0xdf, 0xb8, 0xfd, 0x61, 0xde, 0xb6, 0xfd, 0x5f, 0xdc, 0xb3, 0xfd, 0x5d, 0xda, 0xaf, 0xfd, 0x5e, 0xd9, 0xac, 0xfd,
    0x5e, 0xd8, 0xab, 0xfd, 0x5d, 0xd6, 0xa8, 0xfd, 0x5d, 0xd4, 0xa5, 0xfd, 0x5b, 0xd0, 0x9f, 0xfd, 0x5a, 0xcc, 0x9a, 0xfd, 0x58, 0xc8, 0x93, 0xfd,
    0x58, 0xc6, 0x90, 0xfd, 0x55, 0xc0, 0x83, 0xfd, 0x4f, 0xb4, 0x6b, 0xfd, 0x4e, 0xb0, 0x64, 0xfd, 0x4d, 0xa9, 0x59, 0xfd, 0x4f, 0xa6, 0x53, 0xfd,
    0x4f, 0x9e, 0x4b, 0xfd, 0x67, 0xbc, 0x63, 0xfd, 0x4c, 0x7b, 0x47, 0xfd, 0x16, 0x12, 0x00, 0xfd, 0x27, 0x29, 0x03, 0xfd, 0x2d, 0x2e, 0x01, 0xfd,
    0x33, 0x34, 0x01, 0xfd, 0x35, 0x36, 0x01, 0xfd, 0x36, 0x39, 0x01, 0xfd, 0x39, 0x3c, 0x01, 0xfd, 0x3c, 0x41, 0x03, 0xfd, 0x36, 0x36, 0x00, 0xfb,
    0x60, 0x7b, 0x2a, 0xff, 0xa7, 0xf9, 0x84, 0xdb, 0x00, 0x00, 0x00, 0x05, 0x00, 0x00, 0x00, 0x00, 0x00, 0xff, 0x00, 0x01, 0x00, 0x00, 0x00, 0x00,
    0x00, 0x00, 0x00, 0x00, 0x00, 0xff, 0x00, 0x01, 0x00, 0x00, 0x00, 0x00, 0x1c, 0x38, 0x00, 0x09, 0xa6, 0xf7, 0x84, 0xe0, 0x60, 0x79, 0x2a, 0xff,
    0x35, 0x34, 0x00, 0xfb, 0x3c, 0x41, 0x03, 0xfd, 0x3a, 0x3d, 0x01, 0xfd, 0x38, 0x3b, 0x01, 0xfd, 0x37, 0x3a, 0x01, 0xfd, 0x37, 0x39, 0x01, 0xfd,
    0x35, 0x37, 0x01, 0xfd, 0x35, 0x37, 0x01, 0xfd, 0x35, 0x36, 0x01, 0xfd, 0x34, 0x35, 0x01, 0xfd, 0x33, 0x34, 0x01, 0xfd, 0x31, 0x32, 0x01, 0xfd,
    0x30, 0x31, 0x01, 0xfd, 0x2c, 0x2e, 0x02, 0xfd, 0x23, 0x21, 0x00, 0xfd, 0x24, 0x2f, 0x16, 0xfd, 0x64, 0xdb, 0xbe, 0xfd, 0x5a, 0xdc, 0xb6, 0xfd,
    0x55, 0xd5, 0xac, 0xfd, 0x55, 0xd5, 0xac, 0xfd, 0x56, 0xd7, 0xaf, 0xfd, 0x5a, 0xdc, 0xb6, 0xfd, 0x5c, 0xdd, 0xb8, 0xfd, 0x5c, 0xde, 0xb8, 0xfd,
    0x5c, 0xe0, 0xba, 0xfd, 0x5e, 0xe2, 0xbd, 0xfd, 0x60, 0xe2, 0xbe, 0xfd, 0x63, 0xe4, 0xbf, 0xfd, 0x65, 0xe6, 0xc1, 0xfd, 0x67, 0xe7, 0xc3, 0xfd,
    0x69, 0xe9, 0xc5, 0xfd, 0x6a, 0xea, 0xc6, 0xfd, 0x6a, 0xe9, 0xc6, 0xfd, 0x6a, 0xea, 0xc7, 0xfd, 0x6b, 0xe9, 0xc7, 0xfd, 0x6b, 0xea, 0xc8, 0xfd,
    0x6d, 0xeb, 0xc9, 0xfd, 0x6e, 0xeb, 0xcb, 0xfd, 0x6e, 0xec, 0xcb, 0xfd, 0x6f, 0xec, 0xcb, 0xfd, 0x70, 0xec, 0xcb, 0xfd, 0x6f, 0xec, 0xcb, 0xfd,
    0x6f, 0xec, 0xcb, 0xfd, 0x6f, 0xec, 0xcd, 0xfd, 0x70, 0xed, 0xcd, 0xfd, 0x6f, 0xec, 0xcc, 0xfd, 0x6e, 0xec, 0xcb, 0xfd, 0x6d, 0xec, 0xcb, 0xfd,
    0x6c, 0xec, 0xcb, 0xfd, 0x6c, 0xec, 0xcb, 0xfd, 0x6c, 0xeb, 0xca, 0xfd, 0x6d, 0xeb, 0xca, 0xfd, 0x6d, 0xeb, 0xca, 0xfd, 0x6c, 0xeb, 0xc9, 0xfd,
    0x6c, 0xec, 0xc9, 0xfd, 0x6b, 0xea, 0xc9, 0xfd, 0x6b, 0xea, 0xc8, 0xfd, 0x6a, 0xe9, 0xc6, 0xfd, 0x6a, 0xe8, 0xc6, 0xfd, 0x69, 0xe8, 0xc4, 0xfd,
    0x67, 0xe7, 0xc3, 0xfd, 0x68, 0xe6, 0xc2, 0xfd, 0x6a, 0xe6, 0xc3, 0xfc, 0x69, 0xe6, 0xc1, 0xfc, 0x67, 0xe4, 0xbf, 0xfd, 0x66, 0xe3, 0xbe, 0xfd,
    0x64, 0xe2, 0xbd, 0xfd, 0x64, 0xe1, 0xbc, 0xfd, 0x63, 0xe0, 0xba, 0xfd, 0x63, 0xdf, 0xb7, 0xfd, 0x61, 0xde, 0xb6, 0xfd, 0x60, 0xdd, 0xb4, 0xfd,
    0x5f, 0xdb, 0xb1, 0xfd, 0x5f, 0xda, 0xaf, 0xfd, 0x5f, 0xd8, 0xab, 0xfd, 0x5d, 0xd6, 0xa9, 0xfd, 0x5d, 0xd4, 0xa7, 0xfd, 0x5e, 0xd3, 0xa3, 0xfd,
    0x5d, 0xd0, 0xa0, 0xfd, 0x5b, 0xcc, 0x99, 0xfd, 0x5a, 0xc9, 0x93, 0xfd, 0x5a, 0xc7, 0x91, 0xfd, 0x58, 0xc3, 0x88, 0xfd, 0x51, 0xb7, 0x6f, 0xfd,
    0x50, 0xb1, 0x65, 0xfd, 0x4d, 0xaa, 0x5c, 0xfd, 0x4d, 0xa5, 0x54, 0xfd, 0x4e, 0xa1, 0x4e, 0xfd, 0x4f, 0x9b, 0x47, 0xfd, 0x66, 0xba, 0x60, 0xfd,
    0x47, 0x74, 0x40, 0xfd, 0x16, 0x12, 0x00, 0xfd, 0x26, 0x29, 0x03, 0xfd, 0x2d, 0x2e, 0x01, 0xfd, 0x32, 0x33, 0x01, 0xfd, 0x35, 0x37, 0x01, 0xfd,
    0x36, 0x3a, 0x01, 0xfd, 0x39, 0x3c, 0x02, 0xfd, 0x3c, 0x41, 0x03, 0xfd, 0x36, 0x36, 0x00, 0xfb, 0x60, 0x7d, 0x2a, 0xff, 0xa4, 0xf6, 0x81, 0xdc,
    0x00, 0x00, 0x00, 0x05, 0x00, 0x00, 0x00, 0x00, 0x00, 0xff, 0x00, 0x01, 0x00, 0x00, 0x00, 0x00, 0x00, 0x00, 0x00, 0x00, 0x00, 0xff, 0x00, 0x01,
    0x00, 0x00, 0x00, 0x00, 0x00, 0x24, 0x00, 0x07, 0xa7, 0xf8, 0x85, 0xde, 0x60, 0x7b, 0x2b, 0xff, 0x34, 0x34, 0x00, 0xfb, 0x3c, 0x41, 0x03, 0xfd,
    0x3a, 0x3d, 0x01, 0xfd, 0x39, 0x3c, 0x01, 0xfd, 0x37, 0x3a, 0x02, 0xfd, 0x36, 0x38, 0x01, 0xfd, 0x35, 0x37, 0x01, 0xfd, 0x35, 0x36, 0x01, 0xfd,
    0x34, 0x35, 0x01, 0xfd, 0x34, 0x35, 0x02, 0xfd, 0x33, 0x34, 0x01, 0xfd, 0x32, 0x33, 0x01, 0xfd, 0x31, 0x32, 0x01, 0xfd, 0x2e, 0x2f, 0x01, 0xfd,
    0x2a, 0x2c, 0x03, 0xfd, 0x1a, 0x13, 0x00, 0xfd, 0x48, 0x8e, 0x76, 0xfd, 0x64, 0xed, 0xc8, 0xfd, 0x53, 0xd0, 0xa6, 0xfd, 0x55, 0xd3, 0xa8, 0xfd,
    0x53, 0xd2, 0xa6, 0xfd, 0x55, 0xd5, 0xab, 0xfd, 0x59, 0xd9, 0xb3, 0xfd, 0x5a, 0xd9, 0xb2, 0xfd, 0x5b, 0xdb, 0xb5, 0xfd, 0x5c, 0xde, 0xb7, 0xfd,
    0x5c, 0xde, 0xb8, 0xfd, 0x5f, 0xe0, 0xbb, 0xfd, 0x62, 0xe3, 0xbe, 0xfd, 0x64, 0xe4, 0xbf, 0xfd, 0x66, 0xe6, 0xc1, 0xfd, 0x67, 0xe7, 0xc2, 0xfd,
    0x67, 0xe7, 0xc2, 0xfd, 0x68, 0xe7, 0xc3, 0xfd, 0x68, 0xe7, 0xc3, 0xfd, 0x68, 0xe8, 0xc4, 0xfd, 0x69, 0xe9, 0xc6, 0xfd, 0x6b, 0xea, 0xc7, 0xfd,
    0x6b, 0xe9, 0xc7, 0xfd, 0x6c, 0xe9, 0xc7, 0xfd, 0x6d, 0xeb, 0xc8, 0xfd, 0x6d, 0xea, 0xc7, 0xfd, 0x6c, 0xe9, 0xc7, 0xfd, 0x6b, 0xea, 0xc8, 0xfd,
    0x6c, 0xea, 0xc9, 0xfd, 0x6d, 0xea, 0xc8, 0xfd, 0x6c, 0xea, 0xc8, 0xfd, 0x6b, 0xe9, 0xc7, 0xfd, 0x6a, 0xea, 0xc7, 0xfd, 0x69, 0xea, 0xc7, 0xfd,
    0x69, 0xea, 0xc7, 0xfd, 0x6a, 0xe9, 0xc6, 0xfd, 0x6a, 0xe9, 0xc6, 0xfd, 0x6b, 0xe9, 0xc6, 0xfd, 0x6a, 0xe9, 0xc6, 0xfd, 0x6a, 0xe9, 0xc5, 0xfd,
    0x69, 0xe7, 0xc4, 0xfd, 0x68, 0xe7, 0xc2, 0xfd, 0x68, 0xe6, 0xc1, 0xfd, 0x69, 0xe5, 0xc2, 0xfc, 0x69, 0xe5, 0xc2, 0xfc, 0x69, 0xe5, 0xc1, 0xfc,
    0x69, 0xe4, 0xc0, 0xfc, 0x66, 0xe3, 0xbe, 0xfd, 0x65, 0xe2, 0xbc, 0xfd, 0x64, 0xe1, 0xbb, 0xfd, 0x64, 0xe0, 0xb9, 0xfd, 0x63, 0xdf, 0xb7, 0xfd,
    0x61, 0xdd, 0xb5, 0xfd, 0x62, 0xdc, 0xb2, 0xfd, 0x61, 0xdb, 0xb1, 0xfd, 0x60, 0xda, 0xaf, 0xfd, 0x5f, 0xd8, 0xad, 0xfd, 0x5f, 0xd7, 0xab, 0xfd,
    0x5e, 0xd5, 0xa8, 0xfd, 0x5d, 0xd3, 0xa4, 0xfd, 0x5d, 0xd1, 0xa1, 0xfd, 0x5d, 0xcf, 0x9e, 0xfd, 0x5b, 0xcc, 0x99, 0xfd, 0x59, 0xc8, 0x92, 0xfd,
    0x5a, 0xc7, 0x8f, 0xfd, 0x5a, 0xc4, 0x89, 0xfd, 0x53, 0xb9, 0x72, 0xfd, 0x4f, 0xb1, 0x66, 0xfd, 0x4e, 0xad, 0x5f, 0xfd, 0x4e, 0xa7, 0x56, 0xfd,
    0x4d, 0xa0, 0x4d, 0xfd, 0x4f, 0x9d, 0x49, 0xfd, 0x50, 0x98, 0x44, 0xfd, 0x69, 0xb9, 0x5f, 0xfd, 0x44, 0x69, 0x38, 0xfd, 0x16, 0x12, 0x00, 0xfd,
    0x27, 0x2a, 0x03, 0xfd, 0x2e, 0x2f, 0x01, 0xfd, 0x33, 0x34, 0x02, 0xfd, 0x35, 0x37, 0x01, 0xfd, 0x37, 0x3a, 0x01, 0xfd, 0x39, 0x3d, 0x02, 0xfd,
    0x3d, 0x41, 0x03, 0xfd, 0x37, 0x37, 0x00, 0xfb, 0x60, 0x7c, 0x2b, 0xff, 0xa5, 0xf8, 0x82, 0xdc, 0x00, 0x00, 0x00, 0x05, 0x00, 0x00, 0x00, 0x00,
    0x00, 0xff, 0x00, 0x01, 0x00, 0x00, 0x00, 0x00, 0x00, 0x00, 0x00, 0x00, 0x00, 0xff, 0x00, 0x01, 0x00, 0x00, 0x00, 0x00, 0x00, 0x00, 0x00, 0x07,
    0xa8, 0xf9, 0x87, 0xdd, 0x61, 0x7b, 0x2c, 0xff, 0x35, 0x34, 0x00, 0xfb, 0x3d, 0x41, 0x03, 0xfd, 0x3a, 0x3e, 0x01, 0xfd, 0x39, 0x3c, 0x02, 0xfd,
    0x38, 0x3a, 0x01, 0xfd, 0x37, 0x39, 0x01, 0xfd, 0x36, 0x38, 0x01, 0xfd, 0x35, 0x36, 0x01, 0xfd, 0x34, 0x35, 0x01, 0xfd, 0x33, 0x35, 0x01, 0xfd,
    0x33, 0x34, 0x01, 0xfd, 0x32, 0x33, 0x01, 0xfd, 0x32, 0x32, 0x01, 0xfd, 0x2f, 0x30, 0x01, 0xfd, 0x2c, 0x2d, 0x03, 0xfd, 0x22, 0x1f, 0x01, 0xfd,
    0x25, 0x34, 0x1b, 0xfd, 0x62, 0xdc, 0xbe, 0xfd, 0x58, 0xd6, 0xad, 0xfd, 0x55, 0xd1, 0xa5, 0xfd, 0x52, 0xd0, 0xa1, 0xfd, 0x52, 0xce, 0xa0, 0xfd,
    0x58, 0xd4, 0xaa, 0xfd, 0x5a, 0xd7, 0xaf, 0xfd, 0x5a, 0xd8, 0xaf, 0xfd, 0x5a, 0xd9, 0xb1, 0xfd, 0x5a, 0xdb, 0xb2, 0xfd, 0x5e, 0xdd, 0xb6, 0xfd,
    0x60, 0xdf, 0xb9, 0xfd, 0x61, 0xe1, 0xbb, 0xfd, 0x63, 0xe2, 0xbe, 0xfd, 0x65, 0xe4, 0xbf, 0xfd, 0x66, 0xe4, 0xbf, 0xfd, 0x66, 0xe4, 0xbf, 0xfd,
    0x66, 0xe5, 0xc0, 0xfd, 0x67, 0xe6, 0xc0, 0xfd, 0x68, 0xe6, 0xc2, 0xfd, 0x69, 0xe7, 0xc2, 0xfd, 0x68, 0xe7, 0xc3, 0xfd, 0x69, 0xe7, 0xc3, 0xfd,
    0x69, 0xe8, 0xc4, 0xfd, 0x69, 0xe8, 0xc4, 0xfd, 0x6a, 0xe7, 0xc3, 0xfd, 0x6a, 0xe8, 0xc4, 0xfd, 0x6a, 0xe8, 0xc5, 0xfd, 0x69, 0xe8, 0xc5, 0xfd,
    0x69, 0xe8, 0xc4, 0xfd, 0x69, 0xe8, 0xc4, 0xfd, 0x69, 0xe7, 0xc4, 0xfd, 0x69, 0xe7, 0xc4, 0xfd, 0x69, 0xe8, 0xc4, 0xfd, 0x68, 0xe7, 0xc4, 0xfd,
    0x69, 0xe7, 0xc3, 0xfd, 0x6a, 0xe7, 0xc3, 0xfd, 0x6a, 0xe7, 0xc3, 0xfd, 0x69, 0xe6, 0xc2, 0xfd, 0x67, 0xe5, 0xc0, 0xfd, 0x67, 0xe5, 0xbf, 0xfd,
    0x67, 0xe3, 0xbf, 0xfd, 0x69, 0xe4, 0xc0, 0xfc, 0x69, 0xe4, 0xbf, 0xfc, 0x69, 0xe2, 0xbd, 0xfc, 0x68, 0xe1, 0xbb, 0xfc, 0x67, 0xe1, 0xba, 0xfc,
    0x63, 0xdf, 0xb8, 0xfd, 0x64, 0xde, 0xb7, 0xfd, 0x64, 0xde, 0xb5, 0xfd, 0x62, 0xdc, 0xb3, 0xfd, 0x62, 0xdb, 0xb2, 0xfd, 0x62, 0xda, 0xaf, 0xfd,
    0x61, 0xd8, 0xad, 0xfd, 0x61, 0xd8, 0xab, 0xfd, 0x60, 0xd6, 0xa8, 0xfd, 0x5f, 0xd3, 0xa5, 0xfd, 0x5f, 0xd1, 0xa2, 0xfd, 0x5e, 0xcf, 0x9e, 0xfd,
    0x5c, 0xcc, 0x99, 0xfd, 0x5b, 0xc9, 0x95, 0xfd, 0x5a, 0xc8, 0x92, 0xfd, 0x5b, 0xc6, 0x8e, 0xfd, 0x59, 0xc2, 0x86, 0xfd, 0x52, 0xb8, 0x71, 0xfd,
    0x50, 0xb1, 0x66, 0xfd, 0x4e, 0xac, 0x5f, 0xfd, 0x4c, 0xa7, 0x57, 0xfd, 0x4c, 0xa1, 0x4e, 0xfd, 0x4d, 0x9b, 0x48, 0xfd, 0x50, 0x99, 0x45, 0xfd,
    0x54, 0x99, 0x43, 0xfd, 0x6c, 0xba, 0x5f, 0xfd, 0x3a, 0x56, 0x2a, 0xfd, 0x18, 0x15, 0x00, 0xfd, 0x28, 0x2a, 0x02, 0xfd, 0x2e, 0x2f, 0x01, 0xfd,
    0x33, 0x34, 0x01, 0xfd, 0x35, 0x37, 0x01, 0xfd, 0x37, 0x3b, 0x02, 0xfd, 0x3a, 0x3e, 0x02, 0xfd, 0x3d, 0x41, 0x03, 0xfd, 0x36, 0x36, 0x00, 0xfb,
    0x5f, 0x7a, 0x2a, 0xff, 0xa8, 0xf6, 0x83, 0xdd, 0x00, 0x2a, 0x00, 0x06, 0x00, 0x00, 0x00, 0x00, 0x00, 0xff, 0x00, 0x01, 0x00, 0x00, 0x00, 0x00,
    0x00, 0x00, 0x00, 0x00, 0x00, 0xff, 0x00, 0x01, 0x00, 0x00, 0x00, 0x00, 0x00, 0x00, 0x00, 0x07, 0xa9, 0xf9, 0x87, 0xdd, 0x62, 0x7b, 0x2c, 0xff,
    0x34, 0x34, 0x00, 0xfb, 0x3d, 0x41, 0x03, 0xfd, 0x3a, 0x3e, 0x01, 0xfd, 0x39, 0x3b, 0x01, 0xfd, 0x38, 0x3a, 0x01, 0xfd, 0x38, 0x39, 0x02, 0xfd,
    0x36, 0x38, 0x01, 0xfd, 0x35, 0x37, 0x01, 0xfd, 0x34, 0x35, 0x01, 0xfd, 0x35, 0x36, 0x02, 0xfd, 0x35, 0x35, 0x01, 0xfd, 0x33, 0x34, 0x01, 0xfd,
    0x32, 0x33, 0x01, 0xfd, 0x31, 0x31, 0x01, 0xfd, 0x2e, 0x2e, 0x01, 0xfd, 0x29, 0x2c, 0x04, 0xfd, 0x19, 0x12, 0x00, 0xfd, 0x47, 0x88, 0x6e, 0xfd,
    0x67, 0xeb, 0xc5, 0xfd, 0x53, 0xcd, 0xa1, 0xfd, 0x53, 0xcf, 0x9f, 0xfd, 0x52, 0xcd, 0x9c, 0xfd, 0x54, 0xcd, 0x9d, 0xfd, 0x58, 0xd3, 0xa8, 0xfd,
    0x57, 0xd5, 0xaa, 0xfd, 0x57, 0xd4, 0xaa, 0xfd, 0x5a, 0xd8, 0xad, 0xfd, 0x5c, 0xda, 0xb0, 0xfd, 0x5b, 0xda, 0xb0, 0xfd, 0x5d, 0xdc, 0xb5, 0xfd,
    0x5f, 0xde, 0xb8, 0xfd, 0x62, 0xe0, 0xba, 0xfd, 0x63, 0xe1, 0xbb, 0xfd, 0x64, 0xe1, 0xbc, 0xfd, 0x65, 0xe2, 0xbd, 0xfd, 0x64, 0xe3, 0xbe, 0xfd,
    0x66, 0xe4, 0xbf, 0xfd, 0x66, 0xe4, 0xbf, 0xfd, 0x65, 0xe4, 0xbf, 0xfd, 0x65, 0xe4, 0xbf, 0xfd, 0x65, 0xe5, 0xc0, 0xfd, 0x67, 0xe6, 0xc0, 0xfd,
    0x67, 0xe5, 0xc0, 0xfd, 0x68, 0xe5, 0xc0, 0xfd, 0x69, 0xe7, 0xc2, 0xfd, 0x6a, 0xe6, 0xc2, 0xfd, 0x68, 0xe5, 0xc1, 0xfd, 0x68, 0xe5, 0xc1, 0xfd,
    0x69, 0xe5, 0xc1, 0xfd, 0x68, 0xe4, 0xc0, 0xfd, 0x67, 0xe4, 0xc0, 0xfd, 0x67, 0xe4, 0xc0, 0xfd, 0x68, 0xe5, 0xc0, 0xfd, 0x68, 0xe4, 0xbf, 0xfd,
    0x68, 0xe4, 0xbf, 0xfd, 0x66, 0xe4, 0xbe, 0xfd, 0x65, 0xe3, 0xbd, 0xfd, 0x65, 0xe3, 0xbd, 0xfd, 0x67, 0xe2, 0xbc, 0xfc, 0x67, 0xe1, 0xbb, 0xfc,
    0x67, 0xe0, 0xba, 0xfc, 0x67, 0xdf, 0xb8, 0xfc, 0x66, 0xde, 0xb6, 0xfc, 0x66, 0xde, 0xb6, 0xfc, 0x63, 0xdc, 0xb3, 0xfd, 0x63, 0xdb, 0xb2, 0xfd,
    0x63, 0xda, 0xb0, 0xfd, 0x61, 0xd9, 0xae, 0xfd, 0x61, 0xd8, 0xad, 0xfd, 0x61, 0xd6, 0xaa, 0xfd, 0x60, 0xd4, 0xa7, 0xfd, 0x61, 0xd3, 0xa5, 0xfd,
    0x60, 0xd2, 0xa3, 0xfd, 0x5e, 0xd0, 0x9f, 0xfd, 0x5e, 0xcd, 0x9c, 0xfd, 0x5c, 0xcb, 0x97, 0xfd, 0x5a, 0xc7, 0x92, 0xfd, 0x5a, 0xc5, 0x8e, 0xfd,
    0x5c, 0xc5, 0x8e, 0xfd, 0x59, 0xc0, 0x83, 0xfd, 0x52, 0xb6, 0x6d, 0xfd, 0x4f, 0xaf, 0x64, 0xfd, 0x4d, 0xab, 0x5d, 0xfd, 0x4c, 0xa5, 0x56, 0xfd,
    0x4b, 0xa1, 0x50, 0xfd, 0x4c, 0x9d, 0x48, 0xfd, 0x4d, 0x97, 0x43, 0xfd, 0x50, 0x95, 0x40, 0xfd, 0x59, 0x9c, 0x43, 0xfd, 0x6d, 0xb6, 0x5b, 0xfd,
    0x2c, 0x3d, 0x19, 0xfd, 0x1b, 0x19, 0x00, 0xfd, 0x29, 0x2a, 0x02, 0xfd, 0x2f, 0x30, 0x01, 0xfd, 0x33, 0x34, 0x01, 0xfd, 0x35, 0x37, 0x01, 0xfd,
    0x38, 0x3b, 0x01, 0xfd, 0x3b, 0x3f, 0x02, 0xfd, 0x3e, 0x42, 0x03, 0xfd, 0x37, 0x37, 0x00, 0xfb, 0x60, 0x7b, 0x2a, 0xff, 0xa6, 0xf6, 0x81, 0xdd,
    0x00, 0x00, 0x00, 0x06, 0x00, 0x00, 0x00, 0x00, 0x00, 0xff, 0x00, 0x01, 0x00, 0x00, 0x00, 0x00, 0x00, 0x00, 0x00, 0x00, 0x00, 0xff, 0x00, 0x01,
    0x00, 0x00, 0x00, 0x00, 0x00, 0x00, 0x00, 0x06, 0xa9, 0xfa, 0x86, 0xdc, 0x63, 0x7d, 0x2c, 0xff, 0x35, 0x35, 0x00, 0xfb, 0x3e, 0x42, 0x03, 0xfd,
    0x3a, 0x3e, 0x02, 0xfd, 0x39, 0x3c, 0x01, 0xfd, 0x38, 0x3a, 0x01, 0xfd, 0x38, 0x3a, 0x02, 0xfd, 0x36, 0x38, 0x01, 0xfd, 0x35, 0x37, 0x01, 0xfd,
    0x34, 0x36, 0x01, 0xfd, 0x35, 0x37, 0x01, 0xfd, 0x34, 0x35, 0x01, 0xfd, 0x33, 0x34, 0x02, 0xfd, 0x32, 0x33, 0x01, 0xfd, 0x31, 0x32, 0x01, 0xfd,
    0x2f, 0x30, 0x01, 0xfd, 0x2b, 0x2c, 0x02, 0xfd, 0x22, 0x21, 0x01, 0xfd, 0x21, 0x26, 0x10, 0xfd, 0x62, 0xd1, 0xb3, 0xfd, 0x5b, 0xda, 0xae, 0xfd,
    0x54, 0xcb, 0x9b, 0xfd, 0x53, 0xca, 0x98, 0xfd, 0x51, 0xc9, 0x96, 0xfd, 0x53, 0xcb, 0x99, 0xfd, 0x58, 0xd1, 0xa4, 0xfd, 0x58, 0xd2, 0xa7, 0xfd,
    0x57, 0xd3, 0xa7, 0xfd, 0x59, 0xd6, 0xa9, 0xfd, 0x59, 0xd5, 0xaa, 0xfd, 0x5a, 0xd7, 0xad, 0xfd, 0x5c, 0xd9, 0xb0, 0xfd, 0x5e, 0xdb, 0xb2, 0xfd,
    0x60, 0xdc, 0xb4, 0xfd, 0x61, 0xdd, 0xb6, 0xfd, 0x61, 0xde, 0xb7, 0xfd, 0x61, 0xde, 0xb8, 0xfd, 0x64, 0xe0, 0xba, 0xfd, 0x64, 0xe0, 0xbb, 0xfd,
    0x63, 0xe1, 0xba, 0xfd, 0x63, 0xe1, 0xbc, 0xfd, 0x64, 0xe2, 0xbd, 0xfd, 0x65, 0xe3, 0xbc, 0xfd, 0x65, 0xe3, 0xbd, 0xfd, 0x66, 0xe2, 0xbd, 0xfd,
    0x66, 0xe3, 0xbd, 0xfd, 0x67, 0xe3, 0xbd, 0xfd, 0x65, 0xe1, 0xbc, 0xfd, 0x64, 0xe2, 0xbc, 0xfd, 0x65, 0xe2, 0xbd, 0xfd, 0x66, 0xe2, 0xbd, 0xfd,
    0x65, 0xe1, 0xbc, 0xfd, 0x65, 0xe1, 0xbb, 0xfd, 0x65, 0xe1, 0xbb, 0xfd, 0x65, 0xe0, 0xba, 0xfd, 0x64, 0xe0, 0xba, 0xfd, 0x64, 0xe0, 0xb9, 0xfd,
    0x64, 0xe0, 0xb8, 0xfd, 0x64, 0xde, 0xb7, 0xfd, 0x63, 0xdd, 0xb5, 0xfd, 0x63, 0xdd, 0xb5, 0xfd, 0x63, 0xdd, 0xb4, 0xfd, 0x63, 0xdb, 0xb2, 0xfd,
    0x63, 0xdb, 0xb1, 0xfd, 0x62, 0xda, 0xb0, 0xfd, 0x63, 0xd9, 0xae, 0xfd, 0x63, 0xd8, 0xad, 0xfd, 0x62, 0xd7, 0xab, 0xfd, 0x5f, 0xd5, 0xa8, 0xfd,
    0x5f, 0xd4, 0xa6, 0xfd, 0x5f, 0xd2, 0xa3, 0xfd, 0x5f, 0xd1, 0xa1, 0xfd, 0x5e, 0xcf, 0x9e, 0xfd, 0x5e, 0xce, 0x9c, 0xfd, 0x5d, 0xcc, 0x99, 0xfd,
    0x5d, 0xca, 0x95, 0xfd, 0x5b, 0xc7, 0x91, 0xfd, 0x5a, 0xc4, 0x8e, 0xfd, 0x5a, 0xc3, 0x8a, 0xfd, 0x57, 0xbd, 0x7b, 0xfd, 0x50, 0xb3, 0x6a, 0xfd,
    0x4e, 0xad, 0x61, 0xfd, 0x4e, 0xaa, 0x5c, 0xfd, 0x4b, 0xa5, 0x54, 0xfd, 0x4a, 0x9f, 0x4e, 0xfd, 0x4a, 0x9a, 0x48, 0xfd, 0x4c, 0x96, 0x42, 0xfd,
    0x4e, 0x93, 0x3f, 0xfd, 0x50, 0x91, 0x3d, 0xfd, 0x5e, 0xa0, 0x46, 0xfd, 0x69, 0xa9, 0x52, 0xfd, 0x20, 0x26, 0x09, 0xfd, 0x1f, 0x1e, 0x00, 0xfd,
    0x2a, 0x2b, 0x02, 0xfd, 0x30, 0x31, 0x01, 0xfd, 0x33, 0x35, 0x01, 0xfd, 0x35, 0x38, 0x01, 0xfd, 0x38, 0x3a, 0x01, 0xfd, 0x3b, 0x3e, 0x01, 0xfd,
    0x3e, 0x42, 0x03, 0xfd, 0x37, 0x37, 0x00, 0xfb, 0x60, 0x7b, 0x29, 0xff, 0xa4, 0xf6, 0x7e, 0xdc, 0x00, 0x00, 0x00, 0x06, 0x00, 0x00, 0x00, 0x00,
    0x00, 0xff, 0x00, 0x01, 0x00, 0x00, 0x00, 0x00, 0x00, 0x00, 0x00, 0x00, 0x00, 0xff, 0x00, 0x01, 0x00, 0x00, 0x00, 0x00, 0x00, 0x00, 0x00, 0x06,
    0xa6, 0xf9, 0x84, 0xdc, 0x62, 0x7e, 0x2b, 0xff, 0x37, 0x37, 0x00, 0xfb, 0x3e, 0x42, 0x04, 0xfd, 0x3b, 0x3f, 0x02, 0xfd, 0x39, 0x3c, 0x02, 0xfd,
    0x38, 0x3b, 0x02, 0xfd, 0x37, 0x3a, 0x02, 0xfd, 0x36, 0x38, 0x01, 0xfd, 0x35, 0x37, 0x01, 0xfd, 0x35, 0x36, 0x01, 0xfd, 0x34, 0x36, 0x01, 0xfd,
    0x33, 0x35, 0x01, 0xfd, 0x33, 0x34, 0x02, 0xfd, 0x32, 0x33, 0x01, 0xfd, 0x31, 0x32, 0x01, 0xfd, 0x30, 0x30, 0x01, 0xfd, 0x2d, 0x2d, 0x01, 0xfd,
    0x29, 0x2b, 0x03, 0xfd, 0x19, 0x13, 0x00, 0xfd, 0x37, 0x61, 0x4a, 0xfd, 0x68, 0xeb, 0xc4, 0xfd, 0x54, 0xca, 0x9a, 0xfd, 0x53, 0xc7, 0x95, 0xfd,
    0x53, 0xc7, 0x92, 0xfd, 0x52, 0xc7, 0x91, 0xfd, 0x53, 0xc9, 0x94, 0xfd, 0x57, 0xcd, 0x9e, 0xfd, 0x57, 0xd0, 0xa3, 0xfd, 0x56, 0xd1, 0xa2, 0xfd,
    0x58, 0xd2, 0xa5, 0xfd, 0x59, 0xd4, 0xa6, 0xfd, 0x5a, 0xd4, 0xa9, 0xfd, 0x5b, 0xd5, 0xab, 0xfd, 0x5d, 0xd7, 0xad, 0xfd, 0x5e, 0xd9, 0xaf, 0xfd,
    0x5f, 0xda, 0xb1, 0xfd, 0x5f, 0xda, 0xb2, 0xfd, 0x61, 0xdc, 0xb3, 0xfd, 0x62, 0xdc, 0xb4, 0xfd, 0x60, 0xdc, 0xb4, 0xfd, 0x61, 0xdd, 0xb5, 0xfd,
    0x62, 0xde, 0xb7, 0xfd, 0x61, 0xde, 0xb6, 0xfd, 0x61, 0xdd, 0xb5, 0xfd, 0x62, 0xdd, 0xb6, 0xfd, 0x64, 0xde, 0xb7, 0xfd, 0x63, 0xdf, 0xb7, 0xfd,
    0x62, 0xdd, 0xb6, 0xfd, 0x61, 0xde, 0xb6, 0xfd, 0x63, 0xde, 0xb7, 0xfd, 0x65, 0xdf, 0xb7, 0xfd, 0x63, 0xde, 0xb6, 0xfd, 0x63, 0xdd, 0xb5, 0xfd,
    0x63, 0xdd, 0xb4, 0xfd, 0x62, 0xdc, 0xb4, 0xfd, 0x62, 0xdc, 0xb3, 0xfd, 0x63, 0xdc, 0xb3, 0xfd, 0x64, 0xdc, 0xb2, 0xfd, 0x63, 0xda, 0xb2, 0xfd,
    0x62, 0xd9, 0xb0, 0xfd, 0x62, 0xda, 0xaf, 0xfd, 0x61, 0xd8, 0xae, 0xfd, 0x61, 0xd7, 0xac, 0xfd, 0x61, 0xd7, 0xab, 0xfd, 0x61, 0xd6, 0xaa, 0xfd,
    0x62, 0xd6, 0xa9, 0xfd, 0x62, 0xd6, 0xa8, 0xfd, 0x60, 0xd3, 0xa5, 0xfd, 0x5f, 0xd2, 0xa2, 0xfd, 0x5f, 0xd0, 0xa0, 0xfd, 0x5e, 0xce, 0x9d, 0xfd,
    0x5e, 0xce, 0x9c, 0xfd, 0x5d, 0xcb, 0x98, 0xfd, 0x5d, 0xca, 0x95, 0xfd, 0x5b, 0xc6, 0x91, 0xfd, 0x5b, 0xc5, 0x8e, 0xfd, 0x5c, 0xc4, 0x8c, 0xfd,
    0x5a, 0xc0, 0x85, 0xfd, 0x54, 0xb8, 0x74, 0xfd, 0x50, 0xb1, 0x67, 0xfd, 0x4f, 0xad, 0x61, 0xfd, 0x4d, 0xa8, 0x5b, 0xfd, 0x4d, 0xa4, 0x56, 0xfd,
    0x4b, 0x9f, 0x4e, 0xfd, 0x49, 0x9a, 0x46, 0xfd, 0x49, 0x94, 0x42, 0xfd, 0x4b, 0x91, 0x3e, 0xfd, 0x4f, 0x8f, 0x3c, 0xfd, 0x51, 0x8e, 0x3a, 0xfd,
    0x66, 0xa9, 0x4b, 0xfd, 0x59, 0x8b, 0x3f, 0xfd, 0x18, 0x17, 0x00, 0xfd, 0x24, 0x25, 0x01, 0xfd, 0x2b, 0x2c, 0x01, 0xfd, 0x31, 0x31, 0x02, 0xfd,
    0x34, 0x35, 0x01, 0xfd, 0x36, 0x39, 0x02, 0xfd, 0x39, 0x3c, 0x02, 0xfd, 0x3a, 0x3d, 0x02, 0xfc, 0x3e, 0x42, 0x03, 0xfd, 0x37, 0x38, 0x00, 0xfb,
    0x60, 0x7d, 0x2a, 0xff, 0xa4, 0xf6, 0x80, 0xdc, 0x00, 0x00, 0x00, 0x05, 0x00, 0x00, 0x00, 0x00, 0x00, 0xff, 0x00, 0x01, 0x00, 0x00, 0x00, 0x00,
    0x00, 0x00, 0x00, 0x00, 0x00, 0xff, 0x00, 0x01, 0x00, 0x00, 0x00, 0x00, 0x00, 0x00, 0x00, 0x07, 0xa3, 0xf8, 0x80, 0xdc, 0x61, 0x7d, 0x2a, 0xff,
    0x36, 0x36, 0x00, 0xfb, 0x3e, 0x42, 0x03, 0xfd, 0x3a, 0x3f, 0x02, 0xfd, 0x39, 0x3c, 0x01, 0xfd, 0x38, 0x3b, 0x02, 0xfd, 0x38, 0x3a, 0x02, 0xfd,
    0x38, 0x39, 0x01, 0xfd, 0x36, 0x37, 0x01, 0xfd, 0x35, 0x36, 0x01, 0xfd, 0x35, 0x36, 0x01, 0xfd, 0x34, 0x35, 0x01, 0xfd, 0x33, 0x34, 0x02, 0xfd,
    0x33, 0x34, 0x01, 0xfd, 0x32, 0x32, 0x01, 0xfd, 0x31, 0x32, 0x01, 0xfd, 0x30, 0x30, 0x01, 0xfd, 0x2b, 0x2c, 0x01, 0xfd, 0x25, 0x27, 0x03, 0xfd,
    0x18, 0x13, 0x00, 0xfd, 0x50, 0xa3, 0x89, 0xfd, 0x64, 0xe3, 0xb6, 0xfd, 0x53, 0xc3, 0x90, 0xfd, 0x53, 0xc4, 0x8f, 0xfd, 0x52, 0xc3, 0x8c, 0xfd,
    0x50, 0xc3, 0x89, 0xfd, 0x51, 0xc4, 0x8c, 0xfd, 0x54, 0xc8, 0x96, 0xfd, 0x55, 0xcc, 0x9b, 0xfd, 0x57, 0xcd, 0x9d, 0xfd, 0x57, 0xcf, 0x9e, 0xfd,
    0x58, 0xcf, 0xa1, 0xfd, 0x5b, 0xd1, 0xa5, 0xfd, 0x59, 0xd2, 0xa5, 0xfd, 0x5b, 0xd4, 0xa8, 0xfd, 0x5e, 0xd6, 0xa9, 0xfd, 0x5d, 0xd6, 0xaa, 0xfd,
    0x5e, 0xd7, 0xab, 0xfd, 0x5e, 0xd7, 0xac, 0xfd, 0x5d, 0xd7, 0xad, 0xfd, 0x60, 0xd8, 0xad, 0xfe, 0x60, 0xd9, 0xaf, 0xfd, 0x5e, 0xd8, 0xae, 0xfd,
    0x5d, 0xd8, 0xad, 0xfd, 0x5f, 0xd9, 0xae, 0xfd, 0x61, 0xda, 0xb1, 0xfd, 0x61, 0xda, 0xb1, 0xfd, 0x61, 0xdb, 0xb1, 0xfd, 0x61, 0xdb, 0xb1, 0xfd,
    0x61, 0xdb, 0xb1, 0xfd, 0x62, 0xdb, 0xb1, 0xfd, 0x62, 0xda, 0xb0, 0xfd, 0x62, 0xd9, 0xaf, 0xfd, 0x62, 0xd9, 0xaf, 0xfd, 0x61, 0xd8, 0xad, 0xfd,
    0x60, 0xd8, 0xad, 0xfd, 0x61, 0xd8, 0xad, 0xfd, 0x61, 0xd7, 0xac, 0xfd, 0x61, 0xd7, 0xab, 0xfd, 0x61, 0xd6, 0xaa, 0xfd, 0x61, 0xd6, 0xa9, 0xfd,
    0x60, 0xd4, 0xa8, 0xfd, 0x60, 0xd3, 0xa5, 0xfd, 0x5f, 0xd2, 0xa4, 0xfd, 0x61, 0xd2, 0xa4, 0xfd, 0x61, 0xd1, 0xa2, 0xfd, 0x60, 0xd1, 0xa0, 0xfd,
    0x5f, 0xd0, 0x9e, 0xfd, 0x5f, 0xce, 0x9d, 0xfd, 0x5f, 0xcc, 0x9b, 0xfd, 0x5f, 0xcb, 0x98, 0xfd, 0x5e, 0xc9, 0x96, 0xfd, 0x5d, 0xc6, 0x91, 0xfd,
    0x5b, 0xc4, 0x8c, 0xfd, 0x5b, 0xc2, 0x8a, 0xfd, 0x5a, 0xc0, 0x87, 0xfd, 0x56, 0xba, 0x79, 0xfd, 0x4f, 0xb2, 0x69, 0xfd, 0x4d, 0xad, 0x62, 0xfd,
    0x4e, 0xac, 0x60, 0xfd, 0x4f, 0xa8, 0x5a, 0xfd, 0x4d, 0xa3, 0x53, 0xfd, 0x4c, 0x9f, 0x4d, 0xfd, 0x4a, 0x99, 0x45, 0xfd, 0x49, 0x94, 0x40, 0xfd,
    0x4a, 0x8f, 0x3d, 0xfd, 0x4c, 0x8d, 0x3a, 0xfd, 0x4f, 0x8b, 0x39, 0xfd, 0x55, 0x8e, 0x39, 0xfd, 0x71, 0xb4, 0x50, 0xfd, 0x40, 0x5e, 0x27, 0xfd,
    0x16, 0x13, 0x00, 0xfd, 0x27, 0x2a, 0x03, 0xfd, 0x2e, 0x2e, 0x01, 0xfd, 0x33, 0x33, 0x01, 0xfd, 0x35, 0x37, 0x02, 0xfd, 0x37, 0x39, 0x02, 0xfd,
    0x39, 0x3c, 0x02, 0xfd, 0x3b, 0x3e, 0x01, 0xfd, 0x3e, 0x42, 0x03, 0xfd, 0x37, 0x39, 0x00, 0xfb, 0x62, 0x80, 0x2a, 0xff, 0xa5, 0xf7, 0x80, 0xd9,
    0x00, 0x00, 0x00, 0x04, 0x00, 0x00, 0x00, 0x00, 0x00, 0x00, 0x00, 0x01, 0x00, 0x00, 0x00, 0x00, 0x00, 0x00, 0x00, 0x00, 0x00, 0x00, 0x00, 0x01,
    0x00, 0x00, 0x00, 0x00, 0x00, 0x00, 0x00, 0x05, 0xa4, 0xf7, 0x82, 0xd9, 0x64, 0x82, 0x2e, 0xff, 0x36, 0x36, 0x00, 0xfb, 0x3e, 0x43, 0x03, 0xfd,
    0x3a, 0x3e, 0x01, 0xfd, 0x39, 0x3c, 0x01, 0xfd, 0x38, 0x3b, 0x01, 0xfd, 0x37, 0x3a, 0x01, 0xfd, 0x38, 0x39, 0x01, 0xfd, 0x37, 0x38, 0x01, 0xfd,
    0x36, 0x37, 0x01, 0xfd, 0x35, 0x36, 0x01, 0xfd, 0x35, 0x36, 0x01, 0xfd, 0x34, 0x35, 0x01, 0xfd, 0x33, 0x33, 0x01, 0xfd, 0x32, 0x32, 0x01, 0xfd,
    0x32, 0x32, 0x01, 0xfd, 0x31, 0x31, 0x01, 0xfd, 0x2e, 0x2e, 0x01, 0xfd, 0x2a, 0x2b, 0x02, 0xfd, 0x1f, 0x1e, 0x01, 0xfd, 0x22, 0x2c, 0x17, 0xfd,
    0x64, 0xd2, 0xaf, 0xfd, 0x5c, 0xd2, 0x9f, 0xfd, 0x54, 0xc1, 0x8c, 0xfd, 0x52, 0xc0, 0x87, 0xfd, 0x52, 0xbf, 0x83, 0xfd, 0x50, 0xc0, 0x83, 0xfd,
    0x4f, 0xbf, 0x83, 0xfd, 0x53, 0xc4, 0x8d, 0xfd, 0x57, 0xca, 0x98, 0xfd, 0x57, 0xca, 0x99, 0xfd, 0x58, 0xcb, 0x99, 0xfd, 0x59, 0xcc, 0x9c, 0xfd,
    0x58, 0xcd, 0x9d, 0xfd, 0x5b, 0xcf, 0x9f, 0xfd, 0x5c, 0xd1, 0xa0, 0xfd, 0x5b, 0xd0, 0xa1, 0xfd, 0x5c, 0xd2, 0xa4, 0xfd, 0x5d, 0xd3, 0xa6, 0xfd,
    0x5d, 0xd3, 0xa6, 0xfd, 0x5e, 0xd4, 0xa8, 0xfd, 0x5e, 0xd4, 0xa8, 0xfd, 0x5d, 0xd4, 0xa7, 0xfd, 0x5e, 0xd5, 0xa7, 0xfd, 0x5e, 0xd4, 0xa7, 0xfd,
    0x60, 0xd5, 0xa9, 0xfd, 0x61, 0xd6, 0xaa, 0xfd, 0x60, 0xd6, 0xa9, 0xfd, 0x5f, 0xd6, 0xa9, 0xfd, 0x5f, 0xd6, 0xaa, 0xfd, 0x5f, 0xd6, 0xaa, 0xfd,
    0x5f, 0xd6, 0xa9, 0xfd, 0x5f, 0xd4, 0xa8, 0xfd, 0x60, 0xd4, 0xa8, 0xfd, 0x60, 0xd4, 0xa8, 0xfd, 0x60, 0xd4, 0xa7, 0xfd, 0x60, 0xd3, 0xa6, 0xfd,
    0x60, 0xd3, 0xa6, 0xfd, 0x60, 0xd3, 0xa5, 0xfd, 0x5f, 0xd2, 0xa3, 0xfd, 0x5f, 0xd1, 0xa2, 0xfd, 0x5f, 0xd0, 0xa1, 0xfd, 0x5e, 0xce, 0x9f, 0xfd,
    0x5f, 0xce, 0x9e, 0xfd, 0x60, 0xce, 0x9c, 0xfd, 0x60, 0xcc, 0x9b, 0xfd, 0x5f, 0xcb, 0x99, 0xfd, 0x5f, 0xcb, 0x97, 0xfd, 0x5d, 0xc8, 0x95, 0xfd,
    0x5d, 0xc7, 0x93, 0xfd, 0x5e, 0xc6, 0x90, 0xfd, 0x5d, 0xc4, 0x8e, 0xfd, 0x5c, 0xc2, 0x8b, 0xfd, 0x5a, 0xc1, 0x88, 0xfd, 0x58, 0xbc, 0x7c, 0xfd,
    0x53, 0xb4, 0x6e, 0xfd, 0x4f, 0xaf, 0x64, 0xfd, 0x4e, 0xab, 0x5e, 0xfd, 0x4d, 0xa9, 0x5b, 0xfd, 0x4e, 0xa7, 0x58, 0xfd, 0x4d, 0xa2, 0x51, 0xfd,
    0x4b, 0x9b, 0x4a, 0xfd, 0x4a, 0x98, 0x45, 0xfd, 0x4a, 0x94, 0x40, 0xfd, 0x49, 0x8f, 0x3b, 0xfd, 0x4b, 0x8b, 0x38, 0xfd, 0x4e, 0x89, 0x36, 0xfd,
    0x52, 0x8a, 0x37, 0xfd, 0x60, 0x99, 0x3f, 0xfd, 0x6d, 0xa9, 0x49, 0xfd, 0x25, 0x2e, 0x0c, 0xfd, 0x1c, 0x1b, 0x00, 0xfd, 0x29, 0x2b, 0x02, 0xfd,
    0x30, 0x30, 0x02, 0xfd, 0x33, 0x33, 0x01, 0xfd, 0x35, 0x37, 0x01, 0xfd, 0x37, 0x39, 0x01, 0xfd, 0x39, 0x3c, 0x01, 0xfd, 0x3b, 0x3f, 0x01, 0xfd,
    0x3f, 0x44, 0x03, 0xfd, 0x37, 0x38, 0x00, 0xfb, 0x65, 0x84, 0x2c, 0xff, 0xa6, 0xf9, 0x81, 0xd5, 0x00, 0x00, 0x00, 0x02, 0x00, 0x00, 0x00, 0x00,
    0x00, 0x00, 0x00, 0x01, 0x00, 0x00, 0x00, 0x00, 0x00, 0x00, 0x00, 0x00, 0x00, 0x00, 0x00, 0x00, 0x00, 0x00, 0x00, 0x00, 0x00, 0x00, 0x00, 0x01,
    0xa6, 0xfa, 0x83, 0xd0, 0x6a, 0x8b, 0x34, 0xff, 0x36, 0x36, 0x00, 0xfb, 0x3e, 0x43, 0x04, 0xfd, 0x3a, 0x3e, 0x01, 0xfd, 0x3a, 0x3d, 0x01, 0xfd,
    0x38, 0x3b, 0x01, 0xfd, 0x36, 0x39, 0x01, 0xfd, 0x36, 0x38, 0x01, 0xfd, 0x37, 0x39, 0x01, 0xfd, 0x37, 0x39, 0x02, 0xfd, 0x35, 0x37, 0x01, 0xfd,
    0x35, 0x36, 0x01, 0xfd, 0x33, 0x34, 0x01, 0xfd, 0x32, 0x33, 0x01, 0xfd, 0x32, 0x33, 0x01, 0xfd, 0x32, 0x32, 0x01, 0xfd, 0x32, 0x32, 0x01, 0xfd,
    0x30, 0x30, 0x01, 0xfd, 0x2d, 0x2d, 0x01, 0xfd, 0x29, 0x2c, 0x03, 0xfd, 0x1a, 0x15, 0x00, 0xfd, 0x32, 0x54, 0x3d, 0xfd, 0x6a, 0xe3, 0xba, 0xfd,
    0x58, 0xc6, 0x91, 0xfd, 0x54, 0xbe, 0x84, 0xfd, 0x53, 0xbe, 0x7e, 0xfd, 0x51, 0xbd, 0x7b, 0xfd, 0x51, 0xbe, 0x7c, 0xfd, 0x51, 0xbe, 0x7c, 0xfd,
    0x54, 0xc1, 0x84, 0xfd, 0x57, 0xc6, 0x90, 0xfd, 0x59, 0xc7, 0x94, 0xfd, 0x57, 0xc7, 0x93, 0xfd, 0x57, 0xc7, 0x94, 0xfd, 0x5a, 0xca, 0x97, 0xfd,
    0x5a, 0xcb, 0x98, 0xfd, 0x5a, 0xca, 0x98, 0xfd, 0x5c, 0xcc, 0x9c, 0xfd, 0x5c, 0xce, 0x9f, 0xfd, 0x5b, 0xce, 0x9e, 0xfd, 0x5c, 0xcf, 0x9f, 0xfd,
    0x5c, 0xcf, 0xa0, 0xfd, 0x5d, 0xcf, 0xa0, 0xfd, 0x5d, 0xcf, 0xa0, 0xfd, 0x5d, 0xcf, 0xa0, 0xfd, 0x5f, 0xd1, 0xa2, 0xfd, 0x5f, 0xd2, 0xa3, 0xfd,
    0x5e, 0xd1, 0xa1, 0xfd, 0x5d, 0xd0, 0xa0, 0xfd, 0x5d, 0xd1, 0xa1, 0xfd, 0x5d, 0xd1, 0xa1, 0xfd, 0x5e, 0xd1, 0xa1, 0xfd, 0x5f, 0xd0, 0xa1, 0xfd,
    0x5e, 0xd0, 0xa0, 0xfd, 0x5f, 0xd0, 0xa2, 0xfd, 0x5f, 0xd0, 0xa1, 0xfd, 0x5f, 0xcf, 0xa0, 0xfd, 0x5f, 0xcf, 0x9f, 0xfd, 0x5e, 0xcf, 0x9e, 0xfd,
    0x5f, 0xcf, 0x9d, 0xfd, 0x5f, 0xce, 0x9c, 0xfd, 0x5f, 0xcc, 0x9b, 0xfd, 0x5e, 0xca, 0x99, 0xfd, 0x5f, 0xca, 0x97, 0xfd, 0x60, 0xca, 0x96, 0xfd,
    0x5f, 0xc8, 0x94, 0xfd, 0x5d, 0xc6, 0x91, 0xfd, 0x5d, 0xc5, 0x8f, 0xfd, 0x5c, 0xc4, 0x8e, 0xfd, 0x5c, 0xc2, 0x8a, 0xfd, 0x5c, 0xc2, 0x88, 0xfd,
    0x5c, 0xc0, 0x86, 0xfd, 0x5a, 0xbc, 0x7c, 0xfd, 0x55, 0xb7, 0x71, 0xfd, 0x51, 0xaf, 0x65, 0xfd, 0x51, 0xac, 0x60, 0xfd, 0x50, 0xaa, 0x5c, 0xfd,
    0x4e, 0xa6, 0x57, 0xfd, 0x4c, 0xa2, 0x52, 0xfd, 0x4c, 0x9e, 0x4f, 0xfd, 0x4a, 0x9a, 0x48, 0xfd, 0x4a, 0x95, 0x42, 0xfd, 0x4a, 0x93, 0x3f, 0xfd,
    0x49, 0x8d, 0x3b, 0xfd, 0x49, 0x89, 0x36, 0xfd, 0x4c, 0x86, 0x34, 0xfd, 0x51, 0x87, 0x33, 0xfd, 0x57, 0x8b, 0x36, 0xfd, 0x6f, 0xac, 0x48, 0xfd,
    0x53, 0x7c, 0x32, 0xfd, 0x15, 0x13, 0x00, 0xfd, 0x24, 0x26, 0x02, 0xfd, 0x2b, 0x2b, 0x01, 0xfd, 0x30, 0x30, 0x01, 0xfd, 0x33, 0x34, 0x01, 0xfd,
    0x35, 0x37, 0x01, 0xfd, 0x37, 0x39, 0x01, 0xfd, 0x39, 0x3c, 0x01, 0xfd, 0x3b, 0x3f, 0x01, 0xfd, 0x3f, 0x44, 0x03, 0xfd, 0x36, 0x37, 0x00, 0xfb,
    0x69, 0x8c, 0x32, 0xff, 0xa7, 0xf8, 0x81, 0xd2, 0x00, 0x00, 0x00, 0x00, 0x00, 0x00, 0x00, 0x00, 0x00, 0x00, 0x00, 0x00, 0x00, 0x00, 0x00, 0x00,
    0x00, 0x00, 0x00, 0x00, 0x00, 0x00, 0x00, 0x00, 0xff, 0xff, 0xff, 0x01, 0x00, 0x00, 0x00, 0x00, 0xa8, 0xfc, 0x84, 0xc3, 0x73, 0x9a, 0x3d, 0xff,
    0x36, 0x35, 0x00, 0xfa, 0x3e, 0x43, 0x03, 0xfd, 0x3a, 0x3f, 0x01, 0xfd, 0x3a, 0x3e, 0x01, 0xfd, 0x39, 0x3c, 0x01, 0xfd, 0x37, 0x3a, 0x01, 0xfd,
    0x37, 0x39, 0x01, 0xfd, 0x37, 0x38, 0x01, 0xfd, 0x37, 0x39, 0x02, 0xfd, 0x36, 0x38, 0x02, 0xfd, 0x35, 0x36, 0x01, 0xfd, 0x34, 0x35, 0x01, 0xfd,
    0x33, 0x34, 0x01, 0xfd, 0x32, 0x33, 0x01, 0xfd, 0x32, 0x32, 0x01, 0xfd, 0x32, 0x33, 0x01, 0xfd, 0x32, 0x32, 0x01, 0xfd, 0x30, 0x30, 0x01, 0xfd,
    0x2c, 0x2c, 0x01, 0xfd, 0x26, 0x29, 0x04, 0xfd, 0x16, 0x0f, 0x00, 0xfd, 0x42, 0x7a, 0x60, 0xfd, 0x67, 0xe3, 0xb3, 0xfd, 0x55, 0xbe, 0x85, 0xfd,
    0x55, 0xbc, 0x7c, 0xfd, 0x52, 0xb8, 0x74, 0xfd, 0x51, 0xb8, 0x73, 0xfd, 0x50, 0xb8, 0x72, 0xfd, 0x51, 0xb9, 0x74, 0xfd, 0x51, 0xbb, 0x78, 0xfd,
    0x55, 0xc0, 0x84, 0xfd, 0x57, 0xc2, 0x8c, 0xfd, 0x58, 0xc3, 0x8e, 0xfd, 0x58, 0xc4, 0x8f, 0xfd, 0x59, 0xc6, 0x8f, 0xfd, 0x59, 0xc6, 0x90, 0xfd,
    0x5b, 0xc7, 0x93, 0xfd, 0x5c, 0xc9, 0x96, 0xfd, 0x5a, 0xc9, 0x96, 0xfd, 0x5a, 0xc9, 0x95, 0xfd, 0x5a, 0xc9, 0x96, 0xfd, 0x5b, 0xca, 0x97, 0xfd,
    0x5a, 0xca, 0x98, 0xfd, 0x5b, 0xcb, 0x98, 0xfd, 0x5e, 0xcc, 0x9a, 0xfd, 0x5c, 0xcc, 0x9a, 0xfd, 0x5a, 0xcb, 0x99, 0xfd, 0x5b, 0xcb, 0x98, 0xfd,
    0x5c, 0xcc, 0x99, 0xfd, 0x5d, 0xcc, 0x9a, 0xfd, 0x5e, 0xcc, 0x9a, 0xfd, 0x5e, 0xcc, 0x9a, 0xfd, 0x5e, 0xcc, 0x9a, 0xfd, 0x5f, 0xcb, 0x9a, 0xfd,
    0x5f, 0xcc, 0x9a, 0xfd, 0x5f, 0xcb, 0x99, 0xfd, 0x5e, 0xc9, 0x97, 0xfd, 0x5e, 0xca, 0x98, 0xfd, 0x5f, 0xca, 0x96, 0xfd, 0x5f, 0xc9, 0x95, 0xfd,
    0x5f, 0xc8, 0x93, 0xfd, 0x5e, 0xc7, 0x92, 0xfd, 0x5f, 0xc6, 0x91, 0xfd, 0x60, 0xc6, 0x8f, 0xfd, 0x5e, 0xc4, 0x8c, 0xfd, 0x5b, 0xc1, 0x89, 0xfd,
    0x5c, 0xc1, 0x87, 0xfd, 0x5d, 0xc1, 0x87, 0xfd, 0x5a, 0xbf, 0x81, 0xfd, 0x57, 0xb9, 0x78, 0xfd, 0x57, 0xb5, 0x6e, 0xfd, 0x53, 0xb1, 0x66, 0xfd,
    0x51, 0xae, 0x62, 0xfd, 0x51, 0xaa, 0x5d, 0xfd, 0x4f, 0xa7, 0x59, 0xfd, 0x4f, 0xa4, 0x54, 0xfd, 0x4d, 0xa0, 0x4f, 0xfd, 0x4c, 0x9b, 0x4a, 0xfd,
    0x4b, 0x97, 0x45, 0xfd, 0x4a, 0x93, 0x40, 0xfd, 0x49, 0x8f, 0x3d, 0xfd, 0x49, 0x8b, 0x39, 0xfd, 0x4a, 0x88, 0x34, 0xfd, 0x4b, 0x84, 0x32, 0xfd,
    0x4e, 0x83, 0x31, 0xfd, 0x51, 0x84, 0x31, 0xfd, 0x60, 0x93, 0x3a, 0xfd, 0x71, 0xac, 0x47, 0xfd, 0x2d, 0x3b, 0x12, 0xfd, 0x1b, 0x19, 0x00, 0xfd,
    0x27, 0x29, 0x02, 0xfd, 0x2c, 0x2d, 0x01, 0xfd, 0x30, 0x31, 0x01, 0xfd, 0x33, 0x34, 0x01, 0xfd, 0x36, 0x38, 0x01, 0xfd, 0x37, 0x3a, 0x01, 0xfd,
    0x39, 0x3c, 0x01, 0xfd, 0x3b, 0x3f, 0x01, 0xfd, 0x3e, 0x43, 0x03, 0xfd, 0x36, 0x39, 0x00, 0xf9, 0x71, 0x9a, 0x3a, 0xff, 0xa4, 0xf7, 0x7e, 0xc6,
    0x00, 0x00, 0x00, 0x00, 0xff, 0xff, 0xff, 0x01, 0x00, 0x00, 0x00, 0x00, 0x00, 0x00, 0x00, 0x00, 0x00, 0x00, 0x00, 0x00, 0x00, 0x00, 0x00, 0x00,
    0xaa, 0xff, 0xaa, 0x03, 0x00, 0x00, 0x00, 0x00, 0xa7, 0xfa, 0x82, 0xb2, 0x7e, 0xae, 0x4b, 0xff, 0x36, 0x34, 0x00, 0xfa, 0x3f, 0x44, 0x04, 0xfd,
    0x3b, 0x3f, 0x01, 0xfd, 0x3a, 0x3e, 0x01, 0xfd, 0x39, 0x3c, 0x01, 0xfd, 0x38, 0x3a, 0x01, 0xfd, 0x37, 0x3a, 0x02, 0xfd, 0x37, 0x38, 0x01, 0xfd,
    0x36, 0x37, 0x01, 0xfd, 0x35, 0x37, 0x01, 0xfd, 0x35, 0x36, 0x01, 0xfd, 0x35, 0x35, 0x01, 0xfd, 0x34, 0x35, 0x01, 0xfd, 0x33, 0x34, 0x02, 0xfd,
    0x32, 0x33, 0x01, 0xfd, 0x32, 0x33, 0x01, 0xfd, 0x32, 0x33, 0x01, 0xfd, 0x32, 0x32, 0x01, 0xfd, 0x2f, 0x2f, 0x01, 0xfd, 0x2a, 0x2b, 0x02, 0xfd,
    0x23, 0x25, 0x03, 0xfd, 0x17, 0x12, 0x00, 0xfd, 0x4e, 0x97, 0x78, 0xfd, 0x65, 0xdc, 0xa6, 0xfd, 0x54, 0xb9, 0x79, 0xfd, 0x54, 0xb7, 0x73, 0xfd,
    0x53, 0xb5, 0x6f, 0xfd, 0x52, 0xb3, 0x6c, 0xfd, 0x51, 0xb3, 0x6c, 0xfd, 0x50, 0xb4, 0x6c, 0xfd, 0x50, 0xb6, 0x6f, 0xfd, 0x53, 0xb9, 0x75, 0xfd,
    0x56, 0xbc, 0x7d, 0xfd, 0x57, 0xbf, 0x85, 0xfd, 0x59, 0xc1, 0x89, 0xfd, 0x58, 0xc2, 0x89, 0xfd, 0x58, 0xc2, 0x88, 0xfd, 0x5a, 0xc3, 0x8b, 0xfd,
    0x5a, 0xc4, 0x8d, 0xfd, 0x5a, 0xc4, 0x8d, 0xfd, 0x5a, 0xc5, 0x8e, 0xfd, 0x5b, 0xc6, 0x90, 0xfd, 0x5c, 0xc7, 0x91, 0xfd, 0x5c, 0xc7, 0x91, 0xfd,
    0x5d, 0xc8, 0x92, 0xfd, 0x5d, 0xc7, 0x92, 0xfd, 0x5c, 0xc7, 0x92, 0xfd, 0x5c, 0xc7, 0x92, 0xfd, 0x5d, 0xc8, 0x93, 0xfd, 0x5c, 0xc7, 0x93, 0xfd,
    0x5d, 0xc7, 0x93, 0xfd, 0x5d, 0xc7, 0x93, 0xfd, 0x5d, 0xc7, 0x93, 0xfd, 0x5e, 0xc8, 0x93, 0xfd, 0x5f, 0xc8, 0x92, 0xfd, 0x5f, 0xc6, 0x91, 0xfd,
    0x5e, 0xc5, 0x91, 0xfd, 0x5e, 0xc6, 0x90, 0xfd, 0x5f, 0xc5, 0x8f, 0xfd, 0x5e, 0xc3, 0x8d, 0xfd, 0x5e, 0xc3, 0x8c, 0xfd, 0x5d, 0xc2, 0x89, 0xfd,
    0x5d, 0xc1, 0x88, 0xfd, 0x5d, 0xc1, 0x87, 0xfd, 0x5c, 0xc0, 0x85, 0xfd, 0x5b, 0xbf, 0x83, 0xfd, 0x5a, 0xbd, 0x7b, 0xfd, 0x57, 0xb7, 0x72, 0xfd,
    0x54, 0xb2, 0x6a, 0xfd, 0x53, 0xae, 0x63, 0xfd, 0x52, 0xac, 0x5f, 0xfd, 0x52, 0xaa, 0x5d, 0xfd, 0x50, 0xa7, 0x5a, 0xfd, 0x4e, 0xa3, 0x54, 0xfd,
    0x4e, 0xa0, 0x50, 0xfd, 0x4d, 0x9c, 0x4b, 0xfd, 0x4d, 0x98, 0x45, 0xfd, 0x4c, 0x95, 0x42, 0xfd, 0x4a, 0x91, 0x3e, 0xfd, 0x48, 0x8c, 0x39, 0xfd,
    0x48, 0x88, 0x34, 0xfd, 0x48, 0x83, 0x31, 0xfd, 0x4a, 0x81, 0x2e, 0xfd, 0x4d, 0x82, 0x2e, 0xfd, 0x50, 0x81, 0x2f, 0xfd, 0x58, 0x87, 0x33, 0xfd,
    0x71, 0xa9, 0x43, 0xfd, 0x53, 0x79, 0x2e, 0xfd, 0x14, 0x13, 0x00, 0xfd, 0x24, 0x25, 0x02, 0xfd, 0x2a, 0x2a, 0x01, 0xfd, 0x30, 0x2f, 0x01, 0xfd,
    0x32, 0x33, 0x01, 0xfd, 0x34, 0x36, 0x01, 0xfd, 0x36, 0x38, 0x01, 0xfd, 0x37, 0x3a, 0x01, 0xfd, 0x39, 0x3d, 0x02, 0xfd, 0x3c, 0x3f, 0x02, 0xfd,
    0x3f, 0x45, 0x03, 0xfd, 0x35, 0x38, 0x00, 0xf9, 0x7f, 0xaf, 0x49, 0xff, 0xa4, 0xf6, 0x7e, 0xb4, 0x00, 0x00, 0x00, 0x00, 0xaa, 0xff, 0xaa, 0x03,
    0x00, 0x00, 0x00, 0x00, 0x00, 0x00, 0x00, 0x00, 0x00, 0x00, 0x00, 0x00, 0x00, 0x00, 0x00, 0x00, 0xbf, 0xff, 0x7f, 0x04, 0x00, 0x00, 0x00, 0x00,
    0xa3, 0xf7, 0x7e, 0x91, 0x8a, 0xc7, 0x5b, 0xff, 0x37, 0x38, 0x00, 0xf9, 0x40, 0x45, 0x03, 0xfd, 0x3d, 0x40, 0x02, 0xfd, 0x3b, 0x3f, 0x01, 0xfd,
    0x3a, 0x3d, 0x01, 0xfd, 0x38, 0x3b, 0x01, 0xfd, 0x37, 0x3a, 0x02, 0xfd, 0x36, 0x38, 0x01, 0xfd, 0x36, 0x37, 0x01, 0xfd, 0x35, 0x36, 0x01, 0xfd,
    0x35, 0x36, 0x01, 0xfd, 0x35, 0x35, 0x01, 0xfd, 0x33, 0x34, 0x01, 0xfd, 0x32, 0x34, 0x02, 0xfd, 0x31, 0x32, 0x01, 0xfd, 0x31, 0x32, 0x01, 0xfd,
    0x33, 0x34, 0x01, 0xfd, 0x32, 0x33, 0x01, 0xfd, 0x31, 0x32, 0x01, 0xfd, 0x2e, 0x2e, 0x01, 0xfd, 0x29, 0x2a, 0x02, 0xfd, 0x21, 0x21, 0x01, 0xfd,
    0x19, 0x18, 0x06, 0xfd, 0x53, 0xa3, 0x81, 0xfd, 0x64, 0xd6, 0x9a, 0xfd, 0x55, 0xb6, 0x73, 0xfd, 0x54, 0xb3, 0x6d, 0xfd, 0x53, 0xaf, 0x67, 0xfd,
    0x52, 0xaf, 0x66, 0xfd, 0x51, 0xae, 0x65, 0xfd, 0x51, 0xb1, 0x66, 0xfd, 0x52, 0xb3, 0x68, 0xfd, 0x51, 0xb3, 0x6a, 0xfd, 0x52, 0xb6, 0x6e, 0xfd,
    0x56, 0xba, 0x77, 0xfd, 0x57, 0xbc, 0x7d, 0xfd, 0x56, 0xbd, 0x7e, 0xfd, 0x57, 0xbf, 0x82, 0xfd, 0x59, 0xc0, 0x84, 0xfd, 0x5a, 0xc0, 0x86, 0xfd,
    0x5b, 0xc1, 0x87, 0xfd, 0x5c, 0xc2, 0x88, 0xfd, 0x5b, 0xc1, 0x87, 0xfd, 0x5b, 0xc2, 0x88, 0xfd, 0x5c, 0xc3, 0x8a, 0xfd, 0x5c, 0xc2, 0x89, 0xfd,
    0x5d, 0xc2, 0x8b, 0xfd, 0x5d, 0xc2, 0x8a, 0xfd, 0x5c, 0xc2, 0x8a, 0xfd, 0x5b, 0xc2, 0x89, 0xfd, 0x5b, 0xc2, 0x89, 0xfd, 0x5c, 0xc2, 0x8a, 0xfd,
    0x5d, 0xc3, 0x8b, 0xfd, 0x5d, 0xc3, 0x8a, 0xfd, 0x5d, 0xc2, 0x89, 0xfd, 0x5c, 0xc1, 0x88, 0xfd, 0x5d, 0xc0, 0x88, 0xfd, 0x5c, 0xc0, 0x87, 0xfd,
    0x5c, 0xc0, 0x86, 0xfd, 0x5d, 0xc0, 0x85, 0xfd, 0x5c, 0xc0, 0x84, 0xfd, 0x5c, 0xbf, 0x82, 0xfd, 0x5b, 0xbe, 0x7d, 0xfd, 0x59, 0xbc, 0x79, 0xfd,
    0x58, 0xb8, 0x74, 0xfd, 0x56, 0xb4, 0x6c, 0xfd, 0x54, 0xaf, 0x64, 0xfd, 0x52, 0xab, 0x5f, 0xfd, 0x51, 0xaa, 0x5d, 0xfd, 0x52, 0xa9, 0x5b, 0xfd,
    0x51, 0xa5, 0x57, 0xfd, 0x51, 0xa3, 0x53, 0xfd, 0x4f, 0x9f, 0x50, 0xfd, 0x4c, 0x9a, 0x4b, 0xfd, 0x4c, 0x98, 0x46, 0xfd, 0x4b, 0x94, 0x42, 0xfd,
    0x4a, 0x91, 0x3e, 0xfd, 0x4b, 0x8f, 0x3b, 0xfd, 0x4a, 0x8b, 0x38, 0xfd, 0x49, 0x86, 0x33, 0xfd, 0x4a, 0x83, 0x30, 0xfd, 0x49, 0x7d, 0x2d, 0xfd,
    0x4c, 0x7c, 0x2b, 0xfd, 0x4f, 0x7e, 0x2c, 0xfd, 0x54, 0x82, 0x2f, 0xfd, 0x67, 0x99, 0x3c, 0xfd, 0x70, 0xa4, 0x40, 0xfd, 0x23, 0x2b, 0x0a, 0xfd,
    0x1a, 0x1a, 0x00, 0xfd, 0x26, 0x27, 0x02, 0xfd, 0x2c, 0x2c, 0x01, 0xfc, 0x31, 0x31, 0x01, 0xfd, 0x33, 0x34, 0x01, 0xfd, 0x35, 0x37, 0x01, 0xfd,
    0x36, 0x38, 0x01, 0xfd, 0x38, 0x3b, 0x01, 0xfd, 0x3a, 0x3e, 0x01, 0xfd, 0x3c, 0x40, 0x01, 0xfd, 0x3f, 0x45, 0x03, 0xfd, 0x36, 0x39, 0x00, 0xf8,
    0x90, 0xca, 0x5e, 0xff, 0xa3, 0xf3, 0x7d, 0x96, 0x00, 0x00, 0x00, 0x00, 0xbf, 0xff, 0x7f, 0x04, 0x00, 0x00, 0x00, 0x00, 0x00, 0x00, 0x00, 0x00,
    0x00, 0x00, 0x00, 0x00, 0x00, 0x00, 0x00, 0x00, 0x7f, 0xff, 0x7f, 0x04, 0x00, 0x00, 0x00, 0x00, 0x9a, 0xed, 0x78, 0x68, 0x99, 0xe0, 0x6e, 0xff,
    0x3c, 0x41, 0x00, 0xf9, 0x3f, 0x44, 0x02, 0xfd, 0x3e, 0x42, 0x02, 0xfd, 0x3c, 0x3f, 0x02, 0xfd, 0x39, 0x3e, 0x02, 0xfd, 0x38, 0x3c, 0x01, 0xfd,
    0x37, 0x39, 0x01, 0xfd, 0x35, 0x38, 0x01, 0xfd, 0x36, 0x38, 0x01, 0xfd, 0x36, 0x37, 0x02, 0xfd, 0x34, 0x35, 0x01, 0xfd, 0x34, 0x35, 0x01, 0xfd,
    0x34, 0x34, 0x01, 0xfd, 0x32, 0x33, 0x01, 0xfd, 0x31, 0x32, 0x01, 0xfc, 0x33, 0x34, 0x01, 0xfd, 0x33, 0x34, 0x01, 0xfd, 0x33, 0x34, 0x01, 0xfd,
    0x32, 0x33, 0x01, 0xfd, 0x31, 0x31, 0x01, 0xfd, 0x2e, 0x2e, 0x01, 0xfd, 0x2a, 0x2a, 0x02, 0xfd, 0x1f, 0x1e, 0x00, 0xfd, 0x1a, 0x1c, 0x0a, 0xfd,
    0x56, 0xa7, 0x81, 0xfd, 0x66, 0xd2, 0x93, 0xfd, 0x58, 0xb3, 0x6d, 0xfd, 0x58, 0xb0, 0x68, 0xfd, 0x55, 0xad, 0x63, 0xfd, 0x53, 0xab, 0x60, 0xfd,
    0x53, 0xac, 0x60, 0xfd, 0x53, 0xae, 0x60, 0xfd, 0x53, 0xae, 0x63, 0xfd, 0x53, 0xb0, 0x63, 0xfd, 0x51, 0xaf, 0x63, 0xfd, 0x51, 0xb0, 0x66, 0xfd,
    0x54, 0xb4, 0x6d, 0xfd, 0x55, 0xb7, 0x72, 0xfd, 0x58, 0xba, 0x77, 0xfd, 0x59, 0xbc, 0x7b, 0xfd, 0x5b, 0xbd, 0x7d, 0xfd, 0x5a, 0xbd, 0x7e, 0xfd,
    0x59, 0xbe, 0x7d, 0xfd, 0x5b, 0xbe, 0x7e, 0xfd, 0x5b, 0xbe, 0x80, 0xfd, 0x5b, 0xbe, 0x81, 0xfd, 0x5a, 0xbe, 0x82, 0xfd, 0x5a, 0xbe, 0x82, 0xfd,
    0x5a, 0xbe, 0x81, 0xfd, 0x5a, 0xbd, 0x81, 0xfd, 0x5a, 0xbe, 0x81, 0xfd, 0x5c, 0xbf, 0x81, 0xfd, 0x5c, 0xbe, 0x81, 0xfd, 0x5b, 0xbe, 0x80, 0xfd,
    0x5b, 0xbe, 0x80, 0xfd, 0x5b, 0xbe, 0x7e, 0xfd, 0x5a, 0xbc, 0x7d, 0xfd, 0x5b, 0xbd, 0x7d, 0xfd, 0x5c, 0xbd, 0x7c, 0xfd, 0x5a, 0xba, 0x78, 0xfd,
    0x5a, 0xb9, 0x74, 0xfd, 0x57, 0xb6, 0x6f, 0xfd, 0x55, 0xb2, 0x69, 0xfd, 0x55, 0xaf, 0x63, 0xfd, 0x54, 0xad, 0x61, 0xfd, 0x52, 0xaa, 0x5d, 0xfd,
    0x52, 0xa7, 0x5b, 0xfd, 0x53, 0xa7, 0x59, 0xfd, 0x50, 0xa3, 0x53, 0xfd, 0x4f, 0xa0, 0x50, 0xfd, 0x50, 0x9f, 0x4d, 0xfd, 0x50, 0x9b, 0x4a, 0xfd,
    0x4e, 0x98, 0x46, 0xfd, 0x4c, 0x95, 0x42, 0xfd, 0x4b, 0x92, 0x3f, 0xfd, 0x4a, 0x8e, 0x3c, 0xfd, 0x49, 0x8a, 0x38, 0xfd, 0x49, 0x87, 0x34, 0xfd,
    0x48, 0x82, 0x30, 0xfd, 0x49, 0x7e, 0x2c, 0xfd, 0x4b, 0x7d, 0x2b, 0xfd, 0x4d, 0x7a, 0x2b, 0xfd, 0x4f, 0x7b, 0x2a, 0xfd, 0x53, 0x7d, 0x2c, 0xfd,
    0x60, 0x8d, 0x35, 0xfd, 0x78, 0xaf, 0x45, 0xfd, 0x3e, 0x54, 0x1d, 0xfd, 0x12, 0x10, 0x00, 0xfd, 0x24, 0x25, 0x02, 0xfd, 0x2a, 0x2a, 0x01, 0xfd,
    0x2e, 0x2f, 0x02, 0xfd, 0x32, 0x32, 0x01, 0xfd, 0x33, 0x34, 0x01, 0xfd, 0x33, 0x35, 0x01, 0xfc, 0x35, 0x38, 0x01, 0xfd, 0x38, 0x3d, 0x01, 0xfd,
    0x3b, 0x3f, 0x02, 0xfd, 0x3d, 0x41, 0x02, 0xfd, 0x3f, 0x45, 0x01, 0xfd, 0x3c, 0x42, 0x00, 0xf9, 0x9c, 0xe2, 0x70, 0xff, 0x98, 0xe9, 0x74, 0x6d,
    0x00, 0x00, 0x00, 0x00, 0x7f, 0xff, 0x7f, 0x04, 0x00, 0x00, 0x00, 0x00, 0x00, 0x00, 0x00, 0x00, 0x00, 0x00, 0x00, 0x00, 0x00, 0x00, 0x00, 0x00,
    0x55, 0xaa, 0x55, 0x03, 0x00, 0x00, 0x00, 0x00, 0x88, 0xd4, 0x67, 0x36, 0xa1, 0xed, 0x7a, 0xfe, 0x49, 0x58, 0x0d, 0xfc, 0x3c, 0x41, 0x00, 0xfd,
    0x3f, 0x44, 0x02, 0xfd, 0x3d, 0x40, 0x02, 0xfd, 0x3a, 0x3e, 0x02, 0xfd, 0x39, 0x3c, 0x02, 0xfd, 0x38, 0x3a, 0x01, 0xfd, 0x36, 0x38, 0x01, 0xfd,
    0x36, 0x38, 0x01, 0xfd, 0x35, 0x36, 0x01, 0xfd, 0x33, 0x35, 0x01, 0xfd, 0x33, 0x35, 0x02, 0xfd, 0x34, 0x35, 0x01, 0xfd, 0x33, 0x34, 0x01, 0xfd,
    0x32, 0x34, 0x01, 0xfd, 0x32, 0x33, 0x01, 0xfd, 0x33, 0x34, 0x01, 0xfd, 0x34, 0x35, 0x02, 0xfd, 0x34, 0x35, 0x02, 0xfd, 0x31, 0x32, 0x01, 0xfc,
    0x31, 0x30, 0x01, 0xfd, 0x2e, 0x2e, 0x01, 0xfd, 0x29, 0x2a, 0x02, 0xfd, 0x1f, 0x1e, 0x00, 0xfd, 0x1a, 0x1b, 0x09, 0xfd, 0x56, 0xa0, 0x78, 0xfd,
    0x6b, 0xd3, 0x91, 0xfd, 0x5a, 0xb2, 0x69, 0xfd, 0x58, 0xab, 0x61, 0xfd, 0x56, 0xa8, 0x5c, 0xfd, 0x54, 0xa7, 0x5a, 0xfd, 0x54, 0xa7, 0x59, 0xfd,
    0x55, 0xa9, 0x5b, 0xfd, 0x53, 0xa9, 0x5a, 0xfd, 0x51, 0xa9, 0x5a, 0xfd, 0x52, 0xab, 0x5d, 0xfd, 0x52, 0xab, 0x5f, 0xfd, 0x53, 0xad, 0x61, 0xfd,
    0x53, 0xae, 0x63, 0xfd, 0x55, 0xb0, 0x66, 0xfd, 0x56, 0xb2, 0x69, 0xfd, 0x56, 0xb3, 0x6c, 0xfd, 0x58, 0xb6, 0x70, 0xfd, 0x59, 0xb7, 0x71, 0xfd,
    0x5a, 0xb8, 0x74, 0xfd, 0x5a, 0xb9, 0x76, 0xfd, 0x59, 0xb9, 0x76, 0xfd, 0x59, 0xb9, 0x76, 0xfd, 0x59, 0xb9, 0x77, 0xfd, 0x5a, 0xb9, 0x77, 0xfd,
    0x5b, 0xb9, 0x76, 0xfd, 0x5b, 0xb9, 0x75, 0xfd, 0x5b, 0xb9, 0x75, 0xfd, 0x5a, 0xb8, 0x74, 0xfd, 0x59, 0xb8, 0x74, 0xfd, 0x58, 0xb6, 0x70, 0xfd,
    0x57, 0xb3, 0x6b, 0xfd, 0x56, 0xb1, 0x68, 0xfd, 0x56, 0xb0, 0x66, 0xfd, 0x55, 0xad, 0x62, 0xfd, 0x55, 0xac, 0x60, 0xfd, 0x55, 0xab, 0x5e, 0xfd,
    0x54, 0xa9, 0x5c, 0xfd, 0x53, 0xa8, 0x59, 0xfd, 0x53, 0xa7, 0x58, 0xfd, 0x52, 0xa4, 0x55, 0xfd, 0x52, 0xa1, 0x52, 0xfd, 0x51, 0x9e, 0x4e, 0xfd,
    0x4f, 0x9c, 0x4b, 0xfd, 0x4f, 0x9a, 0x48, 0xfd, 0x4e, 0x97, 0x44, 0xfd, 0x4d, 0x94, 0x40, 0xfd, 0x4c, 0x91, 0x3e, 0xfd, 0x4b, 0x8d, 0x3a, 0xfd,
    0x49, 0x89, 0x36, 0xfd, 0x4a, 0x88, 0x35, 0xfd, 0x49, 0x85, 0x31, 0xfd, 0x4a, 0x80, 0x2e, 0xfd, 0x48, 0x7b, 0x2b, 0xfd, 0x49, 0x79, 0x28, 0xfd,
    0x4c, 0x78, 0x28, 0xfd, 0x4f, 0x78, 0x28, 0xfd, 0x52, 0x79, 0x29, 0xfd, 0x5d, 0x86, 0x30, 0xfd, 0x76, 0xab, 0x43, 0xfd, 0x54, 0x74, 0x2c, 0xfd,
    0x13, 0x11, 0x00, 0xfd, 0x20, 0x21, 0x01, 0xfd, 0x28, 0x28, 0x01, 0xfd, 0x2e, 0x2e, 0x01, 0xfd, 0x30, 0x31, 0x01, 0xfd, 0x33, 0x33, 0x01, 0xfd,
    0x34, 0x35, 0x01, 0xfd, 0x33, 0x36, 0x01, 0xfc, 0x35, 0x38, 0x02, 0xfc, 0x38, 0x3c, 0x02, 0xfd, 0x3b, 0x3f, 0x02, 0xfd, 0x3d, 0x43, 0x02, 0xfc,
    0x3c, 0x41, 0x00, 0xfc, 0x49, 0x5a, 0x0e, 0xfc, 0xa2, 0xee, 0x7b, 0xff, 0x83, 0xce, 0x60, 0x3a, 0x00, 0x00, 0x00, 0x00, 0xaa, 0xaa, 0x55, 0x03,
    0x00, 0x00, 0x00, 0x00, 0x00, 0x00, 0x00, 0x00, 0x00, 0x00, 0x00, 0x00, 0x00, 0x00, 0x00, 0x00, 0x00, 0xff, 0x00, 0x01, 0x00, 0x00, 0x00, 0x00,
    0x55, 0x7f, 0x2a, 0x0c, 0xa3, 0xf3, 0x81, 0xe7, 0x64, 0x83, 0x2d, 0xff, 0x38, 0x3a, 0x00, 0xfc, 0x40, 0x46, 0x04, 0xfd, 0x3d, 0x41, 0x02, 0xfd,
    0x3b, 0x3f, 0x02, 0xfd, 0x3a, 0x3e, 0x02, 0xfd, 0x39, 0x3c, 0x02, 0xfd, 0x38, 0x3a, 0x01, 0xfd, 0x37, 0x38, 0x02, 0xfd, 0x35, 0x36, 0x01, 0xfd,
    0x33, 0x35, 0x01, 0xfd, 0x33, 0x35, 0x02, 0xfd, 0x33, 0x35, 0x02, 0xfd, 0x33, 0x34, 0x01, 0xfd, 0x33, 0x34, 0x01, 0xfd, 0x33, 0x34, 0x01, 0xfd,
    0x34, 0x35, 0x01, 0xfd, 0x34, 0x35, 0x01, 0xfd, 0x35, 0x35, 0x01, 0xfd, 0x34, 0x34, 0x01, 0xfd, 0x33, 0x33, 0x01, 0xfd, 0x31, 0x32, 0x01, 0xfd,
    0x2d, 0x2d, 0x01, 0xfd, 0x28, 0x2a, 0x03, 0xfd, 0x1e, 0x1e, 0x00, 0xfd, 0x18, 0x17, 0x05, 0xfd, 0x4f, 0x8d, 0x67, 0xfd, 0x6d, 0xd2, 0x8f, 0xfd,
    0x5d, 0xb4, 0x67, 0xfd, 0x58, 0xa7, 0x5b, 0xfd, 0x57, 0xa4, 0x57, 0xfd, 0x56, 0xa3, 0x55, 0xfd, 0x54, 0xa1, 0x54, 0xfd, 0x54, 0xa2, 0x54, 0xfd,
    0x52, 0xa3, 0x54, 0xfd, 0x52, 0xa4, 0x55, 0xfd, 0x53, 0xa5, 0x57, 0xfd, 0x54, 0xa6, 0x59, 0xfd, 0x54, 0xa7, 0x5a, 0xfd, 0x55, 0xa9, 0x5c, 0xfd,
    0x55, 0xaa, 0x5d, 0xfd, 0x55, 0xaa, 0x5d, 0xfd, 0x54, 0xab, 0x5e, 0xfd, 0x54, 0xab, 0x5f, 0xfd, 0x55, 0xac, 0x60, 0xfd, 0x56, 0xad, 0x62, 0xfd,
    0x56, 0xad, 0x63, 0xfd, 0x56, 0xad, 0x63, 0xfd, 0x57, 0xae, 0x63, 0xfd, 0x57, 0xad, 0x64, 0xfd, 0x57, 0xae, 0x63, 0xfd, 0x57, 0xad, 0x63, 0xfd,
    0x57, 0xad, 0x61, 0xfd, 0x56, 0xac, 0x60, 0xfd, 0x56, 0xab, 0x5f, 0xfd, 0x56, 0xaa, 0x5d, 0xfd, 0x56, 0xa9, 0x5b, 0xfd, 0x54, 0xa8, 0x5a, 0xfd,
    0x53, 0xa6, 0x5a, 0xfd, 0x54, 0xa6, 0x5a, 0xfd, 0x54, 0xa6, 0x58, 0xfd, 0x54, 0xa4, 0x56, 0xfd, 0x53, 0xa2, 0x53, 0xfd, 0x53, 0xa0, 0x4f, 0xfd,
    0x52, 0x9d, 0x4d, 0xfd, 0x51, 0x9d, 0x4a, 0xfd, 0x50, 0x99, 0x46, 0xfd, 0x4e, 0x96, 0x43, 0xfd, 0x4e, 0x94, 0x42, 0xfd, 0x4e, 0x93, 0x40, 0xfd,
    0x4c, 0x8e, 0x3c, 0xfd, 0x4c, 0x8b, 0x39, 0xfd, 0x4b, 0x88, 0x36, 0xfd, 0x4a, 0x85, 0x32, 0xfd, 0x49, 0x83, 0x30, 0xfd, 0x49, 0x80, 0x2e, 0xfd,
    0x49, 0x7c, 0x2c, 0xfd, 0x4a, 0x7a, 0x2b, 0xfd, 0x4b, 0x78, 0x29, 0xfd, 0x4c, 0x76, 0x27, 0xfd, 0x4e, 0x75, 0x27, 0xfd, 0x52, 0x78, 0x29, 0xfd,
    0x5c, 0x85, 0x30, 0xfd, 0x73, 0xa6, 0x3f, 0xfd, 0x5d, 0x85, 0x31, 0xfd, 0x17, 0x18, 0x03, 0xfd, 0x1d, 0x1d, 0x01, 0xfd, 0x25, 0x26, 0x02, 0xfd,
    0x2c, 0x2c, 0x01, 0xfd, 0x30, 0x30, 0x01, 0xfd, 0x31, 0x32, 0x01, 0xfd, 0x33, 0x34, 0x01, 0xfd, 0x34, 0x36, 0x01, 0xfd, 0x34, 0x37, 0x01, 0xfc,
    0x37, 0x3b, 0x02, 0xfc, 0x3a, 0x3e, 0x01, 0xfd, 0x3d, 0x40, 0x01, 0xfd, 0x40, 0x46, 0x03, 0xfd, 0x38, 0x3a, 0x00, 0xfb, 0x65, 0x87, 0x2e, 0xff,
    0xa4, 0xf4, 0x7e, 0xe4, 0x3f, 0x7f, 0x15, 0x0c, 0x00, 0x00, 0x00, 0x00, 0x00, 0xff, 0x00, 0x01, 0x00, 0x00, 0x00, 0x00, 0x00, 0x00, 0x00, 0x00,
    0x00, 0x00, 0x00, 0x00, 0x00, 0x00, 0x00, 0x00, 0x00, 0x00, 0x00, 0x00, 0xaa, 0xff, 0xaa, 0x03, 0x00, 0x00, 0x00, 0x00, 0xa5, 0xf7, 0x83, 0xa5,
    0x8a, 0xc1, 0x58, 0xfe, 0x38, 0x39, 0x00, 0xf9, 0x41, 0x48, 0x04, 0xfd, 0x3d, 0x42, 0x02, 0xfd, 0x3c, 0x3f, 0x01, 0xfd, 0x3b, 0x3f, 0x02, 0xfd,
    0x39, 0x3c, 0x01, 0xfd, 0x38, 0x3a, 0x01, 0xfd, 0x37, 0x39, 0x02, 0xfd, 0x35, 0x37, 0x02, 0xfd, 0x34, 0x34, 0x01, 0xfd, 0x33, 0x35, 0x02, 0xfd,
    0x34, 0x35, 0x01, 0xfd, 0x34, 0x34, 0x01, 0xfd, 0x34, 0x35, 0x01, 0xfd, 0x35, 0x36, 0x01, 0xfd, 0x34, 0x35, 0x01, 0xfd, 0x33, 0x34, 0x01, 0xfd,
    0x34, 0x35, 0x02, 0xfd, 0x35, 0x36, 0x02, 0xfd, 0x34, 0x35, 0x02, 0xfd, 0x33, 0x33, 0x02, 0xfd, 0x30, 0x31, 0x02, 0xfd, 0x2c, 0x2c, 0x01, 0xfd,
    0x28, 0x29, 0x02, 0xfd, 0x20, 0x21, 0x01, 0xfd, 0x15, 0x11, 0x00, 0xfd, 0x42, 0x6d, 0x4c, 0xfd, 0x6f, 0xcc, 0x89, 0xfd, 0x64, 0xbb, 0x6c, 0xfd,
    0x5b, 0xa5, 0x57, 0xfd, 0x59, 0xa1, 0x53, 0xfd, 0x56, 0x9e, 0x4f, 0xfd, 0x55, 0x9f, 0x4f, 0xfd, 0x55, 0x9f, 0x4f, 0xfd, 0x54, 0x9d, 0x4e, 0xfd,
    0x53, 0x9f, 0x4f, 0xfd, 0x54, 0xa0, 0x51, 0xfd, 0x55, 0xa1, 0x52, 0xfd, 0x54, 0xa2, 0x53, 0xfd, 0x53, 0xa1, 0x53, 0xfd, 0x53, 0xa3, 0x54, 0xfd,
    0x54, 0xa4, 0x55, 0xfd, 0x54, 0xa4, 0x56, 0xfd, 0x54, 0xa5, 0x57, 0xfd, 0x56, 0xa6, 0x59, 0xfd, 0x56, 0xa8, 0x5a, 0xfd, 0x56, 0xa8, 0x5a, 0xfd,
    0x55, 0xa7, 0x5a, 0xfd, 0x56, 0xa7, 0x5a, 0xfd, 0x55, 0xa7, 0x5a, 0xfd, 0x55, 0xa5, 0x58, 0xfd, 0x54, 0xa5, 0x57, 0xfd, 0x55, 0xa5, 0x56, 0xfd,
    0x55, 0xa4, 0x56, 0xfd, 0x55, 0xa3, 0x54, 0xfd, 0x54, 0xa2, 0x53, 0xfd, 0x55, 0xa2, 0x54, 0xfd, 0x54, 0xa0, 0x51, 0xfd, 0x53, 0x9f, 0x50, 0xfd,
    0x53, 0x9e, 0x4f, 0xfd, 0x53, 0x9c, 0x4d, 0xfd, 0x52, 0x9b, 0x4a, 0xfd, 0x52, 0x98, 0x47, 0xfd, 0x50, 0x96, 0x43, 0xfd, 0x50, 0x94, 0x40, 0xfd,
    0x4e, 0x91, 0x3e, 0xfd, 0x4d, 0x8e, 0x3d, 0xfd, 0x4c, 0x8c, 0x3a, 0xfd, 0x4c, 0x89, 0x38, 0xfd, 0x4b, 0x86, 0x34, 0xfd, 0x4b, 0x84, 0x32, 0xfd,
    0x4b, 0x81, 0x30, 0xfd, 0x49, 0x7c, 0x2c, 0xfd, 0x48, 0x79, 0x2a, 0xfd, 0x49, 0x78, 0x29, 0xfd, 0x4b, 0x78, 0x29, 0xfd, 0x4c, 0x76, 0x28, 0xfd,
    0x4e, 0x75, 0x27, 0xfd, 0x4f, 0x75, 0x27, 0xfd, 0x54, 0x79, 0x29, 0xfd, 0x5e, 0x86, 0x2f, 0xfd, 0x75, 0xa4, 0x3f, 0xfd, 0x61, 0x88, 0x33, 0xfd,
    0x17, 0x1a, 0x04, 0xfd, 0x1a, 0x1a, 0x00, 0xfd, 0x24, 0x25, 0x01, 0xfd, 0x2a, 0x2a, 0x01, 0xfd, 0x2f, 0x2f, 0x01, 0xfd, 0x31, 0x31, 0x01, 0xfd,
    0x32, 0x33, 0x01, 0xfd, 0x33, 0x34, 0x01, 0xfd, 0x34, 0x36, 0x01, 0xfd, 0x36, 0x39, 0x01, 0xfd, 0x39, 0x3d, 0x01, 0xfd, 0x3b, 0x3f, 0x01, 0xfd,
    0x3d, 0x41, 0x01, 0xfd, 0x40, 0x47, 0x03, 0xfc, 0x37, 0x3a, 0x00, 0xf8, 0x8d, 0xc7, 0x5b, 0xfe, 0xa5, 0xf7, 0x7f, 0xa2, 0x00, 0x00, 0x00, 0x00,
    0xaa, 0xff, 0xaa, 0x03, 0x00, 0x00, 0x00, 0x00, 0x00, 0x00, 0x00, 0x00, 0x00, 0x00, 0x00, 0x00, 0x00, 0x00, 0x00, 0x00, 0x00, 0x00, 0x00, 0x00,
    0x00, 0x00, 0x00, 0x00, 0x7f, 0xbf, 0x7f, 0x04, 0x00, 0x00, 0x00, 0x00, 0x92, 0xdc, 0x6f, 0x52, 0xa6, 0xf0, 0x7b, 0xff, 0x45, 0x50, 0x07, 0xfa,
    0x3e, 0x45, 0x01, 0xfc, 0x3e, 0x46, 0x02, 0xfc, 0x3d, 0x41, 0x02, 0xfd, 0x3c, 0x3f, 0x02, 0xfd, 0x3b, 0x3f, 0x02, 0xfd, 0x39, 0x3b, 0x01, 0xfd,
    0x37, 0x3a, 0x02, 0xfd, 0x36, 0x38, 0x01, 0xfd, 0x35, 0x36, 0x01, 0xfd, 0x33, 0x35, 0x01, 0xfd, 0x33, 0x34, 0x01, 0xfd, 0x33, 0x34, 0x01, 0xfd,
    0x34, 0x34, 0x01, 0xfd, 0x35, 0x35, 0x01, 0xfd, 0x34, 0x35, 0x01, 0xfd, 0x33, 0x34, 0x01, 0xfd, 0x33, 0x35, 0x02, 0xfd, 0x34, 0x36, 0x02, 0xfd,
    0x33, 0x34, 0x02, 0xfd, 0x32, 0x33, 0x02, 0xfd, 0x32, 0x33, 0x02, 0xfd, 0x30, 0x31, 0x01, 0xfd, 0x2d, 0x2d, 0x01, 0xfd, 0x29, 0x2a, 0x02, 0xfd,
    0x23, 0x25, 0x02, 0xfd, 0x15, 0x10, 0x00, 0xfd, 0x2f, 0x44, 0x2b, 0xfd, 0x65, 0xb1, 0x75, 0xfd, 0x6d, 0xc5, 0x73, 0xfd, 0x5e, 0xa9, 0x57, 0xfd,
    0x5c, 0x9f, 0x50, 0xfd, 0x5a, 0x9e, 0x4d, 0xfd, 0x58, 0x9b, 0x4b, 0xfd, 0x56, 0x99, 0x49, 0xfd, 0x54, 0x98, 0x48, 0xfd, 0x54, 0x99, 0x48, 0xfd,
    0x55, 0x9a, 0x4a, 0xfd, 0x55, 0x99, 0x4a, 0xfd, 0x54, 0x9a, 0x4a, 0xfd, 0x55, 0x9b, 0x4b, 0xfd, 0x54, 0x9c, 0x4c, 0xfd, 0x53, 0x9b, 0x4c, 0xfd,
    0x54, 0x9d, 0x4d, 0xfd, 0x54, 0x9f, 0x4e, 0xfd, 0x55, 0x9f, 0x4e, 0xfd, 0x54, 0x9f, 0x4f, 0xfd, 0x54, 0x9f, 0x4f, 0xfd, 0x55, 0x9f, 0x50, 0xfd,
    0x54, 0x9f, 0x50, 0xfd, 0x54, 0x9e, 0x4f, 0xfd, 0x53, 0x9c, 0x4d, 0xfd, 0x54, 0x9c, 0x4d, 0xfd, 0x54, 0x9c, 0x4c, 0xfd, 0x53, 0x9b, 0x4b, 0xfd,
    0x53, 0x9a, 0x49, 0xfd, 0x53, 0x99, 0x49, 0xfd, 0x53, 0x98, 0x47, 0xfd, 0x51, 0x97, 0x46, 0xfd, 0x51, 0x95, 0x44, 0xfd, 0x52, 0x94, 0x43, 0xfd,
    0x51, 0x93, 0x42, 0xfd, 0x50, 0x90, 0x3f, 0xfd, 0x50, 0x8e, 0x3d, 0xfd, 0x4f, 0x8c, 0x3a, 0xfd, 0x4e, 0x89, 0x38, 0xfd, 0x4c, 0x86, 0x35, 0xfd,
    0x4b, 0x84, 0x32, 0xfd, 0x4b, 0x81, 0x2f, 0xfd, 0x4a, 0x7d, 0x2d, 0xfd, 0x4a, 0x7b, 0x2b, 0xfd, 0x4a, 0x79, 0x2b, 0xfd, 0x49, 0x76, 0x28, 0xfd,
    0x48, 0x74, 0x25, 0xfd, 0x4b, 0x73, 0x26, 0xfd, 0x4e, 0x75, 0x26, 0xfd, 0x4f, 0x75, 0x26, 0xfd, 0x50, 0x74, 0x26, 0xfd, 0x56, 0x78, 0x29, 0xfd,
    0x64, 0x8a, 0x32, 0xfd, 0x77, 0xa7, 0x3e, 0xfd, 0x5a, 0x7d, 0x2e, 0xfd, 0x19, 0x1a, 0x04, 0xfd, 0x19, 0x19, 0x00, 0xfd, 0x24, 0x25, 0x01, 0xfd,
    0x2a, 0x29, 0x01, 0xfd, 0x2e, 0x2e, 0x01, 0xfd, 0x31, 0x31, 0x01, 0xfd, 0x33, 0x34, 0x01, 0xfd, 0x34, 0x35, 0x01, 0xfd, 0x34, 0x36, 0x01, 0xfd,
    0x35, 0x39, 0x01, 0xfd, 0x38, 0x3b, 0x01, 0xfd, 0x3a, 0x3e, 0x01, 0xfd, 0x3c, 0x3f, 0x01, 0xfd, 0x3f, 0x43, 0x02, 0xfd, 0x3d, 0x43, 0x01, 0xfc,
    0x46, 0x53, 0x09, 0xfa, 0xa8, 0xf2, 0x7b, 0xff, 0x8f, 0xdb, 0x68, 0x4e, 0x00, 0x00, 0x00, 0x00, 0x7f, 0xbf, 0x7f, 0x04, 0x00, 0x00, 0x00, 0x00,
    0x00, 0x00, 0x00, 0x00, 0x00, 0x00, 0x00, 0x00, 0x00, 0x00, 0x00, 0x00, 0x00, 0x00, 0x00, 0x00, 0x00, 0x00, 0x00, 0x00, 0x00, 0xff, 0x00, 0x01,
    0x00, 0x00, 0x00, 0x00, 0x3f, 0x7f, 0x2a, 0x0c, 0xa8, 0xf8, 0x83, 0xe1, 0x6f, 0x92, 0x38, 0xfe, 0x38, 0x3b, 0x00, 0xfb, 0x41, 0x49, 0x03, 0xfc,
    0x3e, 0x42, 0x01, 0xfd, 0x3d, 0x40, 0x02, 0xfd, 0x3b, 0x3f, 0x02, 0xfd, 0x3a, 0x3d, 0x02, 0xfd, 0x38, 0x3b, 0x01, 0xfd, 0x37, 0x39, 0x02, 0xfd,
    0x36, 0x38, 0x01, 0xfd, 0x35, 0x36, 0x01, 0xfd, 0x33, 0x35, 0x01, 0xfd, 0x33, 0x34, 0x01, 0xfd, 0x33, 0x33, 0x01, 0xfd, 0x32, 0x33, 0x01, 0xfc,
    0x32, 0x33, 0x01, 0xfc, 0x33, 0x34, 0x01, 0xfd, 0x33, 0x34, 0x01, 0xfd, 0x33, 0x34, 0x01, 0xfd, 0x32, 0x33, 0x01, 0xfd, 0x32, 0x33, 0x01, 0xfd,
    0x33, 0x34, 0x01, 0xfd, 0x33, 0x34, 0x02, 0xfd, 0x31, 0x31, 0x01, 0xfd, 0x2f, 0x2f, 0x01, 0xfd, 0x2a, 0x2a, 0x01, 0xfd, 0x26, 0x28, 0x03, 0xfd,
    0x18, 0x15, 0x00, 0xfd, 0x1d, 0x20, 0x0c, 0xfd, 0x4d, 0x7d, 0x51, 0xfd, 0x71, 0xc4, 0x76, 0xfd, 0x6a, 0xb9, 0x63, 0xfd, 0x61, 0xa4, 0x52, 0xfd,
    0x5e, 0x9d, 0x4b, 0xfd, 0x5b, 0x99, 0x47, 0xfd, 0x58, 0x95, 0x45, 0xfd, 0x58, 0x96, 0x45, 0xfd, 0x57, 0x96, 0x45, 0xfd, 0x56, 0x94, 0x44, 0xfd,
    0x55, 0x95, 0x44, 0xfd, 0x55, 0x94, 0x43, 0xfd, 0x53, 0x93, 0x42, 0xfd, 0x53, 0x95, 0x43, 0xfd, 0x54, 0x95, 0x44, 0xfd, 0x53, 0x96, 0x45, 0xfd,
    0x52, 0x95, 0x44, 0xfd, 0x53, 0x96, 0x44, 0xfd, 0x53, 0x97, 0x45, 0xfd, 0x53, 0x97, 0x44, 0xfd, 0x53, 0x96, 0x45, 0xfd, 0x53, 0x96, 0x46, 0xfd,
    0x52, 0x94, 0x43, 0xfd, 0x53, 0x94, 0x44, 0xfd, 0x53, 0x94, 0x44, 0xfd, 0x52, 0x93, 0x42, 0xfd, 0x52, 0x93, 0x41, 0xfd, 0x51, 0x91, 0x40, 0xfd,
    0x52, 0x90, 0x3f, 0xfd, 0x50, 0x8e, 0x3e, 0xfd, 0x50, 0x8d, 0x3d, 0xfd, 0x4f, 0x8c, 0x3b, 0xfd, 0x4f, 0x8a, 0x39, 0xfd, 0x4f, 0x89, 0x38, 0xfd,
    0x4f, 0x86, 0x36, 0xfd, 0x4d, 0x84, 0x32, 0xfd, 0x4d, 0x81, 0x31, 0xfd, 0x4c, 0x7e, 0x2f, 0xfd, 0x4c, 0x7c, 0x2d, 0xfd, 0x4b, 0x7a, 0x2a, 0xfd,
    0x4b, 0x77, 0x29, 0xfd, 0x4b, 0x76, 0x27, 0xfd, 0x4b, 0x74, 0x25, 0xfd, 0x4c, 0x74, 0x25, 0xfd, 0x4d, 0x72, 0x24, 0xfd, 0x4e, 0x72, 0x25, 0xfd,
    0x51, 0x74, 0x26, 0xfd, 0x53, 0x76, 0x27, 0xfd, 0x5a, 0x7e, 0x2c, 0xfd, 0x6c, 0x95, 0x36, 0xfd, 0x75, 0xa3, 0x3c, 0xfd, 0x4a, 0x63, 0x23, 0xfd,
    0x14, 0x14, 0x01, 0xfd, 0x1b, 0x1b, 0x00, 0xfd, 0x25, 0x26, 0x01, 0xfd, 0x2a, 0x2a, 0x01, 0xfd, 0x2f, 0x2e, 0x01, 0xfd, 0x31, 0x31, 0x01, 0xfd,
    0x32, 0x33, 0x01, 0xfd, 0x33, 0x35, 0x01, 0xfd, 0x35, 0x36, 0x01, 0xfd, 0x36, 0x39, 0x01, 0xfd, 0x37, 0x3b, 0x01, 0xfd, 0x39, 0x3d, 0x01, 0xfd,
    0x3c, 0x3f, 0x02, 0xfd, 0x3e, 0x41, 0x01, 0xfd, 0x41, 0x47, 0x03, 0xfd, 0x36, 0x38, 0x00, 0xfb, 0x71, 0x97, 0x3b, 0xfe, 0xa8, 0xf7, 0x80, 0xe0,
    0x33, 0x66, 0x19, 0x0a, 0x00, 0x00, 0x00, 0x00, 0x00, 0x00, 0x00, 0x01, 0x00, 0x00, 0x00, 0x00, 0x00, 0x00, 0x00, 0x00, 0x00, 0x00, 0x00, 0x00,
    0x00, 0x00, 0x00, 0x00, 0x00, 0x00, 0x00, 0x00, 0x00, 0x00, 0x00, 0x00, 0x00, 0x00, 0x00, 0x00, 0xbf, 0xff, 0x7f, 0x04, 0x00, 0x00, 0x00, 0x00,
    0x9c, 0xe8, 0x77, 0x7c, 0xa5, 0xe9, 0x77, 0xff, 0x3f, 0x44, 0x02, 0xf9, 0x40, 0x47, 0x02, 0xfd, 0x3f, 0x44, 0x02, 0xfd, 0x3f, 0x42, 0x02, 0xfd,
    0x3c, 0x40, 0x02, 0xfd, 0x3a, 0x3e, 0x02, 0xfd, 0x38, 0x3b, 0x01, 0xfd, 0x37, 0x39, 0x02, 0xfd, 0x36, 0x39, 0x01, 0xfd, 0x35, 0x36, 0x01, 0xfd,
    0x34, 0x35, 0x01, 0xfd, 0x33, 0x35, 0x01, 0xfd, 0x33, 0x34, 0x01, 0xfd, 0x34, 0x35, 0x01, 0xfd, 0x34, 0x35, 0x01, 0xfd, 0x33, 0x34, 0x01, 0xfd,
    0x34, 0x34, 0x01, 0xfd, 0x34, 0x35, 0x01, 0xfd, 0x34, 0x34, 0x01, 0xfd, 0x34, 0x35, 0x01, 0xfd, 0x32, 0x33, 0x01, 0xfd, 0x33, 0x34, 0x01, 0xfd,
    0x33, 0x34, 0x01, 0xfd, 0x32, 0x33, 0x01, 0xfd, 0x30, 0x30, 0x01, 0xfd, 0x2c, 0x2c, 0x01, 0xfd, 0x28, 0x2a, 0x03, 0xfd, 0x20, 0x1f, 0x00, 0xfd,
    0x15, 0x10, 0x00, 0xfd, 0x2e, 0x40, 0x23, 0xfd, 0x5f, 0x9c, 0x5c, 0xfd, 0x74, 0xc2, 0x6b, 0xfd, 0x6d, 0xb5, 0x5c, 0xfd, 0x63, 0xa1, 0x4c, 0xfd,
    0x5f, 0x9a, 0x46, 0xfd, 0x5e, 0x97, 0x45, 0xfd, 0x5b, 0x95, 0x44, 0xfd, 0x59, 0x94, 0x42, 0xfd, 0x58, 0x91, 0x3f, 0xfd, 0x57, 0x91, 0x3f, 0xfd,
    0x55, 0x90, 0x3e, 0xfd, 0x54, 0x8e, 0x3e, 0xfd, 0x54, 0x90, 0x3f, 0xfd, 0x54, 0x90, 0x3f, 0xfd, 0x53, 0x8e, 0x3e, 0xfd, 0x54, 0x8f, 0x3f, 0xfd,
    0x54, 0x8f, 0x3f, 0xfd, 0x53, 0x8f, 0x3e, 0xfd, 0x54, 0x8f, 0x3e, 0xfd, 0x54, 0x8e, 0x3e, 0xfd, 0x52, 0x8d, 0x3c, 0xfd, 0x52, 0x8d, 0x3d, 0xfd,
    0x53, 0x8e, 0x3e, 0xfd, 0x53, 0x8c, 0x3c, 0xfd, 0x52, 0x8a, 0x3a, 0xfd, 0x51, 0x89, 0x39, 0xfd, 0x51, 0x88, 0x38, 0xfd, 0x50, 0x87, 0x37, 0xfd,
    0x50, 0x87, 0x36, 0xfd, 0x50, 0x85, 0x34, 0xfd, 0x4e, 0x83, 0x32, 0xfd, 0x4e, 0x80, 0x30, 0xfd, 0x4d, 0x7e, 0x2e, 0xfd, 0x4d, 0x7b, 0x2d, 0xfd,
    0x4c, 0x7a, 0x2b, 0xfd, 0x4d, 0x79, 0x2b, 0xfd, 0x4d, 0x77, 0x29, 0xfd, 0x4c, 0x75, 0x27, 0xfd, 0x4c, 0x73, 0x26, 0xfd, 0x4d, 0x73, 0x26, 0xfd,
    0x4e, 0x73, 0x25, 0xfd, 0x4f, 0x72, 0x24, 0xfd, 0x4f, 0x71, 0x23, 0xfd, 0x53, 0x74, 0x26, 0xfd, 0x58, 0x7a, 0x2a, 0xfd, 0x65, 0x8c, 0x33, 0xfd,
    0x77, 0xa4, 0x3d, 0xfd, 0x6a, 0x92, 0x36, 0xfd, 0x30, 0x3e, 0x12, 0xfd, 0x11, 0x10, 0x00, 0xfd, 0x1e, 0x1f, 0x01, 0xfd, 0x24, 0x26, 0x01, 0xfd,
    0x2a, 0x2a, 0x01, 0xfd, 0x2f, 0x2f, 0x01, 0xfd, 0x31, 0x31, 0x01, 0xfd, 0x32, 0x33, 0x01, 0xfd, 0x33, 0x34, 0x01, 0xfd, 0x33, 0x35, 0x01, 0xfd,
    0x34, 0x37, 0x01, 0xfd, 0x37, 0x39, 0x01, 0xfd, 0x38, 0x3b, 0x01, 0xfd, 0x3a, 0x3e, 0x01, 0xfd, 0x3d, 0x41, 0x01, 0xfd, 0x3f, 0x44, 0x02, 0xfd,
    0x3f, 0x46, 0x02, 0xfd, 0x3e, 0x46, 0x03, 0xf9, 0xa1, 0xea, 0x74, 0xff, 0x98, 0xe5, 0x71, 0x77, 0x00, 0x00, 0x00, 0x00, 0x7f, 0xff, 0x7f, 0x04,
    0x00, 0x00, 0x00, 0x00, 0x00, 0x00, 0x00, 0x00, 0x00, 0x00, 0x00, 0x00, 0x00, 0x00, 0x00, 0x00, 0x00, 0x00, 0x00, 0x00, 0x00, 0x00, 0x00, 0x00,
    0x00, 0x00, 0x00, 0x00, 0x00, 0x00, 0x00, 0x00, 0xff, 0xff, 0x00, 0x01, 0xff, 0xff, 0xff, 0x01, 0x59, 0x8c, 0x33, 0x14, 0xa7, 0xf7, 0x82, 0xeb,
    0x6c, 0x90, 0x35, 0xfd, 0x37, 0x3a, 0x00, 0xfb, 0x41, 0x49, 0x03, 0xfd, 0x3f, 0x43, 0x01, 0xfd, 0x3e, 0x41, 0x01, 0xfd, 0x3b, 0x3e, 0x01, 0xfd,
    0x38, 0x3c, 0x01, 0xfd, 0x38, 0x3b, 0x02, 0xfd, 0x37, 0x39, 0x02, 0xfd, 0x36, 0x38, 0x02, 0xfd, 0x34, 0x36, 0x01, 0xfd, 0x34, 0x35, 0x01, 0xfd,
    0x35, 0x36, 0x01, 0xfd, 0x34, 0x35, 0x02, 0xfd, 0x34, 0x35, 0x01, 0xfd, 0x33, 0x34, 0x01, 0xfd, 0x34, 0x35, 0x01, 0xfd, 0x35, 0x35, 0x02, 0xfd,
    0x34, 0x35, 0x01, 0xfd, 0x34, 0x35, 0x01, 0xfd, 0x33, 0x34, 0x01, 0xfd, 0x33, 0x35, 0x01, 0xfd, 0x34, 0x35, 0x01, 0xfd, 0x34, 0x35, 0x01, 0xfd,
    0x32, 0x32, 0x01, 0xfd, 0x30, 0x30, 0x01, 0xfd, 0x2d, 0x2d, 0x01, 0xfd, 0x2a, 0x2a, 0x02, 0xfd, 0x25, 0x27, 0x02, 0xfd, 0x1a, 0x17, 0x00, 0xfd,
    0x17, 0x16, 0x01, 0xfd, 0x38, 0x51, 0x2b, 0xfd, 0x64, 0x9f, 0x59, 0xfd, 0x77, 0xbf, 0x65, 0xfd, 0x71, 0xb3, 0x59, 0xfc, 0x66, 0xa0, 0x4a, 0xfd,
    0x61, 0x97, 0x44, 0xfd, 0x5e, 0x93, 0x41, 0xfd, 0x5d, 0x92, 0x3f, 0xfd, 0x5b, 0x90, 0x3f, 0xfd, 0x59, 0x8e, 0x3d, 0xfd, 0x57, 0x8d, 0x3d, 0xfd,
    0x58, 0x8d, 0x3d, 0xfd, 0x57, 0x8c, 0x3c, 0xfd, 0x55, 0x8a, 0x3a, 0xfd, 0x55, 0x8a, 0x3b, 0xfd, 0x55, 0x8b, 0x3b, 0xfd, 0x55, 0x8a, 0x3a, 0xfd,
    0x55, 0x8a, 0x3a, 0xfd, 0x55, 0x89, 0x39, 0xfd, 0x53, 0x87, 0x37, 0xfd, 0x53, 0x87, 0x37, 0xfd, 0x54, 0x88, 0x39, 0xfd, 0x53, 0x85, 0x36, 0xfd,
    0x52, 0x84, 0x34, 0xfd, 0x51, 0x83, 0x32, 0xfd, 0x51, 0x81, 0x31, 0xfd, 0x51, 0x81, 0x31, 0xfd, 0x51, 0x80, 0x2f, 0xfd, 0x50, 0x7d, 0x2e, 0xfd,
    0x4f, 0x7b, 0x2d, 0xfd, 0x4f, 0x79, 0x2a, 0xfd, 0x4d, 0x77, 0x29, 0xfd, 0x4e, 0x76, 0x29, 0xfd, 0x4f, 0x75, 0x28, 0xfd, 0x4d, 0x74, 0x27, 0xfd,
    0x4e, 0x74, 0x26, 0xfd, 0x4f, 0x72, 0x25, 0xfd, 0x51, 0x72, 0x25, 0xfd, 0x52, 0x73, 0x26, 0xfd, 0x53, 0x73, 0x26, 0xfd, 0x53, 0x73, 0x26, 0xfd,
    0x56, 0x77, 0x28, 0xfd, 0x63, 0x89, 0x31, 0xfd, 0x74, 0xa1, 0x3d, 0xfd, 0x72, 0x9d, 0x3c, 0xfd, 0x49, 0x61, 0x22, 0xfd, 0x1b, 0x1e, 0x04, 0xfd,
    0x15, 0x14, 0x00, 0xfd, 0x22, 0x23, 0x02, 0xfd, 0x27, 0x27, 0x01, 0xfd, 0x2b, 0x2c, 0x01, 0xfd, 0x2f, 0x30, 0x01, 0xfd, 0x31, 0x32, 0x01, 0xfd,
    0x33, 0x34, 0x01, 0xfd, 0x34, 0x35, 0x01, 0xfd, 0x34, 0x35, 0x01, 0xfd, 0x35, 0x37, 0x01, 0xfd, 0x35, 0x38, 0x01, 0xfd, 0x38, 0x3c, 0x01, 0xfd,
    0x3a, 0x3e, 0x01, 0xfd, 0x3b, 0x3f, 0x01, 0xfd, 0x3e, 0x42, 0x01, 0xfd, 0x41, 0x49, 0x03, 0xfd, 0x35, 0x37, 0x00, 0xfb, 0x6f, 0x95, 0x39, 0xfd,
    0xa7, 0xf9, 0x82, 0xe7, 0x4f, 0x7f, 0x1f, 0x10, 0xff, 0xff, 0xff, 0x01, 0xff, 0xff, 0x00, 0x01, 0x00, 0x00, 0x00, 0x00, 0x00, 0x00, 0x00, 0x00,
    0x00, 0x00, 0x00, 0x00, 0x00, 0x00, 0x00, 0x00, 0x00, 0x00, 0x00, 0x00, 0x00, 0x00, 0x00, 0x00, 0x00, 0x00, 0x00, 0x00, 0x00, 0x00, 0x00, 0x00,
    0x00, 0x00, 0x00, 0x00, 0xaa, 0xff, 0xaa, 0x03, 0x00, 0x00, 0x00, 0x00, 0x90, 0xda, 0x6a, 0x71, 0xa9, 0xf6, 0x7d, 0xff, 0x46, 0x50, 0x09, 0xf9,
    0x3e, 0x45, 0x02, 0xfd, 0x40, 0x47, 0x02, 0xfd, 0x3f, 0x43, 0x02, 0xfd, 0x3d, 0x40, 0x01, 0xfd, 0x3b, 0x3e, 0x01, 0xfd, 0x3a, 0x3e, 0x02, 0xfd,
    0x38, 0x3c, 0x01, 0xfd, 0x37, 0x39, 0x02, 0xfd, 0x36, 0x38, 0x01, 0xfd, 0x36, 0x38, 0x01, 0xfd, 0x36, 0x37, 0x02, 0xfd, 0x35, 0x36, 0x01, 0xfd,
    0x34, 0x35, 0x01, 0xfd, 0x33, 0x34, 0x01, 0xfd, 0x34, 0x35, 0x02, 0xfd, 0x34, 0x35, 0x01, 0xfd, 0x34, 0x34, 0x01, 0xfd, 0x34, 0x35, 0x01, 0xfd,
    0x34, 0x35, 0x01, 0xfd, 0x35, 0x35, 0x01, 0xfd, 0x34, 0x34, 0x01, 0xfd, 0x33, 0x34, 0x01, 0xfd, 0x33, 0x33, 0x01, 0xfd, 0x32, 0x33, 0x01, 0xfd,
    0x31, 0x32, 0x01, 0xfd, 0x2f, 0x2f, 0x01, 0xfd, 0x2d, 0x2c, 0x01, 0xfd, 0x29, 0x2a, 0x02, 0xfd, 0x23, 0x24, 0x00, 0xfd, 0x18, 0x14, 0x00, 0xfc,
    0x19, 0x19, 0x02, 0xfd, 0x37, 0x4d, 0x26, 0xfd, 0x5d, 0x90, 0x4c, 0xfd, 0x76, 0xba, 0x5f, 0xfd, 0x77, 0xba, 0x57, 0xfd, 0x6e, 0xa9, 0x4d, 0xfd,
    0x66, 0x9b, 0x43, 0xfd, 0x61, 0x92, 0x3e, 0xfd, 0x5e, 0x8f, 0x3d, 0xfd, 0x5e, 0x8f, 0x3e, 0xfd, 0x5d, 0x8e, 0x3c, 0xfd, 0x5b, 0x8b, 0x3a, 0xfd,
    0x5b, 0x8a, 0x39, 0xfd, 0x5a, 0x8b, 0x39, 0xfd, 0x58, 0x8a, 0x38, 0xfd, 0x58, 0x88, 0x37, 0xfd, 0x57, 0x87, 0x37, 0xfd, 0x57, 0x85, 0x35, 0xfd,
    0x55, 0x84, 0x33, 0xfd, 0x55, 0x82, 0x33, 0xfd, 0x55, 0x82, 0x32, 0xfd, 0x54, 0x81, 0x31, 0xfd, 0x53, 0x7e, 0x30, 0xfd, 0x53, 0x7c, 0x2e, 0xfd,
    0x53, 0x7c, 0x2e, 0xfd, 0x52, 0x7a, 0x2d, 0xfd, 0x52, 0x7a, 0x2c, 0xfd, 0x53, 0x7a, 0x2c, 0xfd, 0x52, 0x78, 0x2a, 0xfd, 0x51, 0x76, 0x29, 0xfd,
    0x51, 0x74, 0x27, 0xfd, 0x51, 0x74, 0x27, 0xfd, 0x53, 0x75, 0x28, 0xfd, 0x53, 0x74, 0x27, 0xfd, 0x52, 0x71, 0x25, 0xfd, 0x53, 0x72, 0x25, 0xfd,
    0x55, 0x72, 0x26, 0xfd, 0x57, 0x75, 0x28, 0xfd, 0x5e, 0x80, 0x2c, 0xfd, 0x6a, 0x91, 0x34, 0xfd, 0x75, 0xa1, 0x3b, 0xfd, 0x70, 0x99, 0x3a, 0xfd,
    0x50, 0x6b, 0x28, 0xfd, 0x23, 0x2a, 0x0a, 0xfd, 0x11, 0x0f, 0x00, 0xfd, 0x1c, 0x1d, 0x00, 0xfd, 0x25, 0x26, 0x02, 0xfd, 0x29, 0x29, 0x01, 0xfd,
    0x2e, 0x2e, 0x01, 0xfd, 0x31, 0x31, 0x01, 0xfd, 0x31, 0x32, 0x01, 0xfd, 0x32, 0x33, 0x01, 0xfc, 0x34, 0x35, 0x01, 0xfd, 0x35, 0x37, 0x02, 0xfd,
    0x35, 0x38, 0x02, 0xfd, 0x36, 0x39, 0x01, 0xfd, 0x37, 0x3b, 0x01, 0xfd, 0x39, 0x3d, 0x01, 0xfd, 0x3b, 0x3f, 0x02, 0xfd, 0x3d, 0x40, 0x01, 0xfd,
    0x40, 0x46, 0x02, 0xfd, 0x3e, 0x44, 0x01, 0xfd, 0x46, 0x51, 0x0a, 0xf9, 0xab, 0xf7, 0x7f, 0xff, 0x92, 0xd9, 0x6a, 0x6c, 0x00, 0x00, 0x00, 0x00,
    0xaa, 0xff, 0xaa, 0x03, 0x00, 0x00, 0x00, 0x00, 0x00, 0x00, 0x00, 0x00, 0x00, 0x00, 0x00, 0x00, 0x00, 0x00, 0x00, 0x00, 0x00, 0x00, 0x00, 0x00,
    0x00, 0x00, 0x00, 0x00, 0x00, 0x00, 0x00, 0x00, 0x00, 0x00, 0x00, 0x00, 0x00, 0x00, 0x00, 0x00, 0x00, 0x00, 0x00, 0x00, 0x00, 0x00, 0x00, 0x01,
    0xaa, 0xff, 0x55, 0x03, 0x00, 0x00, 0x00, 0x05, 0xa6, 0xf4, 0x81, 0xc9, 0x8f, 0xc6, 0x5e, 0xff, 0x38, 0x39, 0x00, 0xfa, 0x43, 0x4b, 0x04, 0xfd,
    0x3f, 0x45, 0x02, 0xfd, 0x3e, 0x42, 0x01, 0xfd, 0x3d, 0x40, 0x02, 0xfd, 0x3b, 0x3f, 0x01, 0xfd, 0x39, 0x3d, 0x01, 0xfd, 0x38, 0x3b, 0x02, 0xfd,
    0x37, 0x3a, 0x01, 0xfd, 0x36, 0x39, 0x01, 0xfd, 0x35, 0x37, 0x01, 0xfd, 0x35, 0x37, 0x01, 0xfd, 0x35, 0x37, 0x01, 0xfd, 0x35, 0x36, 0x01, 0xfd,
    0x34, 0x36, 0x02, 0xfd, 0x34, 0x35, 0x01, 0xfd, 0x34, 0x35, 0x01, 0xfd, 0x34, 0x36, 0x02, 0xfd, 0x34, 0x35, 0x01, 0xfd, 0x35, 0x35, 0x01, 0xfd,
    0x34, 0x34, 0x01, 0xfd, 0x34, 0x35, 0x01, 0xfd, 0x34, 0x35, 0x02, 0xfd, 0x33, 0x34, 0x01, 0xfd, 0x34, 0x34, 0x01, 0xfd, 0x33, 0x33, 0x01, 0xfd,
    0x31, 0x32, 0x01, 0xfd, 0x30, 0x30, 0x01, 0xfd, 0x2c, 0x2d, 0x01, 0xfd, 0x29, 0x2a, 0x02, 0xfd, 0x22, 0x23, 0x00, 0xfd, 0x18, 0x14, 0x00, 0xfd,
    0x18, 0x16, 0x00, 0xfd, 0x2c, 0x39, 0x17, 0xfd, 0x4d, 0x71, 0x35, 0xfd, 0x6a, 0xa1, 0x4d, 0xfd, 0x79, 0xb7, 0x56, 0xfd, 0x78, 0xb6, 0x52, 0xfd,
    0x71, 0xab, 0x4a, 0xfd, 0x6b, 0x9d, 0x43, 0xfd, 0x67, 0x95, 0x3f, 0xfd, 0x63, 0x90, 0x3b, 0xfd, 0x61, 0x8d, 0x39, 0xfd, 0x60, 0x8c, 0x39, 0xfd,
    0x5e, 0x8b, 0x38, 0xfd, 0x5c, 0x88, 0x36, 0xfd, 0x5b, 0x86, 0x36, 0xfd, 0x5c, 0x86, 0x36, 0xfd, 0x5b, 0x85, 0x34, 0xfd, 0x59, 0x83, 0x32, 0xfd,
    0x58, 0x81, 0x31, 0xfd, 0x56, 0x7d, 0x2f, 0xfd, 0x58, 0x7d, 0x2e, 0xfd, 0x58, 0x7d, 0x2e, 0xfd, 0x57, 0x7c, 0x2e, 0xfd, 0x57, 0x7a, 0x2c, 0xfd,
    0x57, 0x7a, 0x2c, 0xfd, 0x58, 0x7a, 0x2d, 0xfd, 0x57, 0x79, 0x2b, 0xfd, 0x56, 0x77, 0x29, 0xfd, 0x57, 0x76, 0x28, 0xfd, 0x57, 0x76, 0x28, 0xfd,
    0x58, 0x76, 0x28, 0xfd, 0x59, 0x76, 0x28, 0xfd, 0x5b, 0x7a, 0x2a, 0xfd, 0x62, 0x84, 0x2e, 0xfd, 0x6b, 0x93, 0x35, 0xfd, 0x74, 0x9f, 0x3b, 0xfd,
    0x75, 0x9f, 0x3b, 0xfd, 0x65, 0x88, 0x31, 0xfd, 0x44, 0x58, 0x1e, 0xfd, 0x21, 0x26, 0x08, 0xfd, 0x13, 0x10, 0x00, 0xfd, 0x1a, 0x19, 0x00, 0xfd,
    0x23, 0x25, 0x01, 0xfd, 0x27, 0x27, 0x01, 0xfd, 0x2c, 0x2c, 0x01, 0xfd, 0x2f, 0x30, 0x01, 0xfd, 0x31, 0x32, 0x01, 0xfd, 0x33, 0x34, 0x01, 0xfd,
    0x34, 0x35, 0x01, 0xfd, 0x34, 0x36, 0x01, 0xfd, 0x35, 0x37, 0x01, 0xfd, 0x36, 0x39, 0x02, 0xfd, 0x37, 0x3b, 0x01, 0xfd, 0x38, 0x3b, 0x01, 0xfd,
    0x39, 0x3d, 0x01, 0xfd, 0x3b, 0x3f, 0x01, 0xfd, 0x3d, 0x41, 0x01, 0xfd, 0x3f, 0x43, 0x02, 0xfd, 0x41, 0x49, 0x03, 0xfd, 0x37, 0x3a, 0x00, 0xfa,
    0x91, 0xcc, 0x60, 0xff, 0xa5, 0xf4, 0x80, 0xc2, 0x00, 0x00, 0x00, 0x03, 0xaa, 0xff, 0x55, 0x03, 0x00, 0x00, 0x00, 0x01, 0x00, 0x00, 0x00, 0x00,
    0x00, 0x00, 0x00, 0x00, 0x00, 0x00, 0x00, 0x00, 0x00, 0x00, 0x00, 0x00, 0x00, 0x00, 0x00, 0x00, 0x00, 0x00, 0x00, 0x00, 0x00, 0x00, 0x00, 0x00,
    0x00, 0x00, 0x00, 0x00, 0x00, 0x00, 0x00, 0x00, 0x00, 0x00, 0x00, 0x00, 0x00, 0x00, 0x00, 0x00, 0x7f, 0xff, 0x7f, 0x02, 0x00, 0x00, 0x00, 0x00,
    0x74, 0xb1, 0x4d, 0x2e, 0xad, 0xfd, 0x89, 0xf5, 0x71, 0x96, 0x39, 0xfb, 0x37, 0x39, 0x00, 0xfc, 0x43, 0x4c, 0x04, 0xfd, 0x3f, 0x45, 0x01, 0xfd,
    0x3d, 0x41, 0x01, 0xfd, 0x3c, 0x3f, 0x01, 0xfd, 0x3b, 0x3f, 0x02, 0xfd, 0x3a, 0x3e, 0x02, 0xfd, 0x38, 0x3b, 0x01, 0xfd, 0x37, 0x3a, 0x01, 0xfd,
    0x36, 0x39, 0x01, 0xfd, 0x36, 0x38, 0x01, 0xfd, 0x37, 0x39, 0x01, 0xfd, 0x36, 0x38, 0x01, 0xfd, 0x35, 0x36, 0x01, 0xfd, 0x34, 0x35, 0x01, 0xfd,
    0x35, 0x36, 0x01, 0xfd, 0x35, 0x36, 0x02, 0xfd, 0x35, 0x36, 0x01, 0xfd, 0x35, 0x36, 0x01, 0xfd, 0x35, 0x35, 0x01, 0xfd, 0x35, 0x35, 0x01, 0xfd,
    0x35, 0x36, 0x02, 0xfd, 0x34, 0x35, 0x01, 0xfd, 0x34, 0x34, 0x01, 0xfd, 0x33, 0x34, 0x01, 0xfd, 0x34, 0x34, 0x01, 0xfd, 0x32, 0x33, 0x01, 0xfd,
    0x31, 0x32, 0x01, 0xfd, 0x30, 0x30, 0x01, 0xfd, 0x2d, 0x2d, 0x01, 0xfd, 0x2b, 0x2c, 0x02, 0xfd, 0x25, 0x27, 0x01, 0xfd, 0x1c, 0x1b, 0x00, 0xfd,
    0x16, 0x12, 0x00, 0xfd, 0x1d, 0x1e, 0x04, 0xfd, 0x32, 0x42, 0x1a, 0xfd, 0x4e, 0x6f, 0x32, 0xfd, 0x65, 0x95, 0x42, 0xfd, 0x76, 0xac, 0x4b, 0xfd,
    0x7e, 0xb5, 0x4f, 0xfd, 0x7d, 0xb4, 0x4e, 0xfd, 0x76, 0xa9, 0x48, 0xfd, 0x70, 0xa0, 0x42, 0xfd, 0x6b, 0x99, 0x3e, 0xfd, 0x67, 0x93, 0x3b, 0xfd,
    0x65, 0x8d, 0x39, 0xfd, 0x64, 0x8b, 0x38, 0xfd, 0x62, 0x89, 0x36, 0xfd, 0x61, 0x88, 0x34, 0xfd, 0x5e, 0x83, 0x31, 0xfd, 0x5d, 0x81, 0x30, 0xfd,
    0x5e, 0x83, 0x31, 0xfd, 0x5e, 0x82, 0x30, 0xfd, 0x5e, 0x81, 0x2f, 0xfd, 0x5f, 0x81, 0x2f, 0xfd, 0x5f, 0x80, 0x2e, 0xfd, 0x60, 0x80, 0x2e, 0xfd,
    0x60, 0x81, 0x2e, 0xfd, 0x62, 0x83, 0x2f, 0xfd, 0x66, 0x88, 0x32, 0xfd, 0x69, 0x8e, 0x34, 0xfd, 0x6f, 0x96, 0x38, 0xfd, 0x75, 0x9d, 0x3c, 0xfd,
    0x78, 0xa2, 0x3e, 0xfd, 0x73, 0x9a, 0x3b, 0xfd, 0x62, 0x84, 0x31, 0xfd, 0x48, 0x5f, 0x20, 0xfd, 0x2b, 0x35, 0x0f, 0xfd, 0x18, 0x18, 0x01, 0xfd,
    0x14, 0x12, 0x00, 0xfd, 0x1c, 0x1c, 0x00, 0xfd, 0x24, 0x25, 0x01, 0xfd, 0x27, 0x27, 0x01, 0xfd, 0x2b, 0x2b, 0x01, 0xfd, 0x2e, 0x2f, 0x01, 0xfd,
    0x31, 0x31, 0x01, 0xfd, 0x33, 0x34, 0x01, 0xfd, 0x34, 0x35, 0x02, 0xfd, 0x34, 0x36, 0x01, 0xfd, 0x35, 0x37, 0x01, 0xfd, 0x36, 0x38, 0x01, 0xfd,
    0x36, 0x39, 0x01, 0xfd, 0x36, 0x3a, 0x01, 0xfd, 0x38, 0x3c, 0x01, 0xfd, 0x39, 0x3d, 0x01, 0xfd, 0x3b, 0x3f, 0x01, 0xfd, 0x3d, 0x41, 0x01, 0xfd,
    0x3f, 0x44, 0x01, 0xfd, 0x42, 0x4a, 0x04, 0xfd, 0x35, 0x37, 0x00, 0xfb, 0x6e, 0x96, 0x37, 0xfc, 0xac, 0xfd, 0x85, 0xf5, 0x79, 0xb0, 0x4e, 0x2a,
    0x00, 0x00, 0x00, 0x00, 0x7f, 0xff, 0x7f, 0x02, 0x00, 0x00, 0x00, 0x00, 0x00, 0x00, 0x00, 0x00, 0x00, 0x00, 0x00, 0x00, 0x00, 0x00, 0x00, 0x00,
    0x00, 0x00, 0x00, 0x00, 0x00, 0x00, 0x00, 0x00, 0x00, 0x00, 0x00, 0x00, 0x00, 0x00, 0x00, 0x00, 0x00, 0x00, 0x00, 0x00, 0x00, 0x00, 0x00, 0x00,
    0x00, 0x00, 0x00, 0x00, 0x00, 0x00, 0x00, 0x00, 0x00, 0x00, 0x00, 0x00, 0xaa, 0xff, 0x55, 0x03, 0x00, 0x00, 0x00, 0x00, 0x87, 0xcd, 0x66, 0x5c,
    0xb0, 0xff, 0x8a, 0xff, 0x5e, 0x77, 0x25, 0xf9, 0x38, 0x3a, 0x00, 0xfc, 0x42, 0x4b, 0x04, 0xfd, 0x3f, 0x44, 0x01, 0xfd, 0x3e, 0x42, 0x01, 0xfd,
    0x3d, 0x40, 0x02, 0xfd, 0x3b, 0x3f, 0x01, 0xfd, 0x3a, 0x3e, 0x02, 0xfd, 0x38, 0x3c, 0x01, 0xfd, 0x37, 0x3a, 0x01, 0xfd, 0x37, 0x39, 0x01, 0xfd,
    0x36, 0x39, 0x01, 0xfd, 0x36, 0x38, 0x01, 0xfd, 0x36, 0x38, 0x01, 0xfd, 0x36, 0x38, 0x01, 0xfd, 0x35, 0x37, 0x01, 0xfd, 0x35, 0x37, 0x01, 0xfd,
    0x35, 0x36, 0x01, 0xfd, 0x36, 0x37, 0x02, 0xfd, 0x35, 0x36, 0x01, 0xfd, 0x34, 0x35, 0x01, 0xfd, 0x35, 0x36, 0x01, 0xfd, 0x35, 0x36, 0x01, 0xfd,
    0x33, 0x34, 0x01, 0xfd, 0x34, 0x35, 0x01, 0xfd, 0x34, 0x36, 0x01, 0xfd, 0x34, 0x35, 0x01, 0xfd, 0x34, 0x34, 0x01, 0xfd, 0x34, 0x34, 0x01, 0xfd,
    0x33, 0x33, 0x01, 0xfd, 0x31, 0x32, 0x01, 0xfd, 0x2e, 0x2f, 0x01, 0xfd, 0x2b, 0x2c, 0x02, 0xfd, 0x28, 0x2a, 0x02, 0xfd, 0x24, 0x24, 0x00, 0xfd,
    0x1b, 0x19, 0x00, 0xfd, 0x16, 0x13, 0x00, 0xfc, 0x18, 0x18, 0x00, 0xfd, 0x26, 0x2d, 0x0c, 0xfd, 0x3a, 0x4c, 0x1d, 0xfd, 0x4f, 0x6c, 0x2e, 0xfd,
    0x61, 0x88, 0x3a, 0xfd, 0x6f, 0x9c, 0x43, 0xfd, 0x79, 0xa9, 0x46, 0xfd, 0x7c, 0xae, 0x47, 0xfd, 0x7d, 0xaf, 0x46, 0xfd, 0x7c, 0xad, 0x45, 0xfd,
    0x7d, 0xac, 0x44, 0xfd, 0x7d, 0xaa, 0x43, 0xfd, 0x7a, 0xa7, 0x40, 0xfd, 0x79, 0xa3, 0x3f, 0xfd, 0x79, 0xa3, 0x3f, 0xfd, 0x79, 0xa4, 0x3e, 0xfd,
    0x79, 0xa4, 0x3e, 0xfd, 0x7a, 0xa5, 0x3e, 0xfd, 0x7a, 0xa6, 0x3e, 0xfd, 0x7b, 0xa7, 0x3f, 0xfd, 0x7a, 0xa5, 0x3e, 0xfd, 0x78, 0xa1, 0x3e, 0xfd,
    0x72, 0x9a, 0x3a, 0xfd, 0x67, 0x8a, 0x33, 0xfd, 0x58, 0x74, 0x2b, 0xfd, 0x48, 0x5c, 0x20, 0xfd, 0x33, 0x3f, 0x12, 0xfd, 0x21, 0x27, 0x07, 0xfd,
    0x16, 0x16, 0x00, 0xfd, 0x15, 0x12, 0x00, 0xfd, 0x1a, 0x19, 0x00, 0xfd, 0x22, 0x23, 0x01, 0xfd, 0x27, 0x29, 0x02, 0xfd, 0x2a, 0x2b, 0x01, 0xfd,
    0x2d, 0x2d, 0x01, 0xfd, 0x2f, 0x2f, 0x01, 0xfd, 0x31, 0x32, 0x01, 0xfd, 0x32, 0x33, 0x01, 0xfd, 0x34, 0x34, 0x01, 0xfd, 0x35, 0x36, 0x01, 0xfd,
    0x35, 0x37, 0x01, 0xfd, 0x34, 0x36, 0x01, 0xfc, 0x36, 0x38, 0x01, 0xfd, 0x37, 0x3a, 0x01, 0xfd, 0x38, 0x3b, 0x01, 0xfd, 0x39, 0x3d, 0x01, 0xfd,
    0x3a, 0x3e, 0x02, 0xfd, 0x3b, 0x3f, 0x02, 0xfd, 0x3c, 0x40, 0x01, 0xfd, 0x3e, 0x43, 0x01, 0xfd, 0x42, 0x49, 0x04, 0xfd, 0x36, 0x38, 0x00, 0xfc,
    0x5e, 0x7a, 0x27, 0xfa, 0xaf, 0xff, 0x87, 0xff, 0x86, 0xcd, 0x60, 0x57, 0x00, 0x00, 0x00, 0x00, 0xaa, 0xff, 0x55, 0x03, 0x00, 0x00, 0x00, 0x00,
    0x00, 0x00, 0x00, 0x00, 0x00, 0x00, 0x00, 0x00, 0x00, 0x00, 0x00, 0x00, 0x00, 0x00, 0x00, 0x00, 0x00, 0x00, 0x00, 0x00, 0x00, 0x00, 0x00, 0x00,
    0x00, 0x00, 0x00, 0x00, 0x00, 0x00, 0x00, 0x00, 0x00, 0x00, 0x00, 0x00, 0x00, 0x00, 0x00, 0x00, 0x00, 0x00, 0x00, 0x00, 0x00, 0x00, 0x00, 0x00,
    0x00, 0x00, 0x00, 0x00, 0x00, 0x00, 0x00, 0x00, 0x7f, 0xff, 0x7f, 0x04, 0x00, 0x00, 0x00, 0x00, 0x91, 0xda, 0x6f, 0x7e, 0xb2, 0xff, 0x8b, 0xff,
    0x5a, 0x6f, 0x21, 0xf9, 0x37, 0x39, 0x00, 0xfc, 0x43, 0x4b, 0x04, 0xfd, 0x40, 0x47, 0x02, 0xfd, 0x3e, 0x43, 0x02, 0xfd, 0x3d, 0x40, 0x01, 0xfd,
    0x3b, 0x3f, 0x01, 0xfd, 0x3a, 0x3e, 0x01, 0xfd, 0x39, 0x3d, 0x01, 0xfd, 0x38, 0x3c, 0x01, 0xfd, 0x38, 0x3b, 0x01, 0xfd, 0x37, 0x3a, 0x01, 0xfd,
    0x38, 0x3a, 0x01, 0xfd, 0x37, 0x39, 0x01, 0xfd, 0x36, 0x38, 0x02, 0xfd, 0x36, 0x38, 0x01, 0xfd, 0x36, 0x37, 0x01, 0xfd, 0x36, 0x38, 0x01, 0xfd,
    0x36, 0x37, 0x01, 0xfd, 0x35, 0x37, 0x01, 0xfd, 0x35, 0x36, 0x02, 0xfd, 0x35, 0x37, 0x01, 0xfd, 0x35, 0x36, 0x01, 0xfd, 0x35, 0x36, 0x01, 0xfd,
    0x35, 0x36, 0x01, 0xfd, 0x36, 0x37, 0x01, 0xfd, 0x35, 0x36, 0x01, 0xfd, 0x35, 0x36, 0x01, 0xfd, 0x35, 0x36, 0x01, 0xfd, 0x35, 0x36, 0x01, 0xfd,
    0x34, 0x35, 0x01, 0xfd, 0x32, 0x32, 0x01, 0xfd, 0x30, 0x31, 0x01, 0xfd, 0x2e, 0x30, 0x01, 0xfd, 0x2d, 0x2e, 0x02, 0xfd, 0x2a, 0x2b, 0x02, 0xfc,
    0x25, 0x26, 0x00, 0xfc, 0x1f, 0x1e, 0x00, 0xfc, 0x1a, 0x18, 0x00, 0xfd, 0x15, 0x13, 0x00, 0xfd, 0x17, 0x15, 0x00, 0xfd, 0x1d, 0x1f, 0x03, 0xfd,
    0x25, 0x2b, 0x0a, 0xfd, 0x2e, 0x39, 0x11, 0xfd, 0x37, 0x46, 0x16, 0xfd, 0x40, 0x53, 0x1b, 0xfd, 0x47, 0x5e, 0x21, 0xfd, 0x4d, 0x65, 0x25, 0xfd,
    0x52, 0x6c, 0x26, 0xfd, 0x53, 0x6e, 0x27, 0xfd, 0x55, 0x6f, 0x27, 0xfd, 0x55, 0x70, 0x28, 0xfd, 0x4f, 0x68, 0x24, 0xfd, 0x49, 0x60, 0x20, 0xfd,
    0x43, 0x57, 0x1c, 0xfd, 0x3b, 0x4c, 0x18, 0xfd, 0x33, 0x3f, 0x12, 0xfd, 0x29, 0x31, 0x0c, 0xfd, 0x21, 0x25, 0x06, 0xfd, 0x1a, 0x1a, 0x01, 0xfd,
    0x15, 0x14, 0x00, 0xfd, 0x15, 0x13, 0x00, 0xfd, 0x1a, 0x19, 0x00, 0xfd, 0x1f, 0x1f, 0x00, 0xfd, 0x24, 0x25, 0x01, 0xfd, 0x29, 0x2a, 0x02, 0xfd,
    0x2b, 0x2c, 0x02, 0xfd, 0x2d, 0x2d, 0x01, 0xfd, 0x2f, 0x30, 0x01, 0xfd, 0x32, 0x32, 0x01, 0xfd, 0x33, 0x35, 0x01, 0xfd, 0x34, 0x35, 0x01, 0xfd,
    0x35, 0x36, 0x01, 0xfd, 0x35, 0x37, 0x01, 0xfd, 0x35, 0x37, 0x01, 0xfd, 0x36, 0x37, 0x01, 0xfd, 0x36, 0x39, 0x01, 0xfd, 0x37, 0x39, 0x01, 0xfd,
    0x38, 0x3a, 0x01, 0xfd, 0x39, 0x3c, 0x01, 0xfd, 0x3a, 0x3e, 0x01, 0xfd, 0x3d, 0x40, 0x02, 0xfd, 0x3d, 0x40, 0x02, 0xfd, 0x3d, 0x41, 0x02, 0xfd,
    0x3f, 0x44, 0x01, 0xfd, 0x42, 0x49, 0x04, 0xfd, 0x36, 0x38, 0x00, 0xfc, 0x5a, 0x72, 0x21, 0xf9, 0xb2, 0xff, 0x89, 0xff, 0x95, 0xdd, 0x6f, 0x79,
    0x00, 0x00, 0x00, 0x00, 0x7f, 0xff, 0x7f, 0x04, 0x00, 0x00, 0x00, 0x00, 0x00, 0x00, 0x00, 0x00, 0x00, 0x00, 0x00, 0x00, 0x00, 0x00, 0x00, 0x00,
    0x00, 0x00, 0x00, 0x00, 0x00, 0x00, 0x00, 0x00, 0x00, 0x00, 0x00, 0x00, 0x00, 0x00, 0x00, 0x00, 0x00, 0x00, 0x00, 0x00, 0x00, 0x00, 0x00, 0x00,
    0x00, 0x00, 0x00, 0x00, 0x00, 0x00, 0x00, 0x00, 0x00, 0x00, 0x00, 0x00, 0x00, 0x00, 0x00, 0x00, 0x00, 0x00, 0x00, 0x00, 0x00, 0x00, 0x00, 0x00,
    0x00, 0x00, 0x00, 0x00, 0x7f, 0xff, 0x7f, 0x04, 0x00, 0x00, 0x00, 0x00, 0x96, 0xe2, 0x73, 0x84, 0xb0, 0xfd, 0x8a, 0xff, 0x60, 0x7c, 0x2a, 0xfb,
    0x37, 0x38, 0x00, 0xfb, 0x42, 0x4b, 0x03, 0xfd, 0x40, 0x48, 0x03, 0xfd, 0x3f, 0x44, 0x01, 0xfd, 0x3d, 0x41, 0x01, 0xfd, 0x3c, 0x3f, 0x01, 0xfd,
    0x3b, 0x3f, 0x02, 0xfd, 0x3b, 0x3f, 0x02, 0xfd, 0x3a, 0x3e, 0x02, 0xfd, 0x39, 0x3d, 0x02, 0xfd, 0x39, 0x3c, 0x01, 0xfd, 0x37, 0x3a, 0x01, 0xfd,
    0x37, 0x39, 0x02, 0xfd, 0x37, 0x39, 0x01, 0xfd, 0x36, 0x38, 0x01, 0xfd, 0x37, 0x39, 0x01, 0xfd, 0x37, 0x39, 0x02, 0xfd, 0x37, 0x39, 0x01, 0xfd,
    0x37, 0x39, 0x02, 0xfd, 0x37, 0x38, 0x02, 0xfd, 0x36, 0x37, 0x01, 0xfd, 0x36, 0x38, 0x01, 0xfd, 0x37, 0x38, 0x01, 0xfd, 0x37, 0x38, 0x01, 0xfd,
    0x37, 0x38, 0x01, 0xfd, 0x36, 0x38, 0x02, 0xfd, 0x36, 0x37, 0x01, 0xfd, 0x35, 0x37, 0x01, 0xfd, 0x35, 0x36, 0x01, 0xfd, 0x34, 0x36, 0x01, 0xfd,
    0x34, 0x35, 0x01, 0xfd, 0x34, 0x36, 0x02, 0xfd, 0x34, 0x34, 0x01, 0xfd, 0x31, 0x32, 0x01, 0xfd, 0x30, 0x30, 0x01, 0xfd, 0x30, 0x30, 0x02, 0xfd,
    0x2e, 0x30, 0x02, 0xfd, 0x2c, 0x2d, 0x03, 0xfd, 0x29, 0x2b, 0x02, 0xfd, 0x24, 0x26, 0x00, 0xfd, 0x1f, 0x1f, 0x00, 0xfd, 0x1c, 0x1b, 0x00, 0xfd,
    0x1a, 0x18, 0x00, 0xfd, 0x18, 0x16, 0x00, 0xfd, 0x17, 0x15, 0x00, 0xfd, 0x16, 0x14, 0x00, 0xfd, 0x16, 0x14, 0x00, 0xfd, 0x14, 0x12, 0x00, 0xfd,
    0x14, 0x13, 0x00, 0xfd, 0x14, 0x12, 0x00, 0xfd, 0x15, 0x13, 0x00, 0xfd, 0x15, 0x13, 0x00, 0xfd, 0x16, 0x14, 0x00, 0xfd, 0x17, 0x15, 0x00, 0xfd,
    0x19, 0x18, 0x00, 0xfd, 0x1c, 0x1c, 0x00, 0xfd, 0x21, 0x21, 0x00, 0xfd, 0x25, 0x26, 0x01, 0xfd, 0x27, 0x29, 0x02, 0xfd, 0x29, 0x2b, 0x02, 0xfd,
    0x2c, 0x2e, 0x02, 0xfd, 0x2d, 0x2f, 0x01, 0xfd, 0x2f, 0x2f, 0x01, 0xfd, 0x30, 0x30, 0x01, 0xfd, 0x32, 0x33, 0x01, 0xfd, 0x34, 0x34, 0x01, 0xfd,
    0x34, 0x36, 0x02, 0xfd, 0x36, 0x37, 0x02, 0xfd, 0x36, 0x38, 0x02, 0xfd, 0x36, 0x38, 0x02, 0xfd, 0x36, 0x39, 0x02, 0xfd, 0x36, 0x38, 0x01, 0xfd,
    0x36, 0x39, 0x01, 0xfd, 0x37, 0x3a, 0x02, 0xfd, 0x38, 0x3b, 0x02, 0xfd, 0x38, 0x3c, 0x02, 0xfd, 0x39, 0x3d, 0x01, 0xfd, 0x3a, 0x3f, 0x02, 0xfd,
    0x3c, 0x40, 0x02, 0xfd, 0x3f, 0x43, 0x02, 0xfd, 0x3f, 0x44, 0x02, 0xfd, 0x40, 0x46, 0x02, 0xfd, 0x40, 0x47, 0x02, 0xfd, 0x34, 0x36, 0x00, 0xfb,
    0x61, 0x80, 0x2b, 0xfb, 0xb2, 0xfe, 0x88, 0xff, 0x99, 0xe1, 0x73, 0x82, 0x00, 0x00, 0x00, 0x00, 0xbf, 0xff, 0x7f, 0x04, 0x00, 0x00, 0x00, 0x00,
    0x00, 0x00, 0x00, 0x00, 0x00, 0x00, 0x00, 0x00, 0x00, 0x00, 0x00, 0x00, 0x00, 0x00, 0x00, 0x00, 0x00, 0x00, 0x00, 0x00, 0x00, 0x00, 0x00, 0x00,
    0x00, 0x00, 0x00, 0x00, 0x00, 0x00, 0x00, 0x00, 0x00, 0x00, 0x00, 0x00, 0x00, 0x00, 0x00, 0x00, 0x00, 0x00, 0x00, 0x00, 0x00, 0x00, 0x00, 0x00,
    0x00, 0x00, 0x00, 0x00, 0x00, 0x00, 0x00, 0x00, 0x00, 0x00, 0x00, 0x00, 0x00, 0x00, 0x00, 0x00, 0x00, 0x00, 0x00, 0x00, 0x00, 0x00, 0x00, 0x00,
    0xaa, 0xff, 0xaa, 0x03, 0x00, 0x00, 0x00, 0x00, 0x8d, 0xd8, 0x6d, 0x77, 0xac, 0xfb, 0x88, 0xff, 0x78, 0xa1, 0x46, 0xff, 0x3b, 0x3f, 0x00, 0xf9,
    0x3c, 0x42, 0x00, 0xfd, 0x41, 0x4a, 0x03, 0xfd, 0x40, 0x45, 0x02, 0xfd, 0x3e, 0x41, 0x01, 0xfd, 0x3d, 0x40, 0x02, 0xfd, 0x3c, 0x3f, 0x02, 0xfd,
    0x3b, 0x3f, 0x02, 0xfd, 0x3b, 0x3e, 0x01, 0xfd, 0x3a, 0x3d, 0x01, 0xfd, 0x39, 0x3d, 0x01, 0xfd, 0x39, 0x3c, 0x02, 0xfd, 0x38, 0x3b, 0x02, 0xfd,
    0x38, 0x3a, 0x01, 0xfd, 0x38, 0x3a, 0x02, 0xfd, 0x37, 0x39, 0x02, 0xfd, 0x36, 0x39, 0x01, 0xfd, 0x37, 0x39, 0x02, 0xfd, 0x37, 0x39, 0x02, 0xfd,
    0x36, 0x38, 0x01, 0xfd, 0x36, 0x38, 0x01, 0xfd, 0x37, 0x39, 0x01, 0xfd, 0x37, 0x39, 0x01, 0xfd, 0x38, 0x3a, 0x02, 0xfd, 0x38, 0x3a, 0x02, 0xfd,
    0x36, 0x38, 0x02, 0xfd, 0x36, 0x38, 0x01, 0xfd, 0x36, 0x38, 0x01, 0xfd, 0x36, 0x38, 0x02, 0xfd, 0x35, 0x37, 0x02, 0xfd, 0x36, 0x38, 0x01, 0xfd,
    0x36, 0x38, 0x01, 0xfd, 0x35, 0x36, 0x01, 0xfd, 0x35, 0x36, 0x01, 0xfd, 0x35, 0x36, 0x01, 0xfd, 0x34, 0x35, 0x02, 0xfd, 0x33, 0x35, 0x02, 0xfd,
    0x31, 0x33, 0x02, 0xfd, 0x2f, 0x30, 0x02, 0xfc, 0x30, 0x32, 0x02, 0xfd, 0x2f, 0x31, 0x02, 0xfd, 0x2f, 0x31, 0x02, 0xfd, 0x2f, 0x30, 0x02, 0xfd,
    0x2f, 0x31, 0x03, 0xfd, 0x2e, 0x30, 0x03, 0xfd, 0x2c, 0x2e, 0x02, 0xfd, 0x2b, 0x2d, 0x02, 0xfd, 0x2b, 0x2d, 0x02, 0xfd, 0x2c, 0x2e, 0x02, 0xfd,
    0x2c, 0x2e, 0x02, 0xfd, 0x2c, 0x2e, 0x02, 0xfd, 0x2d, 0x2f, 0x02, 0xfd, 0x2d, 0x2f, 0x02, 0xfd, 0x2e, 0x30, 0x02, 0xfd, 0x2f, 0x30, 0x01, 0xfd,
    0x30, 0x32, 0x01, 0xfd, 0x31, 0x32, 0x01, 0xfd, 0x31, 0x32, 0x01, 0xfd, 0x32, 0x33, 0x01, 0xfd, 0x32, 0x34, 0x01, 0xfd, 0x34, 0x36, 0x02, 0xfd,
    0x34, 0x36, 0x01, 0xfd, 0x34, 0x36, 0x01, 0xfd, 0x36, 0x38, 0x02, 0xfd, 0x36, 0x38, 0x01, 0xfd, 0x36, 0x37, 0x01, 0xfd, 0x37, 0x39, 0x02, 0xfd,
    0x37, 0x39, 0x01, 0xfd, 0x36, 0x39, 0x01, 0xfd, 0x36, 0x39, 0x02, 0xfd, 0x37, 0x3b, 0x02, 0xfd, 0x38, 0x3c, 0x02, 0xfd, 0x39, 0x3d, 0x02, 0xfd,
    0x3a, 0x3e, 0x02, 0xfd, 0x3a, 0x3f, 0x02, 0xfd, 0x3b, 0x3f, 0x01, 0xfd, 0x3d, 0x40, 0x02, 0xfd, 0x3e, 0x42, 0x02, 0xfd, 0x40, 0x46, 0x03, 0xfd,
    0x41, 0x49, 0x04, 0xfd, 0x3b, 0x40, 0x00, 0xfd, 0x39, 0x3d, 0x00, 0xf9, 0x77, 0xa1, 0x46, 0xff, 0xaf, 0xfa, 0x86, 0xff, 0x93, 0xd8, 0x6d, 0x72,
    0x00, 0x00, 0x00, 0x00, 0xff, 0xff, 0xaa, 0x03, 0x00, 0x00, 0x00, 0x00, 0x00, 0x00, 0x00, 0x00, 0x00, 0x00, 0x00, 0x00, 0x00, 0x00, 0x00, 0x00,
    0x00, 0x00, 0x00, 0x00, 0x00, 0x00, 0x00, 0x00, 0x00, 0x00, 0x00, 0x00, 0x00, 0x00, 0x00, 0x00, 0x00, 0x00, 0x00, 0x00, 0x00, 0x00, 0x00, 0x00,
    0x00, 0x00, 0x00, 0x00, 0x00, 0x00, 0x00, 0x00, 0x00, 0x00, 0x00, 0x00, 0x00, 0x00, 0x00, 0x00, 0x00, 0x00, 0x00, 0x00, 0x00, 0x00, 0x00, 0x00,
    0x00, 0x00, 0x00, 0x00, 0x00, 0x00, 0x00, 0x00, 0x00, 0x00, 0x00, 0x00, 0x00, 0x00, 0x00, 0x00, 0x00, 0x00, 0x00, 0x00, 0xaa, 0xff, 0xaa, 0x03,
    0x00, 0x00, 0x00, 0x00, 0x82, 0xc7, 0x62, 0x4e, 0xac, 0xf8, 0x89, 0xe7, 0x9a, 0xd6, 0x6c, 0xff, 0x50, 0x61, 0x16, 0xfa, 0x38, 0x3a, 0x00, 0xfa,
    0x3c, 0x41, 0x00, 0xfd, 0x41, 0x47, 0x03, 0xfd, 0x40, 0x45, 0x03, 0xfd, 0x3e, 0x42, 0x01, 0xfd, 0x3d, 0x41, 0x01, 0xfd, 0x3d, 0x40, 0x02, 0xfd,
    0x3c, 0x3f, 0x02, 0xfd, 0x3a, 0x3f, 0x02, 0xfd, 0x3a, 0x3e, 0x02, 0xfd, 0x3a, 0x3d, 0x01, 0xfd, 0x39, 0x3e, 0x02, 0xfd, 0x3a, 0x3d, 0x02, 0xfd,
    0x39, 0x3c, 0x02, 0xfd, 0x38, 0x3c, 0x01, 0xfd, 0x39, 0x3c, 0x01, 0xfd, 0x39, 0x3c, 0x01, 0xfd, 0x38, 0x3b, 0x01, 0xfd, 0x38, 0x3b, 0x01, 0xfd,
    0x38, 0x3b, 0x02, 0xfd, 0x39, 0x3b, 0x01, 0xfd, 0x38, 0x3b, 0x02, 0xfd, 0x38, 0x3b, 0x02, 0xfd, 0x38, 0x3b, 0x01, 0xfd, 0x38, 0x3b, 0x02, 0xfd,
    0x39, 0x3c, 0x02, 0xfd, 0x38, 0x3b, 0x01, 0xfd, 0x37, 0x3a, 0x02, 0xfd, 0x37, 0x3a, 0x02, 0xfd, 0x37, 0x3a, 0x02, 0xfd, 0x37, 0x39, 0x01, 0xfd,
    0x37, 0x39, 0x01, 0xfd, 0x37, 0x39, 0x02, 0xfd, 0x36, 0x38, 0x02, 0xfd, 0x36, 0x38, 0x01, 0xfd, 0x36, 0x38, 0x01, 0xfd, 0x36, 0x38, 0x02, 0xfd,
    0x36, 0x38, 0x01, 0xfd, 0x35, 0x38, 0x01, 0xfd, 0x35, 0x38, 0x02, 0xfd, 0x35, 0x38, 0x02, 0xfd, 0x34, 0x37, 0x01, 0xfd, 0x34, 0x36, 0x01, 0xfd,
    0x34, 0x36, 0x01, 0xfd, 0x34, 0x36, 0x01, 0xfd, 0x33, 0x35, 0x01, 0xfd, 0x34, 0x35, 0x01, 0xfd, 0x34, 0x36, 0x01, 0xfd, 0x34, 0x36, 0x01, 0xfd,
    0x34, 0x36, 0x01, 0xfd, 0x35, 0x37, 0x01, 0xfd, 0x35, 0x37, 0x01, 0xfd, 0x35, 0x37, 0x01, 0xfd, 0x36, 0x38, 0x01, 0xfd, 0x35, 0x37, 0x01, 0xfd,
    0x35, 0x37, 0x01, 0xfd, 0x36, 0x38, 0x01, 0xfd, 0x36, 0x38, 0x01, 0xfd, 0x37, 0x3a, 0x02, 0xfd, 0x37, 0x3a, 0x02, 0xfd, 0x36, 0x39, 0x01, 0xfd,
    0x38, 0x3b, 0x02, 0xfd, 0x38, 0x3b, 0x02, 0xfd, 0x37, 0x3a, 0x01, 0xfd, 0x37, 0x3b, 0x01, 0xfd, 0x38, 0x3c, 0x01, 0xfd, 0x39, 0x3d, 0x02, 0xfd,
    0x38, 0x3c, 0x01, 0xfd, 0x39, 0x3e, 0x02, 0xfd, 0x3a, 0x3f, 0x02, 0xfd, 0x3b, 0x3f, 0x02, 0xfd, 0x3c, 0x3f, 0x02, 0xfd, 0x3c, 0x40, 0x02, 0xfd,
    0x3e, 0x42, 0x02, 0xfd, 0x40, 0x45, 0x03, 0xfd, 0x41, 0x48, 0x03, 0xfd, 0x3c, 0x42, 0x00, 0xfd, 0x38, 0x3a, 0x00, 0xfa, 0x50, 0x62, 0x17, 0xfa,
    0x99, 0xd7, 0x69, 0xff, 0xac, 0xf9, 0x86, 0xe9, 0x89, 0xcc, 0x61, 0x4c, 0x00, 0x00, 0x00, 0x00, 0xaa, 0xff, 0xaa, 0x03, 0x00, 0x00, 0x00, 0x00,
    0x00, 0x00, 0x00, 0x00, 0x00, 0x00, 0x00, 0x00, 0x00, 0x00, 0x00, 0x00, 0x00, 0x00, 0x00, 0x00, 0x00, 0x00, 0x00, 0x00, 0x00, 0x00, 0x00, 0x00,
    0x00, 0x00, 0x00, 0x00, 0x00, 0x00, 0x00, 0x00, 0x00, 0x00, 0x00, 0x00, 0x00, 0x00, 0x00, 0x00, 0x00, 0x00, 0x00, 0x00, 0x00, 0x00, 0x00, 0x00,
    0x00, 0x00, 0x00, 0x00, 0x00, 0x00, 0x00, 0x00, 0x00, 0x00, 0x00, 0x00, 0x00, 0x00, 0x00, 0x00, 0x00, 0x00, 0x00, 0x00, 0x00, 0x00, 0x00, 0x00,
    0x00, 0x00, 0x00, 0x00, 0x00, 0x00, 0x00, 0x00, 0x00, 0x00, 0x00, 0x00, 0x00, 0x00, 0x00, 0x00, 0xaa, 0xff, 0xaa, 0x03, 0x00, 0x00, 0x00, 0x00,
    0x5d, 0x90, 0x33, 0x1e, 0xa4, 0xef, 0x80, 0xa7, 0xab, 0xf6, 0x84, 0xff, 0x83, 0xb5, 0x52, 0xff, 0x4b, 0x5b, 0x11, 0xfb, 0x37, 0x3a, 0x00, 0xfa,
    0x39, 0x3c, 0x00, 0xfc, 0x3e, 0x45, 0x00, 0xfc, 0x40, 0x47, 0x03, 0xfd, 0x40, 0x46, 0x04, 0xfd, 0x3f, 0x44, 0x03, 0xfd, 0x3c, 0x41, 0x02, 0xfd,
    0x3c, 0x40, 0x01, 0xfd, 0x3d, 0x41, 0x02, 0xfd, 0x3b, 0x3f, 0x02, 0xfd, 0x3b, 0x3f, 0x02, 0xfd, 0x3b, 0x3f, 0x02, 0xfd, 0x3a, 0x3f, 0x02, 0xfd,
    0x3a, 0x3e, 0x01, 0xfd, 0x3a, 0x3e, 0x01, 0xfd, 0x39, 0x3e, 0x02, 0xfd, 0x39, 0x3e, 0x01, 0xfd, 0x39, 0x3e, 0x01, 0xfd, 0x3a, 0x3e, 0x01, 0xfd,
    0x3a, 0x3e, 0x02, 0xfd, 0x39, 0x3e, 0x02, 0xfd, 0x3a, 0x3e, 0x01, 0xfd, 0x3a, 0x3e, 0x02, 0xfd, 0x39, 0x3e, 0x02, 0xfd, 0x38, 0x3d, 0x02, 0xfd,
    0x39, 0x3d, 0x02, 0xfd, 0x39, 0x3d, 0x02, 0xfd, 0x38, 0x3d, 0x01, 0xfd, 0x38, 0x3c, 0x02, 0xfd, 0x39, 0x3d, 0x01, 0xfd, 0x39, 0x3d, 0x01, 0xfd,
    0x39, 0x3c, 0x02, 0xfd, 0x38, 0x3c, 0x02, 0xfd, 0x38, 0x3c, 0x02, 0xfd, 0x38, 0x3c, 0x01, 0xfd, 0x38, 0x3c, 0x01, 0xfd, 0x37, 0x3c, 0x02, 0xfd,
    0x37, 0x3c, 0x02, 0xfd, 0x37, 0x3b, 0x01, 0xfd, 0x37, 0x3b, 0x01, 0xfd, 0x38, 0x3b, 0x02, 0xfd, 0x38, 0x3b, 0x02, 0xfd, 0x37, 0x3b, 0x01, 0xfd,
    0x37, 0x3a, 0x01, 0xfd, 0x38, 0x3b, 0x02, 0xfd, 0x38, 0x3c, 0x02, 0xfd, 0x37, 0x3b, 0x02, 0xfd, 0x37, 0x3b, 0x02, 0xfd, 0x38, 0x3b, 0x02, 0xfd,
    0x38, 0x3c, 0x01, 0xfd, 0x38, 0x3c, 0x01, 0xfd, 0x38, 0x3b, 0x01, 0xfd, 0x37, 0x3b, 0x01, 0xfd, 0x38, 0x3b, 0x01, 0xfd, 0x38, 0x3c, 0x01, 0xfd,
    0x38, 0x3c, 0x01, 0xfd, 0x38, 0x3d, 0x02, 0xfd, 0x39, 0x3d, 0x02, 0xfd, 0x38, 0x3c, 0x01, 0xfd, 0x39, 0x3d, 0x02, 0xfd, 0x3a, 0x3e, 0x02, 0xfd,
    0x39, 0x3e, 0x01, 0xfd, 0x39, 0x3e, 0x02, 0xfd, 0x3b, 0x3f, 0x02, 0xfd, 0x3c, 0x40, 0x02, 0xfd, 0x3c, 0x40, 0x02, 0xfd, 0x3c, 0x40, 0x02, 0xfd,
    0x3c, 0x40, 0x02, 0xfd, 0x3e, 0x42, 0x03, 0xfd, 0x40, 0x45, 0x04, 0xfd, 0x40, 0x46, 0x03, 0xfd, 0x3e, 0x44, 0x01, 0xfd, 0x39, 0x3c, 0x00, 0xfc,
    0x37, 0x39, 0x00, 0xfa, 0x4a, 0x59, 0x10, 0xfb, 0x82, 0xb4, 0x4f, 0xff, 0xaa, 0xf6, 0x81, 0xff, 0xa2, 0xef, 0x7d, 0xa9, 0x62, 0x94, 0x31, 0x1f,
    0x00, 0x00, 0x00, 0x00, 0x7f, 0xbf, 0x7f, 0x04, 0x00, 0x00, 0x00, 0x00, 0x00, 0x00, 0x00, 0x00, 0x00, 0x00, 0x00, 0x00, 0x00, 0x00, 0x00, 0x00,
    0x00, 0x00, 0x00, 0x00, 0x00, 0x00, 0x00, 0x00, 0x00, 0x00, 0x00, 0x00, 0x00, 0x00, 0x00, 0x00, 0x00, 0x00, 0x00, 0x00, 0x00, 0x00, 0x00, 0x00,
    0x00, 0x00, 0x00, 0x00, 0x00, 0x00, 0x00, 0x00, 0x00, 0x00, 0x00, 0x00, 0x00, 0x00, 0x00, 0x00, 0x00, 0x00, 0x00, 0x00, 0x00, 0x00, 0x00, 0x00,
    0x00, 0x00, 0x00, 0x00, 0x00, 0x00, 0x00, 0x00, 0x00, 0x00, 0x00, 0x00, 0x00, 0x00, 0x00, 0x00, 0x00, 0x00, 0x00, 0x00, 0x00, 0x00, 0x00, 0x00,
    0x00, 0x00, 0x00, 0x00, 0x00, 0x00, 0x00, 0x00, 0x00, 0x00, 0x00, 0x00, 0xaa, 0xff, 0x55, 0x03, 0x00, 0x00, 0x00, 0x00, 0x00, 0x00, 0x00, 0x00,
    0x8a, 0xd1, 0x67, 0x4f, 0xa7, 0xf8, 0x86, 0xc4, 0xa6, 0xf3, 0x7f, 0xff, 0x8b, 0xc2, 0x5a, 0xff, 0x5d, 0x76, 0x26, 0xff, 0x41, 0x4a, 0x03, 0xfa,
    0x37, 0x39, 0x00, 0xf9, 0x37, 0x38, 0x00, 0xfb, 0x3a, 0x3c, 0x00, 0xfc, 0x3c, 0x3f, 0x00, 0xfd, 0x3e, 0x42, 0x00, 0xfd, 0x3f, 0x44, 0x02, 0xfd,
    0x3e, 0x43, 0x02, 0xfd, 0x3d, 0x42, 0x02, 0xfd, 0x3d, 0x42, 0x02, 0xfd, 0x3e, 0x42, 0x02, 0xfd, 0x3d, 0x42, 0x02, 0xfd, 0x3d, 0x41, 0x02, 0xfd,
    0x3d, 0x41, 0x02, 0xfd, 0x3c, 0x41, 0x02, 0xfd, 0x3d, 0x42, 0x02, 0xfd, 0x3c, 0x41, 0x02, 0xfd, 0x3d, 0x41, 0x02, 0xfd, 0x3c, 0x41, 0x03, 0xfd,
    0x3c, 0x41, 0x02, 0xfd, 0x3c, 0x41, 0x02, 0xfd, 0x3c, 0x41, 0x02, 0xfd, 0x3b, 0x40, 0x02, 0xfd, 0x3b, 0x41, 0x03, 0xfd, 0x3b, 0x40, 0x02, 0xfd,
    0x3b, 0x40, 0x02, 0xfd, 0x3b, 0x40, 0x02, 0xfd, 0x3b, 0x40, 0x02, 0xfd, 0x3b, 0x40, 0x02, 0xfd, 0x3b, 0x41, 0x02, 0xfd, 0x3b, 0x41, 0x03, 0xfd,
    0x3a, 0x40, 0x02, 0xfd, 0x3a, 0x40, 0x02, 0xfd, 0x3b, 0x40, 0x02, 0xfd, 0x3b, 0x40, 0x02, 0xfd, 0x3a, 0x3f, 0x02, 0xfd, 0x39, 0x3f, 0x02, 0xfd,
    0x3b, 0x40, 0x02, 0xfd, 0x3b, 0x40, 0x02, 0xfd, 0x3b, 0x40, 0x02, 0xfd, 0x3a, 0x3f, 0x02, 0xfd, 0x3b, 0x3f, 0x03, 0xfd, 0x3b, 0x40, 0x03, 0xfd,
    0x3b, 0x40, 0x02, 0xfd, 0x3b, 0x40, 0x02, 0xfd, 0x3b, 0x40, 0x03, 0xfd, 0x3b, 0x40, 0x02, 0xfd, 0x3c, 0x40, 0x02, 0xfd, 0x3b, 0x41, 0x02, 0xfd,
    0x3b, 0x40, 0x02, 0xfd, 0x3b, 0x40, 0x02, 0xfd, 0x3c, 0x41, 0x02, 0xfd, 0x3c, 0x41, 0x02, 0xfd, 0x3c, 0x41, 0x02, 0xfd, 0x3c, 0x41, 0x02, 0xfd,
    0x3c, 0x41, 0x03, 0xfd, 0x3c, 0x40, 0x02, 0xfd, 0x3c, 0x41, 0x02, 0xfd, 0x3c, 0x41, 0x02, 0xfd, 0x3d, 0x41, 0x02, 0xfd, 0x3e, 0x43, 0x03, 0xfd,
    0x3f, 0x43, 0x02, 0xfd, 0x3e, 0x43, 0x02, 0xfd, 0x3e, 0x42, 0x01, 0xfd, 0x3d, 0x40, 0x00, 0xfd, 0x3c, 0x3f, 0x00, 0xfd, 0x3a, 0x3c, 0x00, 0xfc,
    0x37, 0x38, 0x00, 0xfb, 0x36, 0x38, 0x00, 0xf9, 0x40, 0x48, 0x04, 0xfa, 0x5b, 0x76, 0x26, 0xff, 0x89, 0xc1, 0x58, 0xff, 0xa7, 0xf4, 0x7f, 0xff,
    0xa6, 0xf8, 0x7e, 0xc5, 0x89, 0xcd, 0x62, 0x4e, 0x00, 0x00, 0x00, 0x00, 0x00, 0x00, 0x00, 0x00, 0xaa, 0xff, 0x55, 0x03, 0x00, 0x00, 0x00, 0x00,
    0x00, 0x00, 0x00, 0x00, 0x00, 0x00, 0x00, 0x00, 0x00, 0x00, 0x00, 0x00, 0x00, 0x00, 0x00, 0x00, 0x00, 0x00, 0x00, 0x00, 0x00, 0x00, 0x00, 0x00,
    0x00, 0x00, 0x00, 0x00, 0x00, 0x00, 0x00, 0x00, 0x00, 0x00, 0x00, 0x00, 0x00, 0x00, 0x00, 0x00, 0x00, 0x00, 0x00, 0x00, 0x00, 0x00, 0x00, 0x00,
    0x00, 0x00, 0x00, 0x00, 0x00, 0x00, 0x00, 0x00, 0x00, 0x00, 0x00, 0x00, 0x00, 0x00, 0x00, 0x00, 0x00, 0x00, 0x00, 0x00, 0x00, 0x00, 0x00, 0x00,
    0x00, 0x00, 0x00, 0x00, 0x00, 0x00, 0x00, 0x00, 0x00, 0x00, 0x00, 0x00, 0x00, 0x00, 0x00, 0x00, 0x00, 0x00, 0x00, 0x00, 0x00, 0x00, 0x00, 0x00,
    0x00, 0x00, 0x00, 0x00, 0x00, 0x00, 0x00, 0x00, 0x7f, 0x7f, 0x7f, 0x02, 0xff, 0xff, 0xff, 0x02, 0x00, 0x00, 0x00, 0x00, 0x00, 0x00, 0x00, 0x00,
    0x8a, 0xd3, 0x66, 0x46, 0xa7, 0xf7, 0x82, 0xae, 0xaa, 0xf7, 0x84, 0xf0, 0xa0, 0xe9, 0x77, 0xff, 0x89, 0xc3, 0x5a, 0xff, 0x6e, 0x95, 0x39, 0xff,
    0x58, 0x70, 0x20, 0xff, 0x4a, 0x58, 0x0f, 0xfd, 0x43, 0x4d, 0x05, 0xfb, 0x3e, 0x44, 0x00, 0xfa, 0x3b, 0x41, 0x00, 0xf9, 0x3a, 0x3f, 0x00, 0xf9,
    0x39, 0x3d, 0x00, 0xf9, 0x39, 0x3c, 0x00, 0xf9, 0x39, 0x3c, 0x00, 0xf9, 0x39, 0x3b, 0x00, 0xf9, 0x38, 0x3a, 0x00, 0xf9, 0x39, 0x3b, 0x00, 0xf9,
    0x39, 0x3b, 0x00, 0xf9, 0x38, 0x3b, 0x00, 0xf9, 0x38, 0x3b, 0x00, 0xf9, 0x38, 0x3a, 0x00, 0xf9, 0x37, 0x39, 0x00, 0xf9, 0x38, 0x3a, 0x00, 0xf9,
    0x38, 0x39, 0x00, 0xf9, 0x37, 0x39, 0x00, 0xf9, 0x37, 0x39, 0x00, 0xf9, 0x37, 0x3a, 0x00, 0xf9, 0x37, 0x39, 0x00, 0xf9, 0x37, 0x3a, 0x00, 0xf9,
    0x37, 0x39, 0x00, 0xf9, 0x37, 0x39, 0x00, 0xf9, 0x37, 0x3a, 0x00, 0xf9, 0x36, 0x39, 0x00, 0xf9, 0x35, 0x38, 0x00, 0xf9, 0x36, 0x39, 0x00, 0xf9,
    0x37, 0x39, 0x00, 0xf9, 0x36, 0x38, 0x00, 0xf9, 0x35, 0x38, 0x00, 0xf9, 0x37, 0x39, 0x00, 0xf9, 0x36, 0x38, 0x00, 0xf9, 0x36, 0x38, 0x00, 0xf9,
    0x37, 0x38, 0x00, 0xf9, 0x36, 0x38, 0x00, 0xf9, 0x37, 0x39, 0x00, 0xf9, 0x38, 0x3a, 0x00, 0xf9, 0x37, 0x39, 0x00, 0xf9, 0x38, 0x3a, 0x00, 0xf9,
    0x38, 0x3b, 0x00, 0xf9, 0x38, 0x3a, 0x00, 0xf9, 0x38, 0x3a, 0x00, 0xf9, 0x38, 0x39, 0x00, 0xf9, 0x37, 0x3a, 0x00, 0xf9, 0x38, 0x39, 0x00, 0xf9,
    0x37, 0x39, 0x00, 0xf9, 0x38, 0x3a, 0x00, 0xf9, 0x38, 0x3a, 0x00, 0xf9, 0x38, 0x3a, 0x00, 0xf9, 0x38, 0x3b, 0x00, 0xf9, 0x37, 0x3a, 0x00, 0xf9,
    0x38, 0x3b, 0x00, 0xf9, 0x38, 0x3a, 0x00, 0xf9, 0x39, 0x3b, 0x00, 0xf9, 0x3a, 0x3d, 0x00, 0xf9, 0x3a, 0x3e, 0x00, 0xf9, 0x3b, 0x40, 0x00, 0xf9,
    0x3e, 0x44, 0x00, 0xfa, 0x42, 0x4a, 0x05, 0xfb, 0x49, 0x58, 0x0f, 0xfd, 0x58, 0x70, 0x1f, 0xff, 0x6e, 0x95, 0x39, 0xff, 0x8a, 0xc3, 0x59, 0xff,
    0xa0, 0xe9, 0x74, 0xff, 0xa8, 0xf7, 0x82, 0xed, 0xa5, 0xf8, 0x7f, 0xa8, 0x8c, 0xd7, 0x68, 0x47, 0x00, 0x00, 0x00, 0x00, 0x00, 0x00, 0x00, 0x00,
    0xff, 0xff, 0xff, 0x02, 0x7f, 0x7f, 0x7f, 0x02, 0x00, 0x00, 0x00, 0x00, 0x00, 0x00, 0x00, 0x00, 0x00, 0x00, 0x00, 0x00, 0x00, 0x00, 0x00, 0x00,
    0x00, 0x00, 0x00, 0x00, 0x00, 0x00, 0x00, 0x00, 0x00, 0x00, 0x00, 0x00, 0x00, 0x00, 0x00, 0x00, 0x00, 0x00, 0x00, 0x00, 0x00, 0x00, 0x00, 0x00,
    0x00, 0x00, 0x00, 0x00, 0x00, 0x00, 0x00, 0x00, 0x00, 0x00, 0x00, 0x00, 0x00, 0x00, 0x00, 0x00, 0x00, 0x00, 0x00, 0x00, 0x00, 0x00, 0x00, 0x00,
    0x00, 0x00, 0x00, 0x00, 0x00, 0x00, 0x00, 0x00, 0x00, 0x00, 0x00, 0x00, 0x00, 0x00, 0x00, 0x00, 0x00, 0x00, 0x00, 0x00, 0x00, 0x00, 0x00, 0x00,
    0x00, 0x00, 0x00, 0x00, 0x00, 0x00, 0x00, 0x00, 0x00, 0x00, 0x00, 0x00, 0x00, 0x00, 0x00, 0x00, 0x00, 0x00, 0x00, 0x00, 0x00, 0x00, 0x00, 0x00,
    0x00, 0x00, 0x00, 0x00, 0x00, 0x00, 0x00, 0x00, 0xaa, 0xaa, 0x55, 0x03, 0xff, 0xff, 0xff, 0x01, 0x00, 0x00, 0x00, 0x00, 0x00, 0x00, 0x00, 0x00,
    0x67, 0xa0, 0x42, 0x1b, 0x99, 0xea, 0x79, 0x58, 0xa3, 0xf8, 0x81, 0x9a, 0xa5, 0xf8, 0x80, 0xd0, 0xa2, 0xf2, 0x7e, 0xee, 0x9d, 0xe8, 0x77, 0xff,
    0x9c, 0xe7, 0x74, 0xff, 0x9c, 0xe3, 0x72, 0xff, 0x99, 0xdf, 0x6e, 0xff, 0x96, 0xdc, 0x68, 0xff, 0x94, 0xd9, 0x66, 0xff, 0x95, 0xd9, 0x67, 0xff,
    0x94, 0xd8, 0x66, 0xff, 0x93, 0xd7, 0x66, 0xff, 0x93, 0xd7, 0x66, 0xff, 0x93, 0xd8, 0x66, 0xff, 0x94, 0xd8, 0x67, 0xff, 0x94, 0xd7, 0x67, 0xff,
    0x94, 0xd8, 0x67, 0xff, 0x93, 0xd8, 0x65, 0xff, 0x92, 0xd6, 0x65, 0xff, 0x93, 0xd7, 0x66, 0xff, 0x94, 0xd7, 0x67, 0xff, 0x92, 0xd7, 0x65, 0xff,
    0x92, 0xd7, 0x65, 0xff, 0x92, 0xd7, 0x65, 0xff, 0x92, 0xd6, 0x65, 0xff, 0x92, 0xd6, 0x66, 0xff, 0x92, 0xd6, 0x66, 0xff, 0x91, 0xd6, 0x65, 0xff,
    0x91, 0xd7, 0x65, 0xff, 0x91, 0xd6, 0x64, 0xff, 0x92, 0xd6, 0x65, 0xff, 0x91, 0xd7, 0x65, 0xff, 0x8f, 0xd6, 0x64, 0xff, 0x91, 0xd6, 0x65, 0xff,
    0x92, 0xd6, 0x66, 0xff, 0x92, 0xd6, 0x65, 0xff, 0x92, 0xd6, 0x66, 0xff, 0x93, 0xd6, 0x67, 0xff, 0x93, 0xd7, 0x66, 0xff, 0x91, 0xd7, 0x65, 0xff,
    0x91, 0xd6, 0x65, 0xff, 0x92, 0xd6, 0x64, 0xff, 0x91, 0xd6, 0x65, 0xff, 0x92, 0xd7, 0x66, 0xff, 0x92, 0xd7, 0x65, 0xff, 0x92, 0xd6, 0x64, 0xff,
    0x92, 0xd6, 0x65, 0xff, 0x93, 0xd7, 0x66, 0xff, 0x93, 0xd7, 0x66, 0xff, 0x94, 0xd7, 0x68, 0xff, 0x93, 0xd7, 0x67, 0xff, 0x92, 0xd7, 0x65, 0xff,
    0x91, 0xd6, 0x65, 0xff, 0x94, 0xd7, 0x67, 0xff, 0x95, 0xd8, 0x67, 0xff, 0x93, 0xd8, 0x66, 0xff, 0x93, 0xd7, 0x66, 0xff, 0x93, 0xd6, 0x65, 0xff,
    0x93, 0xd7, 0x66, 0xff, 0x92, 0xd8, 0x66, 0xff, 0x93, 0xda, 0x66, 0xff, 0x96, 0xdd, 0x6a, 0xff, 0x9a, 0xe3, 0x6e, 0xff, 0x9d, 0xe7, 0x73, 0xff,
    0x9c, 0xe7, 0x74, 0xfd, 0x9e, 0xef, 0x79, 0xec, 0xa4, 0xf7, 0x7e, 0xce, 0xa6, 0xf9, 0x7f, 0x98, 0x99, 0xea, 0x75, 0x55, 0x66, 0x99, 0x33, 0x19,
    0x00, 0x00, 0x00, 0x00, 0x00, 0x00, 0x00, 0x00, 0x00, 0x00, 0x00, 0x00, 0xaa, 0xaa, 0x55, 0x03, 0x00, 0x00, 0x00, 0x00, 0x00, 0x00, 0x00, 0x00,
    0x00, 0x00, 0x00, 0x00, 0x00, 0x00, 0x00, 0x00, 0x00, 0x00, 0x00, 0x00, 0x00, 0x00, 0x00, 0x00, 0x00, 0x00, 0x00, 0x00, 0x00, 0x00, 0x00, 0x00,
    0x00, 0x00, 0x00, 0x00, 0x00, 0x00, 0x00, 0x00, 0x00, 0x00, 0x00, 0x00, 0x00, 0x00, 0x00, 0x00, 0x00, 0x00, 0x00, 0x00, 0x00, 0x00, 0x00, 0x00,
    0x00, 0x00, 0x00, 0x00, 0x00, 0x00, 0x00, 0x00, 0x00, 0x00, 0x00, 0x00, 0x00, 0x00, 0x00, 0x00, 0x00, 0x00, 0x00, 0x00, 0x00, 0x00, 0x00, 0x00,
    0x00, 0x00, 0x00, 0x00, 0x00, 0x00, 0x00, 0x00, 0x00, 0x00, 0x00, 0x00, 0x00, 0x00, 0x00, 0x00, 0x00, 0x00, 0x00, 0x00, 0x00, 0x00, 0x00, 0x00,
    0x00, 0x00, 0x00, 0x00, 0x00, 0x00, 0x00, 0x00, 0x00, 0x00, 0x00, 0x00, 0x00, 0x00, 0x00, 0x00, 0x00, 0x00, 0x00, 0x00, 0x00, 0x00, 0x00, 0x00,
    0x00, 0x00, 0x00, 0x00, 0x00, 0x00, 0x00, 0x00, 0xaa, 0xaa, 0x55, 0x03, 0xff, 0xff, 0xff, 0x02, 0x00, 0x00, 0x00, 0x00, 0x00, 0x00, 0x00, 0x00,
    0x00, 0x00, 0x00, 0x00, 0x00, 0x00, 0x00, 0x00, 0x68, 0xa2, 0x45, 0x16, 0x87, 0xd0, 0x62, 0x31, 0x95, 0xe1, 0x70, 0x46, 0x9b, 0xed, 0x78, 0x57,
    0x9f, 0xef, 0x79, 0x65, 0x9c, 0xf0, 0x77, 0x6d, 0x9c, 0xee, 0x77, 0x6f, 0x9b, 0xec, 0x75, 0x71, 0x9d, 0xf1, 0x76, 0x6e, 0x9c, 0xf0, 0x77, 0x6d,
    0x9c, 0xee, 0x77, 0x6f, 0x9b, 0xef, 0x77, 0x71, 0x9c, 0xf1, 0x79, 0x6f, 0x9e, 0xf1, 0x79, 0x6f, 0x9f, 0xf1, 0x78, 0x6e, 0x9d, 0xf1, 0x76, 0x6e,
    0x9b, 0xee, 0x76, 0x6e, 0x9d, 0xf1, 0x78, 0x6e, 0x9b, 0xef, 0x77, 0x71, 0x9d, 0xf1, 0x78, 0x70, 0x9d, 0xf1, 0x76, 0x70, 0x9c, 0xf1, 0x77, 0x6f,
    0x9d, 0xf1, 0x78, 0x6e, 0x9d, 0xf1, 0x76, 0x6e, 0x9a, 0xef, 0x76, 0x70, 0x9a, 0xec, 0x76, 0x70, 0x9a, 0xef, 0x76, 0x70, 0x9d, 0xf1, 0x76, 0x70,
    0x9c, 0xf0, 0x77, 0x6d, 0x9b, 0xee, 0x76, 0x6e, 0x9a, 0xf0, 0x77, 0x6d, 0x9c, 0xf0, 0x77, 0x6d, 0x9a, 0xf0, 0x77, 0x6d, 0x9b, 0xee, 0x76, 0x6e,
    0x9c, 0xee, 0x77, 0x6f, 0x9e, 0xf1, 0x77, 0x6f, 0x9d, 0xef, 0x76, 0x70, 0x9b, 0xf1, 0x78, 0x6e, 0x9b, 0xee, 0x76, 0x6e, 0x9c, 0xee, 0x77, 0x6f,
    0x9c, 0xee, 0x77, 0x6f, 0x9d, 0xf1, 0x78, 0x6e, 0x9c, 0xee, 0x77, 0x6f, 0x9b, 0xee, 0x76, 0x6e, 0x9d, 0xef, 0x76, 0x70, 0x9d, 0xf1, 0x78, 0x70,
    0x9c, 0xee, 0x77, 0x6f, 0x9f, 0xf1, 0x7a, 0x6e, 0x9d, 0xf1, 0x78, 0x70, 0x9d, 0xf1, 0x78, 0x6e, 0x9c, 0xee, 0x77, 0x6f, 0x9f, 0xf1, 0x7a, 0x6e,
    0x9f, 0xf3, 0x79, 0x6d, 0x9c, 0xf1, 0x77, 0x6f, 0x9d, 0xf1, 0x78, 0x70, 0x9d, 0xef, 0x76, 0x70, 0x9d, 0xf1, 0x78, 0x6e, 0x9b, 0xf1, 0x76, 0x6e,
    0x9a, 0xee, 0x74, 0x6d, 0x9b, 0xed, 0x74, 0x67, 0x98, 0xeb, 0x74, 0x5c, 0x95, 0xe5, 0x6d, 0x46, 0x88, 0xd5, 0x64, 0x2b, 0x66, 0x99, 0x3f, 0x14,
    0x00, 0x00, 0x00, 0x00, 0x00, 0x00, 0x00, 0x00, 0x00, 0x00, 0x00, 0x00, 0x00, 0x00, 0x00, 0x00, 0xaa, 0xff, 0xaa, 0x03, 0xaa, 0xaa, 0x55, 0x03,
    0x00, 0x00, 0x00, 0x00, 0x00, 0x00, 0x00, 0x00, 0x00, 0x00, 0x00, 0x00, 0x00, 0x00, 0x00, 0x00, 0x00, 0x00, 0x00, 0x00, 0x00, 0x00, 0x00, 0x00,
    0x00, 0x00, 0x00, 0x00, 0x00, 0x00, 0x00, 0x00, 0x00, 0x00, 0x00, 0x00, 0x00, 0x00, 0x00, 0x00, 0x00, 0x00, 0x00, 0x00, 0x00, 0x00, 0x00, 0x00,
    0x00, 0x00, 0x00, 0x00, 0x00, 0x00, 0x00, 0x00, 0x00, 0x00, 0x00, 0x00, 0x00, 0x00, 0x00, 0x00, 0x00, 0x00, 0x00, 0x00, 0x00, 0x00, 0x00, 0x00,
    0x00, 0x00, 0x00, 0x00, 0x00, 0x00, 0x00, 0x00, 0x00, 0x00, 0x00, 0x00, 0x00, 0x00, 0x00, 0x00, 0x00, 0x00, 0x00, 0x00, 0x00, 0x00, 0x00, 0x00,
    0x00, 0x00, 0x00, 0x00, 0x00, 0x00, 0x00, 0x00, 0x00, 0x00, 0x00, 0x00, 0x00, 0x00, 0x00, 0x00, 0x00, 0x00, 0x00, 0x00, 0x00, 0x00, 0x00, 0x00,
    0x00, 0x00, 0x00, 0x00, 0x00, 0x00, 0x00, 0x00, 0x00, 0x00, 0x00, 0x00, 0x00, 0x00, 0x00, 0x00, 0x00, 0x00, 0x00, 0x00, 0x00, 0x00, 0x00, 0x00,
    0x00, 0x00, 0x00, 0x00, 0x00, 0x00, 0x00, 0x00, 0xff, 0xff, 0xff, 0x01, 0x7f, 0xbf, 0x7f, 0x04, 0xaa, 0xff, 0xaa, 0x03, 0x00, 0x00, 0x00, 0x00,
    0x00, 0x00, 0x00, 0x00, 0x00, 0x00, 0x00, 0x00, 0x00, 0x00, 0x00, 0x00, 0x00, 0x00, 0x00, 0x00, 0x00, 0x00, 0x00, 0x00, 0x00, 0x00, 0x00, 0x00,
    0x00, 0x00, 0x00, 0x00, 0x00, 0x00, 0x00, 0x00, 0x00, 0x00, 0x00, 0x00, 0x00, 0x00, 0x00, 0x00, 0x00, 0x00, 0x00, 0x00, 0x00, 0x00, 0x00, 0x00,
    0x00, 0x00, 0x00, 0x00, 0x00, 0x00, 0x00, 0x00, 0x00, 0x00, 0x00, 0x00, 0x00, 0x00, 0x00, 0x00, 0x00, 0x00, 0x00, 0x00, 0x00, 0x00, 0x00, 0x00,
    0x00, 0x00, 0x00, 0x00, 0x00, 0x00, 0x00, 0x00, 0x00, 0x00, 0x00, 0x00, 0x00, 0x00, 0x00, 0x00, 0x00, 0x00, 0x00, 0x00, 0x00, 0x00, 0x00, 0x00,
    0x00, 0x00, 0x00, 0x00, 0x00, 0x00, 0x00, 0x00, 0x00, 0x00, 0x00, 0x00, 0x00, 0x00, 0x00, 0x00, 0x00, 0x00, 0x00, 0x00, 0x00, 0x00, 0x00, 0x00,
    0x00, 0x00, 0x00, 0x00, 0x00, 0x00, 0x00, 0x00, 0x00, 0x00, 0x00, 0x00, 0x00, 0x00, 0x00, 0x00, 0x00, 0x00, 0x00, 0x00, 0x00, 0x00, 0x00, 0x00,
    0x00, 0x00, 0x00, 0x00, 0x00, 0x00, 0x00, 0x00, 0x00, 0x00, 0x00, 0x00, 0x00, 0x00, 0x00, 0x00, 0x00, 0x00, 0x00, 0x00, 0x00, 0x00, 0x00, 0x00,
    0x00, 0x00, 0x00, 0x00, 0x00, 0x00, 0x00, 0x00, 0x00, 0x00, 0x00, 0x00, 0x00, 0x00, 0x00, 0x00, 0x00, 0x00, 0x00, 0x00, 0x00, 0x00, 0x00, 0x00,
    0x00, 0x00, 0x00, 0x00, 0x00, 0x00, 0x00, 0x00, 0x00, 0x00, 0x00, 0x00, 0x00, 0x00, 0x00, 0x00, 0x00, 0x00, 0x00, 0x00, 0x00, 0x00, 0x00, 0x00,
    0x00, 0x00, 0x00, 0x00, 0x00, 0x00, 0x00, 0x00, 0x00, 0x00, 0x00, 0x00, 0x00, 0x00, 0x00, 0x00, 0x00, 0x00, 0x00, 0x00, 0x00, 0x00, 0x00, 0x00,
    0x00, 0x00, 0x00, 0x00, 0x00, 0x00, 0x00, 0x00, 0x00, 0x00, 0x00, 0x00, 0x00, 0x00, 0x00, 0x00, 0x00, 0x00, 0x00, 0x00, 0xbf, 0xff, 0x7f, 0x04,
    0xaa, 0xff, 0xaa, 0x03, 0xff, 0xff, 0x00, 0x01, 0x00, 0x00, 0x00, 0x00, 0x00, 0x00, 0x00, 0x00, 0x00, 0x00, 0x00, 0x00, 0x00, 0x00, 0x00, 0x00,
    0x00, 0x00, 0x00, 0x00, 0x00, 0x00, 0x00, 0x00, 0x00, 0x00, 0x00, 0x00, 0x00, 0x00, 0x00, 0x00, 0x00, 0x00, 0x00, 0x00, 0x00, 0x00, 0x00, 0x00,
    0x00, 0x00, 0x00, 0x00, 0x00, 0x00, 0x00, 0x00, 0x00, 0x00, 0x00, 0x00, 0x00, 0x00, 0x00, 0x00, 0x00, 0x00, 0x00, 0x00, 0x00, 0x00, 0x00, 0x00,
    0x00, 0x00, 0x00, 0x00, 0x00, 0x00, 0x00, 0x00, 0x00, 0x00, 0x00, 0x00, 0x00, 0x00, 0x00, 0x00, 0x00, 0x00, 0x00, 0x00, 0x00, 0x00, 0x00, 0x00,
    0x00, 0x00, 0x00, 0x00, 0x00, 0x00, 0x00, 0x00, 0x00, 0x00, 0x00, 0x00, 0x00, 0x00, 0x00, 0x00, 0x00, 0x00, 0x00, 0x00, 0x00, 0x00, 0x00, 0x00,
    0x00, 0x00, 0x00, 0x00, 0x00, 0x00, 0x00, 0x00, 0x00, 0x00, 0x00, 0x00, 0x00, 0x00, 0x00, 0x00, 0x00, 0x00, 0x00, 0x00, 0x00, 0x00, 0x00, 0x00,
    0x00, 0x00, 0x00, 0x00, 0x00, 0x00, 0x00, 0x00, 0x00, 0x00, 0x00, 0x00, 0x00, 0x00, 0x00, 0x00, 0x00, 0x00, 0x00, 0x00, 0x00, 0x00, 0x00, 0x00,
    0x00, 0x00, 0x00, 0x00, 0x00, 0x00, 0x00, 0x00, 0x00, 0x00, 0x00, 0x00, 0x00, 0x00, 0x00, 0x00, 0xff, 0xff, 0x00, 0x01, 0x7f, 0xff, 0x7f, 0x02,
    0xaa, 0xff, 0x55, 0x03, 0x7f, 0xbf, 0x7f, 0x04, 0x7f, 0xff, 0x7f, 0x04, 0x7f, 0xff, 0x7f, 0x04, 0x7f, 0xff, 0x7f, 0x04, 0x7f, 0xff, 0x7f, 0x04,
    0x7f, 0xff, 0x7f, 0x04, 0x7f, 0xff, 0x7f, 0x04, 0x7f, 0xff, 0x7f, 0x04, 0x7f, 0xff, 0x7f, 0x04, 0x7f, 0xff, 0x7f, 0x04, 0x7f, 0xff, 0x7f, 0x04,
    0x7f, 0xff, 0x7f, 0x04, 0x7f, 0xff, 0x7f, 0x04, 0x7f, 0xff, 0x7f, 0x04, 0x7f, 0xff, 0x7f, 0x04, 0x7f, 0xff, 0x7f, 0x04, 0x7f, 0xff, 0x7f, 0x04,
    0x7f, 0xff, 0x7f, 0x04, 0x7f, 0xff, 0x7f, 0x04, 0x7f, 0xff, 0x7f, 0x04, 0x7f, 0xff, 0x7f, 0x04, 0x7f, 0xff, 0x7f, 0x04, 0x7f, 0xff, 0x7f, 0x04,
    0x7f, 0xff, 0x7f, 0x04, 0x7f, 0xff, 0x7f, 0x04, 0x7f, 0xff, 0x7f, 0x04, 0x7f, 0xff, 0x7f, 0x04, 0x7f, 0xff, 0x7f, 0x04, 0x7f, 0xff, 0x7f, 0x04,
    0x7f, 0xff, 0x7f, 0x04, 0x7f, 0xff, 0x7f, 0x04, 0x7f, 0xff, 0x7f, 0x04, 0x7f, 0xff, 0x7f, 0x04, 0x7f, 0xff, 0x7f, 0x04, 0x7f, 0xff, 0x7f, 0x04,
    0x7f, 0xff, 0x7f, 0x04, 0x7f, 0xff, 0x7f, 0x04, 0x7f, 0xff, 0x7f, 0x04, 0x7f, 0xff, 0x7f, 0x04, 0x7f, 0xff, 0x7f, 0x04, 0x7f, 0xff, 0x7f, 0x04,
    0x7f, 0xff, 0x7f, 0x04, 0x7f, 0xff, 0x7f, 0x04, 0x7f, 0xff, 0x7f, 0x04, 0x7f, 0xff, 0x7f, 0x04, 0x7f, 0xff, 0x7f, 0x04, 0x7f, 0xff, 0x7f, 0x04,
    0x7f, 0xff, 0x7f, 0x04, 0x7f, 0xff, 0x7f, 0x04, 0x7f, 0xff, 0x7f, 0x04, 0x7f, 0xff, 0x7f, 0x04, 0x7f, 0xff, 0x7f, 0x04, 0x7f, 0xff, 0x7f, 0x04,
    0x7f, 0xff, 0x7f, 0x04, 0x7f, 0xff, 0x7f, 0x04, 0x7f, 0xff, 0x7f, 0x04, 0x7f, 0xff, 0x7f, 0x04, 0x7f, 0xbf, 0x7f, 0x04, 0xaa, 0xff, 0x55, 0x03,
    0x7f, 0xff, 0x7f, 0x02, 0xff, 0xff, 0x00, 0x01, 0x00, 0x00, 0x00, 0x00, 0x00, 0x00, 0x00, 0x00, 0x00, 0x00, 0x00, 0x00, 0x00, 0x00, 0x00, 0x00,
    0x00, 0x00, 0x00, 0x00, 0x00, 0x00, 0x00, 0x00, 0x00, 0x00, 0x00, 0x00, 0x00, 0x00, 0x00, 0x00, 0x00, 0x00, 0x00, 0x00, 0x00, 0x00, 0x00, 0x00,
    0x00, 0x00, 0x00, 0x00, 0x00, 0x00, 0x00, 0x00, 0x00, 0x00, 0x00, 0x00, 0x00, 0x00, 0x00, 0x00, 0x00, 0x00, 0x00, 0x00, 0x00, 0x00, 0x00, 0x00,
    0x00, 0x00, 0x00, 0x00, 0x00, 0x00, 0x00, 0x00, 0x00, 0x00, 0x00, 0x00, 0x00, 0x00, 0x00, 0x00, 0x00, 0x00, 0x00, 0x00, 0x00, 0x00, 0x00, 0x00,
    0x00, 0x00, 0x00, 0x00, 0x00, 0x00, 0x00, 0x00, 0x00, 0x00, 0x00, 0x00, 0x00, 0x00, 0x00, 0x00, 0x00, 0x00, 0x00, 0x00, 0x00, 0x00, 0x00, 0x00,
    0x00, 0x00, 0x00, 0x00, 0x00, 0x00, 0x00, 0x00, 0x00, 0x00, 0x00, 0x00, 0x00, 0x00, 0x00, 0x00, 0x00, 0x00, 0x00, 0x00, 0x00, 0x00, 0x00, 0x00,
    0x00, 0x00, 0x00, 0x00, 0x00, 0x00, 0x00, 0x00, 0x00, 0x00, 0x00, 0x00, 0x00, 0x00, 0x00, 0x00, 0x00, 0x00, 0x00, 0x00, 0x00, 0x00, 0x00, 0x00,
    0x00, 0x00, 0x00, 0x00, 0x00, 0x00, 0x00, 0x00, 0x00, 0x00, 0x00, 0x00, 0x00, 0x00, 0x00, 0x00, 0x00, 0x00, 0x00, 0x00, 0x00, 0x00, 0x00, 0x00,
    0x00, 0x00, 0x00, 0x00, 0x00, 0x00, 0x00, 0x00, 0x00, 0x00, 0x00, 0x00, 0x00, 0x00, 0x00, 0x00, 0x00, 0x00, 0x00, 0x00, 0x00, 0x00, 0x00, 0x00,
    0x00, 0x00, 0x00, 0x00, 0x00, 0x00, 0x00, 0x00, 0x00, 0x00, 0x00, 0x00, 0x00, 0x00, 0x00, 0x00, 0x00, 0x00, 0x00, 0x00, 0x00, 0x00, 0x00, 0x00,
    0x00, 0x00, 0x00, 0x00, 0x00, 0x00, 0x00, 0x00, 0x00, 0x00, 0x00, 0x00, 0x00, 0x00, 0x00, 0x00, 0x00, 0x00, 0x00, 0x00, 0x00, 0x00, 0x00, 0x00,
    0x00, 0x00, 0x00, 0x00, 0x00, 0x00, 0x00, 0x00, 0x00, 0x00, 0x00, 0x00, 0x00, 0x00, 0x00, 0x00, 0x00, 0x00, 0x00, 0x00, 0x00, 0x00, 0x00, 0x00,
    0x00, 0x00, 0x00, 0x00, 0x00, 0x00, 0x00, 0x00, 0x00, 0x00, 0x00, 0x00, 0x00, 0x00, 0x00, 0x00, 0x00, 0x00, 0x00, 0x00, 0x00, 0x00, 0x00, 0x00,
    0x00, 0x00, 0x00, 0x00, 0x00, 0x00, 0x00, 0x00, 0x00, 0x00, 0x00, 0x00, 0x00, 0x00, 0x00, 0x00, 0x00, 0x00, 0x00, 0x00, 0x00, 0x00, 0x00, 0x00,
    0x00, 0x00, 0x00, 0x00, 0x00, 0x00, 0x00, 0x00, 0x00, 0x00, 0x00, 0x00, 0x00, 0x00, 0x00, 0x00, 0x00, 0x00, 0x00, 0x00, 0x00, 0x00, 0x00, 0x00,
    0x00, 0x00, 0x00, 0x00, 0x00, 0x00, 0x00, 0x00, 0x00, 0x00, 0x00, 0x00, 0x00, 0x00, 0x00, 0x00, 0x00, 0x00, 0x00, 0x00, 0x00, 0x00, 0x00, 0x00,
    0x00, 0x00, 0x00, 0x00, 0x00, 0x00, 0x00, 0x00, 0x00, 0x00, 0x00, 0x00, 0x00, 0x00, 0x00, 0x00, 0x00, 0x00, 0x00, 0x00, 0x00, 0x00, 0x00, 0x00,
    0x00, 0x00, 0x00, 0x00, 0x00, 0x00, 0x00, 0x00, 0x00, 0x00, 0x00, 0x00, 0x00, 0x00, 0x00, 0x00, 0x00, 0x00, 0x00, 0x00, 0x00, 0x00, 0x00, 0x00,
    0x00, 0x00, 0x00, 0x00, 0x00, 0x00, 0x00, 0x00, 0x00, 0x00, 0x00, 0x00, 0x00, 0x00, 0x00, 0x00, 0x00, 0x00, 0x00, 0x00, 0x00, 0x00, 0x00, 0x00,
    0x00, 0x00, 0x00, 0x00, 0x00, 0x00, 0x00, 0x00, 0x00, 0x00, 0x00, 0x00, 0x00, 0x00, 0x00, 0x00, 0x00, 0x00, 0x00, 0x00, 0x00, 0x00, 0x00, 0x00,
    0x00, 0x00, 0x00, 0x00, 0x00, 0x00, 0x00, 0x00, 0x00, 0x00, 0x00, 0x00, 0x00, 0x00, 0x00, 0x00, 0x00, 0x00, 0x00, 0x00, 0x00, 0x00, 0x00, 0x00,
    0x00, 0x00, 0x00, 0x00, 0x00, 0x00, 0x00, 0x00, 0x00, 0x00, 0x00, 0x00, 0x00, 0x00, 0x00, 0x00, 0x00, 0x00, 0x00, 0x00, 0x00, 0x00, 0x00, 0x00,
    0x00, 0x00, 0x00, 0x00, 0x00, 0x00, 0x00, 0x00, 0x00, 0x00, 0x00, 0x00, 0x00, 0x00, 0x00, 0x00, 0x00, 0x00, 0x00, 0x00, 0x00, 0x00, 0x00, 0x00,
    0x00, 0x00, 0x00, 0x00, 0x00, 0x00, 0x00, 0x00, 0x00, 0x00, 0x00, 0x00, 0x00, 0x00, 0x00, 0x00, 0x00, 0x00, 0x00, 0x00, 0x00, 0x00, 0x00, 0x00,
    0x00, 0x00, 0x00, 0x00, 0x00, 0x00, 0x00, 0x00, 0x00, 0x00, 0x00, 0x00, 0x00, 0x00, 0x00, 0x00, 0x00, 0x00, 0x00, 0x00, 0x00, 0x00, 0x00, 0x00,
    0x00, 0x00, 0x00, 0x00, 0x00, 0x00, 0x00, 0x00, 0x00, 0x00, 0x00, 0x00, 0x00, 0x00, 0x00, 0x00, 0x00, 0x00, 0x00, 0x00, 0x00, 0x00, 0x00, 0x00,
    0x00, 0x00, 0x00, 0x00, 0x00, 0x00, 0x00, 0x00, 0x00, 0x00, 0x00, 0x00, 0x00, 0x00, 0x00, 0x00, 0x00, 0x00, 0x00, 0x00, 0x00, 0x00, 0x00, 0x00,
    0x00, 0x00, 0x00, 0x00, 0x00, 0x00, 0x00, 0x00, 0x00, 0x00, 0x00, 0x00, 0x00, 0x00, 0x00, 0x00, 0x00, 0x00, 0x00, 0x00, 0x00, 0x00, 0x00, 0x00,
    0x00, 0x00, 0x00, 0x00, 0x00, 0x00, 0x00, 0x00, 0x00, 0x00, 0x00, 0x00, 0x00, 0x00, 0x00, 0x00, 0x00, 0x00, 0x00, 0x00, 0x00, 0x00, 0x00, 0x00,
    0x00, 0x00, 0x00, 0x00, 0x00, 0x00, 0x00, 0x00, 0x00, 0x00, 0x00, 0x00, 0x00, 0x00, 0x00, 0x00, 0x00, 0x00, 0x00, 0x00, 0x00, 0x00, 0x00, 0x00,
    0x00, 0x00, 0x00, 0x00, 0x00, 0x00, 0x00, 0x00, 0x00, 0x00, 0x00, 0x00, 0x00, 0x00, 0x00, 0x00, 0x00, 0x00, 0x00, 0x00, 0x00, 0x00, 0x00, 0x00,
    0x00, 0x00, 0x00, 0x00, 0x00, 0x00, 0x00, 0x00, 0x00, 0x00, 0x00, 0x00, 0x00, 0x00, 0x00, 0x00, 0x00, 0x00, 0x00, 0x00, 0x00, 0x00, 0x00, 0x00,
    0x00, 0x00, 0x00, 0x00, 0x00, 0x00, 0x00, 0x00, 0x00, 0x00, 0x00, 0x00, 0x00, 0x00, 0x00, 0x00, 0x00, 0x00, 0x00, 0x00, 0x00, 0x00, 0x00, 0x00,
    0x00, 0x00, 0x00, 0x00, 0x00, 0x00, 0x00, 0x00, 0x00, 0x00, 0x00, 0x00, 0x00, 0x00, 0x00, 0x00, 0x00, 0x00, 0x00, 0x00, 0x00, 0x00, 0x00, 0x00,
    0x00, 0x00, 0x00, 0x00, 0x00, 0x00, 0x00, 0x00, 0x00, 0x00, 0x00, 0x00, 0x00, 0x00, 0x00, 0x00, 0x00, 0x00, 0x00, 0x00, 0x00, 0x00, 0x00, 0x00,
    0x00, 0x00, 0x00, 0x00, 0x00, 0x00, 0x00, 0x00, 0x00, 0x00, 0x00, 0x00, 0x00, 0x00, 0x00, 0x00, 0x00, 0x00, 0x00, 0x00, 0x00, 0x00, 0x00, 0x00,
    0x00, 0x00, 0x00, 0x00, 0x00, 0x00, 0x00, 0x00, 0x00, 0x00, 0x00, 0x00, 0x00, 0x00, 0x00, 0x00, 0x00, 0x00, 0x00, 0x00, 0x00, 0x00, 0x00, 0x00,
    0x00, 0x00, 0x00, 0x00, 0x00, 0x00, 0x00, 0x00, 0x00, 0x00, 0x00, 0x00, 0x00, 0x00, 0x00, 0x00, 0x00, 0x00, 0x00, 0x00, 0x00, 0x00, 0x00, 0x00,
    0x00, 0x00, 0x00, 0x00, 0x00, 0x00, 0x00, 0x00, 0x00, 0x00, 0x00, 0x00, 0x00, 0x00, 0x00, 0x00, 0x00, 0x00, 0x00, 0x00, 0x00, 0x00, 0x00, 0x00,
    0x00, 0x00, 0x00, 0x00, 0x00, 0x00, 0x00, 0x00, 0x00, 0x00, 0x00, 0x00, 0x00, 0x00, 0x00, 0x00, 0x00, 0x00, 0x00, 0x00, 0x00, 0x00, 0x00, 0x00,
    0x00, 0x00, 0x00, 0x00, 0x00, 0x00, 0x00, 0x00, 0x00, 0x00, 0x00, 0x00, 0x00, 0x00, 0x00, 0x00, 0x00, 0x00, 0x00, 0x00, 0x00, 0x00, 0x00, 0x00,
    0x00, 0x00, 0x00, 0x00, 0x00, 0x00, 0x00, 0x00, 0x00, 0x00, 0x00, 0x00, 0x00, 0x00, 0x00, 0x00,
};

const lv_image_dsc_t img_app_vibe = {
    .header.cf = LV_COLOR_FORMAT_ARGB8888,
    .header.magic = LV_IMAGE_HEADER_MAGIC,
    .header.w = 112,
    .header.h = 112,
    .header.stride = 112 * 4,
    .data_size = sizeof(img_app_vibe_map),
    .data = img_app_vibe_map,
};
